,,,,,,,Playing Time,Playing Time,Playing Time,Playing Time,Performance,Performance,Performance,Performance,Performance,Performance,Performance,Performance,Per 90 Minutes,Per 90 Minutes,Per 90 Minutes,Per 90 Minutes,Per 90 Minutes,,-additional
Rk,Player,Nation,Pos,Squad,Age,Born,MP,Starts,Min,90s,Gls,Ast,G+A,G-PK,PK,PKatt,CrdY,CrdR,Gls,Ast,G+A,G-PK,G+A-PK,Matches,-9999
1,Tristan Abrahams,eng ENG,FWMF,Maidenhead,25,1998,41,32,2844,31.6,11,8,19,10,1,1,9,1,0.35,0.25,0.60,0.32,0.57,Matches,cfd667ae
2,Ben Acquaye,eng ENG,MF,Tamworth,24,1999,12,9,843,9.4,1,0,1,1,0,0,7,0,0.11,0.00,0.11,0.11,0.11,Matches,61343a8f
3,Jacob Adams,,GK,Wealdstone FC,,,4,2,319,3.5,0,0,0,0,0,0,0,0,0.00,0.00,0.00,0.00,0.00,Matches,8f910eb1
4,Tobi Adebayo-Rowling,eng ENG,MFDF,Rochdale,27,1996,39,36,3201,35.6,1,9,10,1,0,0,4,0,0.03,0.25,0.28,0.03,0.28,Matches,a60a16ce
5,Oluwalopemiwa Aderoju,,FW,Boston United,,,22,8,846,9.4,1,2,3,1,0,0,1,0,0.11,0.21,0.32,0.11,0.32,Matches,6402ac70
6,Jason Adigun,eng ENG,MF,Dag & Red,20,2003,1,0,4,0.0,0,0,0,0,0,0,0,0,0.00,0.00,0.00,0.00,0.00,Matches,037dfa32
7,Kain Adom,,MFFW,Gateshead,,,22,7,787,8.7,1,0,1,1,0,0,1,0,0.11,0.00,0.11,0.11,0.11,Matches,e532e0a9
8,Kain Adom,,FWMF,Fylde,,,6,0,134,1.5,0,0,0,0,0,0,0,0,0.00,0.00,0.00,0.00,0.00,Matches,e532e0a9
9,Kain Adom,,MFFW,Sutton United,,,7,6,385,4.3,0,0,0,0,0,0,0,0,0.00,0.00,0.00,0.00,0.00,Matches,e532e0a9
10,Daniel Adshead,eng ENG,MFFW,Boston United,22,2001,3,2,111,1.2,0,0,0,0,0,0,0,0,0.00,0.00,0.00,0.00,0.00,Matches,8f817fc7
11,Michael Adu-Poku,eng ENG,MFDF,Rochdale,18,2005,7,4,372,4.1,0,0,0,0,0,0,0,0,0.00,0.00,0.00,0.00,0.00,Matches,e47141d7
12,Michael Adu-Poku,eng ENG,MFFW,Solihull Moors,18,2005,11,11,898,10.0,1,1,2,1,0,0,1,0,0.10,0.10,0.20,0.10,0.20,Matches,e47141d7
13,Edwin Agbaje,ie IRL,DF,Sutton United,20,2004,1,1,44,0.5,0,0,0,0,0,0,0,0,0.00,0.00,0.00,0.00,0.00,Matches,ea57b8f4
14,Ricky Aguiar,eng ENG,MFDF,York City,23,2001,30,18,1425,15.8,2,1,3,2,0,0,3,0,0.13,0.06,0.19,0.13,0.19,Matches,81ef747a
15,David Ajiboye,eng ENG,MF,York City,25,1998,7,5,436,4.8,1,0,1,1,0,0,0,0,0.21,0.00,0.21,0.21,0.21,Matches,5b1e9f24
16,Joseph Ajose,eng ENG,MF,Maidenhead,23,2001,16,4,401,4.5,1,1,2,1,0,0,0,0,0.22,0.22,0.45,0.22,0.45,Matches,eeccc57d
17,John Akinde,eng ENG,FWMF,Braintree Town,35,1989,40,28,2559,28.4,10,4,14,6,4,4,12,1,0.35,0.14,0.49,0.21,0.35,Matches,93a09a47
18,Olatunji Akinola,eng ENG,MFDF,Woking,25,1998,40,37,3202,35.6,2,0,2,2,0,0,8,0,0.06,0.00,0.06,0.06,0.06,Matches,f148e802
19,Tim Akinola,eng ENG,MF,Solihull Moors,23,2001,2,2,142,1.6,0,0,0,0,0,0,1,0,0.00,0.00,0.00,0.00,0.00,Matches,e8cd04a6
20,Tim Akinola,eng ENG,MF,Gateshead,23,2001,6,6,464,5.2,1,0,1,1,0,0,0,0,0.19,0.00,0.19,0.19,0.19,Matches,e8cd04a6
21,Tim Akinola,eng ENG,MFDF,Dag & Red,23,2001,5,2,237,2.6,0,0,0,0,0,0,0,0,0.00,0.00,0.00,0.00,0.00,Matches,e8cd04a6
22,Dipo Akinyemi,eng ENG,MFFW,York City,27,1997,25,11,1242,13.8,4,5,9,4,0,0,3,0,0.29,0.36,0.65,0.29,0.65,Matches,9a7614d9
23,Ashley Akpan,eng ENG,MFDF,Aldershot Town,20,2004,17,16,1450,16.1,1,3,4,1,0,0,1,0,0.06,0.19,0.25,0.06,0.25,Matches,7c31a4b4
24,Ody Alfa,ng NGA,FW,Rochdale,25,1999,3,0,31,0.3,0,0,0,0,0,0,0,0,0.00,0.00,0.00,0.00,0.00,Matches,e79de0cc
25,Adam Alimi-Adetoro,ie IRL,DFMF,FC Halifax Town,22,2002,36,29,2642,29.4,2,1,3,2,0,0,12,0,0.07,0.03,0.10,0.07,0.10,Matches,3a81c5ee
26,Thomas Allan,eng ENG,FWMF,Gateshead,24,1999,12,6,524,5.8,0,0,0,0,0,0,1,1,0.00,0.00,0.00,0.00,0.00,Matches,e95726c1
27,Tarryn Allarakhia,tz TAN,MFFW,Rochdale,26,1997,42,34,2852,31.7,4,5,9,4,0,0,5,0,0.13,0.16,0.28,0.13,0.28,Matches,81db2ca6
28,Luca Alonzi,eng ENG,FW,Boston United,16,2008,1,0,36,0.4,0,0,0,0,0,0,1,0,0.00,0.00,0.00,0.00,0.00,Matches,d9fb392c
29,Justin Amaluzor,eng ENG,MFFW,Altrincham,27,1996,29,25,2040,22.7,4,2,6,4,0,0,4,1,0.18,0.09,0.26,0.18,0.26,Matches,b3f78f19
30,Francis Amartey,eng ENG,FW,Braintree Town,25,1999,1,0,8,0.1,0,0,0,0,0,0,0,0,0.00,0.00,0.00,0.00,0.00,Matches,8b806366
31,Collin Andeng-Ndi,cm CMR,GK,Southend United,20,2003,24,23,2060,22.9,0,0,0,0,0,0,2,0,0.00,0.00,0.00,0.00,0.00,Matches,4012d509
32,Jermaine Anderson,eng ENG,MF,Woking,28,1996,26,13,1073,11.9,1,0,1,1,0,0,7,0,0.08,0.00,0.08,0.08,0.08,Matches,97d9a4df
33,Keane Anderson,eng ENG,MF,Aldershot Town,20,2003,9,7,584,6.5,0,0,0,0,0,0,1,0,0.00,0.00,0.00,0.00,0.00,Matches,ed53f476
34,Jamie Andrews,eng ENG,MF,Woking,21,2002,43,37,3370,37.4,1,2,3,1,0,0,6,0,0.03,0.05,0.08,0.03,0.08,Matches,cbb8faac
35,Louie Annesley,gi GIB,DFMF,Braintree Town,24,2000,42,42,3635,40.4,2,1,3,2,0,0,8,0,0.05,0.02,0.07,0.05,0.07,Matches,88ddc295
36,Caleb Ansen,eng ENG,GK,Altrincham,18,2005,12,11,999,11.1,0,0,0,0,0,0,1,0,0.00,0.00,0.00,0.00,0.00,Matches,5be1a1f3
37,Elijah Anthony,eng ENG,DF,Ebbsfleet United,20,2004,1,0,40,0.4,0,0,0,0,0,0,1,0,0.00,0.00,0.00,0.00,0.00,Matches,247120d2
38,Alex Aoraha,iq IRQ,MFFW,Ebbsfleet United,21,2003,16,11,922,10.2,0,2,2,0,0,0,2,0,0.00,0.20,0.20,0.00,0.20,Matches,100dc4d3
39,Keenan Appiah-Forson,eng ENG,MFDF,Southend United,22,2001,36,15,1611,17.9,2,1,3,2,0,0,3,0,0.11,0.06,0.17,0.11,0.17,Matches,270c700c
40,Raphael Araoye,eng ENG,DF,Yeovil Town,20,2004,5,2,200,2.2,0,1,1,0,0,0,0,0,0.00,0.45,0.45,0.00,0.45,Matches,1169e5d5
41,Will Armitage,eng ENG,DF,Aldershot Town,19,2005,20,20,1771,19.7,0,1,1,0,0,0,3,0,0.00,0.05,0.05,0.00,0.05,Matches,08d45bf7
42,Finlay Armstrong,eng ENG,MFDF,Rochdale,21,2003,12,2,278,3.1,0,0,0,0,0,0,0,0,0.00,0.00,0.00,0.00,0.00,Matches,746e68ad
43,Marvin Armstrong,eng ENG,MFFW,York City,25,1999,39,30,2431,27.0,4,1,5,4,0,0,4,0,0.15,0.04,0.19,0.15,0.19,Matches,8a6ec36e
44,Steve Arnold,eng ENG,GK,Sutton United,34,1989,14,14,1260,14.0,0,0,0,0,0,0,1,0,0.00,0.00,0.00,0.00,0.00,Matches,8c0d375b
45,Festus Arthur,de GER,DF,FC Halifax Town,23,2001,9,7,558,6.2,0,1,1,0,0,0,1,0,0.00,0.16,0.16,0.00,0.16,Matches,8200275b
46,Sam Ashford,eng ENG,FW,Woking,28,1995,8,7,556,6.2,0,1,1,0,0,0,0,0,0.00,0.16,0.16,0.00,0.16,Matches,9c194ec4
47,Sam Ashford,eng ENG,FWMF,Wealdstone FC,28,1995,28,20,1764,19.6,7,1,8,6,1,1,2,0,0.36,0.05,0.41,0.31,0.36,Matches,9c194ec4
48,Nathan Asiimwe,ug UGA,MFDF,Hartlepool,19,2004,5,4,288,3.2,0,0,0,0,0,0,0,0,0.00,0.00,0.00,0.00,0.00,Matches,90817cad
49,Leon Ayinde,ie IRL,FWMF,Rochdale,19,2004,27,11,974,10.8,2,1,3,2,0,0,0,0,0.18,0.09,0.28,0.18,0.28,Matches,9ac825cb
50,Lewis Baines,eng ENG,DF,Altrincham,25,1998,37,36,3194,35.5,1,0,1,1,0,0,1,0,0.03,0.00,0.03,0.03,0.03,Matches,b06224eb
51,Hazeem Bakre,eng ENG,MF,Dag & Red,18,2005,3,0,78,0.9,0,0,0,0,0,0,0,0,0.00,0.00,0.00,0.00,0.00,Matches,101dfbcf
52,Lanre Balogun,eng ENG,FW,Braintree Town,23,2000,3,0,52,0.6,0,0,0,0,0,0,0,0,0.00,0.00,0.00,0.00,0.00,Matches,15e20e58
53,Lewis Banks,eng ENG,DF,Altrincham,27,1997,44,41,3702,41.1,2,2,4,2,0,0,8,0,0.05,0.05,0.10,0.05,0.10,Matches,2a8cea78
54,Dante Baptiste,eng ENG,GK,Wealdstone FC,22,2002,7,7,630,7.0,0,0,0,0,0,0,1,0,0.00,0.00,0.00,0.00,0.00,Matches,9af37034
55,Finley Barbrook,eng ENG,MF,Sutton United,19,2004,35,34,2930,32.6,2,1,3,2,0,0,12,0,0.06,0.03,0.09,0.06,0.09,Matches,5c957d3e
56,Max Bardell,eng ENG,DF,Fylde,21,2002,26,22,1918,21.3,0,0,0,0,0,0,4,0,0.00,0.00,0.00,0.00,0.00,Matches,c683914c
57,Jack Barham,eng ENG,FW,Aldershot Town,28,1996,44,30,2821,31.3,10,4,14,10,0,0,4,0,0.32,0.13,0.45,0.32,0.45,Matches,eacfb653
58,Aidan Barlow,eng ENG,FWMF,Rochdale,24,2000,26,18,1591,17.7,2,5,7,2,0,0,2,0,0.11,0.28,0.40,0.11,0.40,Matches,d67c87a4
59,Sam Barratt,eng ENG,MF,Maidenhead,28,1995,32,13,1179,13.1,4,2,6,1,3,3,3,0,0.31,0.15,0.46,0.08,0.23,Matches,8506c40f
60,Josh Barrett,ie IRL,FW,Aldershot Town,26,1998,38,33,2538,28.2,16,2,18,16,0,1,7,0,0.57,0.07,0.64,0.57,0.64,Matches,0e1365b3
61,Killian Barrett,ie IRL,GK,Solihull Moors,20,2004,9,9,810,9.0,0,0,0,0,0,0,0,0,0.00,0.00,0.00,0.00,0.00,Matches,236d601c
62,Killian Barrett,ie IRL,GK,Rochdale,20,2004,9,9,810,9.0,0,0,0,0,0,0,0,0,0.00,0.00,0.00,0.00,0.00,Matches,236d601c
63,Mason Barrett,eng ENG,DFMF,Wealdstone FC,24,1999,9,9,699,7.8,0,0,0,0,0,0,1,0,0.00,0.00,0.00,0.00,0.00,Matches,539455f1
64,Ryan Bartley,eng ENG,DF,Gateshead,20,2003,9,6,539,6.0,0,0,0,0,0,0,1,1,0.00,0.00,0.00,0.00,0.00,Matches,b381ce3d
65,Daniel Batty,eng ENG,MFDF,York City,26,1997,41,32,2814,31.3,0,5,5,0,0,0,5,0,0.00,0.16,0.16,0.00,0.16,Matches,96c92a74
66,Harry Beautyman,eng ENG,MFFW,Woking,32,1992,35,29,2620,29.1,10,3,13,5,5,5,8,0,0.34,0.10,0.45,0.17,0.27,Matches,b6623a0a
67,Mark Beck,sct SCO,FWMF,Gateshead,30,1994,14,3,393,4.4,0,0,0,0,0,0,0,0,0.00,0.00,0.00,0.00,0.00,Matches,60d58b05
68,Sam Beckwith,eng ENG,DF,Rochdale,23,2001,45,43,3716,41.3,2,0,2,2,0,0,9,1,0.05,0.00,0.05,0.05,0.05,Matches,d04668f1
69,Jean Belehoua,fr FRA,DF,Gateshead,23,2000,25,16,1717,19.1,0,1,1,0,0,0,1,0,0.00,0.05,0.05,0.00,0.05,Matches,e9b37d1d
70,Zac Bell,wls WAL,DF,Maidenhead,21,2003,5,2,223,2.5,0,0,0,0,0,0,1,0,0.00,0.00,0.00,0.00,0.00,Matches,d8cee7b2
71,Giosue Bellagambi,ug UGA,GK,Barnet,22,2001,1,1,90,1.0,0,0,0,0,0,0,0,0,0.00,0.00,0.00,0.00,0.00,Matches,15e9692b
72,Dominic Bernard,ie IRL,DF,Yeovil Town,27,1997,31,24,2196,24.4,2,1,3,2,0,0,8,1,0.08,0.04,0.12,0.08,0.12,Matches,a87cad26
73,Dylan Berry,nir NIR,GK,Ebbsfleet United,21,2003,1,1,90,1.0,0,0,0,0,0,0,0,0,0.00,0.00,0.00,0.00,0.00,Matches,d8a1d6ec
74,Jake Bickerstaff,wls WAL,FWMF,Altrincham,22,2001,25,12,1052,11.7,2,2,4,2,0,0,1,0,0.17,0.17,0.34,0.17,0.34,Matches,70e40fa1
75,Rakish Bingham,eng ENG,FWMF,Ebbsfleet United,30,1993,23,11,1052,11.7,2,0,2,1,1,1,3,0,0.17,0.00,0.17,0.09,0.09,Matches,2f74966e
76,Jay Bird,eng ENG,FW,Rochdale,23,2001,9,6,458,5.1,4,0,4,4,0,0,0,0,0.79,0.00,0.79,0.79,0.79,Matches,246e15d1
77,Tom Blackwell,eng ENG,MFFW,Braintree Town,23,2000,42,24,2128,23.6,2,2,4,2,0,0,2,0,0.08,0.08,0.17,0.08,0.17,Matches,d15e3efb
78,Sonny Blu Lo-Everton,sct SCO,MF,Yeovil Town,21,2002,29,19,1661,18.5,4,1,5,4,0,0,2,0,0.22,0.05,0.27,0.22,0.27,Matches,1346e497
79,Nana Boateng,eng ENG,MFFW,Sutton United,21,2002,27,11,1037,11.5,0,0,0,0,0,0,2,0,0.00,0.00,0.00,0.00,0.00,Matches,a95d214b
80,Ashley Boatswain,ms MSR,FW,Fylde,19,2005,18,7,659,7.3,1,0,1,1,0,0,0,0,0.14,0.00,0.14,0.14,0.14,Matches,5d2fb6e9
81,Enzio Boldewijn,nl NED,MFDF,Wealdstone FC,31,1992,45,41,3639,40.4,2,1,3,2,0,0,3,0,0.05,0.02,0.07,0.05,0.07,Matches,6db00ad8
82,Aaron Bolger,ie IRL,MF,Ebbsfleet United,24,2000,16,16,1395,15.5,0,0,0,0,0,0,3,0,0.00,0.00,0.00,0.00,0.00,Matches,5353cf2b
83,Harrison Bond,eng ENG,GK,Gateshead,20,2003,2,1,139,1.5,0,0,0,0,0,0,0,0,0.00,0.00,0.00,0.00,0.00,Matches,82e98e43
84,Matthew Bondswell,eng ENG,DF,Hartlepool,22,2002,1,0,9,0.1,0,0,0,0,0,0,0,0,0.00,0.00,0.00,0.00,0.00,Matches,53ef24c2
85,Macauley Bonne,zw ZIM,FW,Southend United,28,1995,40,20,2129,23.7,5,4,9,5,0,0,3,0,0.21,0.17,0.38,0.21,0.38,Matches,9ca8b21c
86,Regan Booty,eng ENG,MF,Gateshead,26,1998,43,43,3861,42.9,2,8,10,2,0,0,10,0,0.05,0.19,0.23,0.05,0.23,Matches,66fe775c
87,Pedro Borges,pt POR,MFDF,Yeovil Town,19,2005,8,6,436,4.8,0,0,0,0,0,0,0,0,0.00,0.00,0.00,0.00,0.00,Matches,dcbb8355
88,John Bostock,tt TRI,MF,Solihull Moors,32,1992,40,28,2428,27.0,0,3,3,0,0,0,4,0,0.00,0.11,0.11,0.00,0.11,Matches,46291841
89,Michael Bostwick,eng ENG,DFMF,Boston United,36,1988,17,17,1410,15.7,0,0,0,0,0,0,5,0,0.00,0.00,0.00,0.00,0.00,Matches,649b0d73
90,Noa Boutin,fr FRA,MFDF,Eastleigh,20,2003,34,26,2295,25.5,1,0,1,1,0,0,5,0,0.04,0.00,0.04,0.04,0.04,Matches,d80f8c19
91,Sam Bowen,wls WAL,MF,Solihull Moors,23,2001,32,29,2412,26.8,4,1,5,4,0,0,3,0,0.15,0.04,0.19,0.15,0.19,Matches,e4209f59
92,Jamie Bramwell,eng ENG,DFMF,Gateshead,20,2004,5,3,287,3.2,1,0,1,1,0,0,1,0,0.31,0.00,0.31,0.31,0.31,Matches,10f46b5d
93,Oliver Bray,eng ENG,FW,Aldershot Town,21,2003,6,1,107,1.2,0,1,1,0,0,0,0,0,0.00,0.84,0.84,0.00,0.84,Matches,618e06d4
94,Owen Bray,eng ENG,MF,FC Halifax Town,21,2003,36,12,1150,12.8,2,3,5,2,0,0,4,0,0.16,0.23,0.39,0.16,0.39,Matches,c346407b
95,Luke Brennan,eng ENG,MF,Fylde,22,2001,5,1,101,1.1,0,0,0,0,0,0,0,0,0.00,0.00,0.00,0.00,0.00,Matches,81ef454b
96,Jack Bridge,eng ENG,MFDF,Southend United,28,1995,42,31,2889,32.1,1,4,5,0,1,1,1,0,0.03,0.12,0.16,0.00,0.12,Matches,2a00dced
97,Richard Brindley,eng ENG,DFMF,Eastleigh,31,1993,37,33,2803,31.1,3,1,4,3,0,0,9,1,0.10,0.03,0.13,0.10,0.13,Matches,a7588b8d
98,Tiernan Brooks,ie IRL,GK,Gateshead,22,2002,24,24,2160,24.0,0,0,0,0,0,0,1,0,0.00,0.00,0.00,0.00,0.00,Matches,d881e416
99,Michael Brothers,eng ENG,MF,Braintree Town,39,1985,1,0,1,0.0,0,0,0,0,0,0,0,0,0.00,0.00,0.00,0.00,0.00,Matches,d668d03a
100,Jedidiah Brown,eng ENG,FW,Wealdstone FC,25,1998,1,0,2,0.0,0,0,0,0,0,0,0,0,0.00,0.00,0.00,0.00,0.00,Matches,776270a4
101,Rhys Browne,ag ATG,FWMF,Barnet,28,1995,29,16,1431,15.9,7,2,9,7,0,0,3,0,0.44,0.13,0.57,0.44,0.57,Matches,b88d0922
102,Rico Browne,kn SKN,DF,Tamworth,20,2003,4,4,316,3.5,0,0,0,0,0,0,0,0,0.00,0.00,0.00,0.00,0.00,Matches,8f4d4609
103,Tyler Bruck,,FW,Solihull Moors,,,3,0,12,0.1,0,0,0,0,0,0,0,0,0.00,0.00,0.00,0.00,0.00,Matches,0598b224
104,Zak Brunt,eng ENG,MFFW,Barnet,22,2001,44,31,2572,28.6,6,6,12,5,1,1,5,0,0.21,0.21,0.42,0.17,0.38,Matches,a31f0ebf
105,Harvey Bunker,eng ENG,MFDF,Forest Green,21,2003,35,16,1760,19.6,5,1,6,5,0,0,4,0,0.26,0.05,0.31,0.26,0.31,Matches,af36be45
106,Jake Burger,eng ENG,FWMF,Rochdale,19,2005,25,13,1259,14.0,1,1,2,1,0,0,2,0,0.07,0.07,0.14,0.07,0.14,Matches,cd6f6860
107,Jacob Butterfield,eng ENG,MFFW,Gateshead,34,1990,19,18,1295,14.4,4,0,4,4,0,0,1,0,0.28,0.00,0.28,0.28,0.28,Matches,5ff1aeb8
108,Jili Buyabu,eng ENG,MF,Rochdale,22,2001,22,16,1336,14.8,0,0,0,0,0,0,2,0,0.00,0.00,0.00,0.00,0.00,Matches,15ee4bc1
109,Lachlan Byrd,au AUS,DF,Aldershot Town,22,2002,17,15,1372,15.2,0,0,0,0,0,0,2,0,0.00,0.00,0.00,0.00,0.00,Matches,3ce712c4
110,Adam Campbell,eng ENG,MFFW,Hartlepool,29,1995,38,26,2164,24.0,2,0,2,2,0,0,3,0,0.08,0.00,0.08,0.08,0.08,Matches,e3aa211f
111,Tahvon Campbell,eng ENG,FWMF,Solihull Moors,27,1997,9,6,512,5.7,2,0,2,1,1,1,2,0,0.35,0.00,0.35,0.18,0.18,Matches,106f7efa
112,Ted Cann,eng ENG,GK,Forest Green,23,2000,6,6,540,6.0,0,0,0,0,0,0,1,0,0.00,0.00,0.00,0.00,0.00,Matches,f738734d
113,Angelo Cappello,bz BLZ,MFFW,FC Halifax Town,22,2002,38,30,2487,27.6,3,2,5,3,0,0,5,0,0.11,0.07,0.18,0.11,0.18,Matches,f8ca9dd2
114,Jake Caprice,eng ENG,MFDF,Oldham Athletic,31,1992,40,32,2746,30.5,2,3,5,2,0,0,6,0,0.07,0.10,0.16,0.07,0.16,Matches,d3082f30
115,Mustapha Carayol,gm GAM,DFMF,Wealdstone FC,35,1988,12,5,572,6.4,1,1,2,1,0,0,1,0,0.16,0.16,0.31,0.16,0.31,Matches,597d0f13
116,Harry Cardwell,sct SCO,FW,Southend United,27,1996,5,5,449,5.0,1,1,2,1,0,0,0,0,0.20,0.20,0.40,0.20,0.40,Matches,7f876c2e
117,Harry Cardwell,sct SCO,FW,Forest Green,27,1996,37,15,1449,16.1,4,1,5,4,0,0,1,0,0.25,0.06,0.31,0.25,0.31,Matches,7f876c2e
118,Ryan Carr,sct SCO,MF,Ebbsfleet United,19,2004,10,6,579,6.4,1,0,1,1,0,0,1,0,0.16,0.00,0.16,0.16,0.16,Matches,f4dd7cdf
119,Ryan Carr,sct SCO,MF,Gateshead,19,2004,1,0,3,0.0,0,0,0,0,0,0,0,0,0.00,0.00,0.00,0.00,0.00,Matches,f4dd7cdf
120,Ruben Carvalho,eng ENG,MF,Maidenhead,23,2001,13,1,209,2.3,0,0,0,0,0,0,0,0,0.00,0.00,0.00,0.00,0.00,Matches,57dca386
121,Kallum Cesay,sl SLE,MF,Wealdstone FC,21,2002,37,33,2917,32.4,6,0,6,6,0,0,7,0,0.19,0.00,0.19,0.19,0.19,Matches,a653f8a7
122,Billy Chadwick,eng ENG,FW,Boston United,24,2000,3,2,192,2.1,0,1,1,0,0,0,1,0,0.00,0.47,0.47,0.00,0.47,Matches,c5bf0f24
123,Billy Chadwick,eng ENG,MF,York City,24,2000,20,8,704,7.8,1,1,2,1,0,0,0,0,0.13,0.13,0.26,0.13,0.26,Matches,c5bf0f24
124,Leon Chambers-Parillon,eng ENG,MF,Southend United,22,2001,18,11,927,10.3,0,5,5,0,0,0,0,0,0.00,0.49,0.49,0.00,0.49,Matches,6535901f
125,Ben Chapman,eng ENG,MFDF,Ebbsfleet United,25,1998,38,31,2788,31.0,1,2,3,1,0,0,8,0,0.03,0.06,0.10,0.03,0.10,Matches,8b43ec7f
126,Harry Chapman,eng ENG,MFFW,Barnet,26,1997,22,9,945,10.5,4,2,6,3,1,1,2,0,0.38,0.19,0.57,0.29,0.48,Matches,7768b19f
127,Luke Charman,eng ENG,MFFW,Hartlepool,26,1997,40,26,2267,25.2,4,5,9,4,0,0,6,0,0.16,0.20,0.36,0.16,0.36,Matches,4be54d60
128,Harry Charsley,ie IRL,MFFW,Oldham Athletic,27,1996,11,7,606,6.7,2,0,2,2,0,0,0,0,0.30,0.00,0.30,0.30,0.30,Matches,b20eece9
129,Adam Chicksen,zw ZIM,DF,Woking,32,1991,26,25,2183,24.3,0,2,2,0,0,0,4,0,0.00,0.08,0.08,0.00,0.08,Matches,c87352d6
130,Ryan Clampin,eng ENG,DF,Braintree Town,25,1999,35,33,2802,31.1,0,4,4,0,0,0,6,1,0.00,0.13,0.13,0.00,0.13,Matches,ac0dfdfa
131,Taylor Clark,eng ENG,DF,Wealdstone FC,19,2005,2,1,56,0.6,0,0,0,0,0,0,0,0,0.00,0.00,0.00,0.00,0.00,Matches,dd6be055
132,Jahmari Clarke,jm JAM,FW,Wealdstone FC,20,2003,2,0,33,0.4,0,0,0,0,0,0,0,0,0.00,0.00,0.00,0.00,0.00,Matches,ccb62b10
133,Jahmari Clarke,jm JAM,FW,Yeovil Town,20,2003,1,0,45,0.5,0,0,0,0,0,0,1,0,0.00,0.00,0.00,0.00,0.00,Matches,ccb62b10
134,James Clarke,ie IRL,DFMF,Solihull Moors,24,2000,41,40,3432,38.1,1,2,3,1,0,0,7,2,0.03,0.05,0.08,0.03,0.08,Matches,ecc5b3be
135,Regan Clayton,eng ENG,DF,Dag & Red,19,2004,11,7,622,6.9,0,0,0,0,0,0,2,0,0.00,0.00,0.00,0.00,0.00,Matches,97855227
136,Reyes Cleary,eng ENG,MFFW,Hartlepool,20,2004,20,18,1540,17.1,6,3,9,6,0,0,3,0,0.35,0.18,0.53,0.35,0.53,Matches,d8e563fb
137,Remy Clerima,fr FRA,DF,Maidenhead,33,1990,13,11,967,10.7,0,1,1,0,0,0,0,0,0.00,0.09,0.09,0.00,0.09,Matches,56ce83ab
138,Billy Clifford,eng ENG,MFFW,Barnet,31,1992,21,6,637,7.1,0,0,0,0,0,0,3,0,0.00,0.00,0.00,0.00,0.00,Matches,ac30d565
139,Ben Close,eng ENG,MF,Eastleigh,27,1996,16,16,1293,14.4,0,1,1,0,0,0,1,0,0.00,0.07,0.07,0.00,0.07,Matches,1e8a5099
140,Sam Clucas,eng ENG,MF,Oldham Athletic,33,1990,7,6,574,6.4,0,2,2,0,0,0,4,0,0.00,0.31,0.31,0.00,0.31,Matches,987718f5
141,Kieran Coates,eng ENG,DF,Boston United,22,2001,12,3,390,4.3,0,1,1,0,0,0,1,0,0.00,0.23,0.23,0.00,0.23,Matches,e32637f9
142,Owen Cochrane,,DFMF,Maidenhead,,,33,22,2027,22.5,0,2,2,0,0,0,0,0,0.00,0.09,0.09,0.00,0.09,Matches,b4d654a2
143,Callum Cockerill-Mollett,eng ENG,DF,Tamworth,25,1999,20,20,1649,18.3,0,3,3,0,0,0,0,0,0.00,0.16,0.16,0.00,0.16,Matches,08baf141
144,Ben Coker,eng ENG,DFMF,Barnet,35,1989,31,20,1718,19.1,2,6,8,2,0,0,5,0,0.10,0.31,0.42,0.10,0.42,Matches,40c4f987
145,Oliver Coker,,MFFW,Southend United,,,32,24,1906,21.2,5,3,8,5,0,0,3,0,0.24,0.14,0.38,0.24,0.38,Matches,8beaa4a3
146,Josh Coley,eng ENG,MF,Sutton United,26,1998,33,22,2072,23.0,5,4,9,5,0,0,6,0,0.22,0.17,0.39,0.22,0.39,Matches,7fa1086d
147,Charlie Colkett,eng ENG,MFFW,Gateshead,27,1996,18,5,572,6.4,0,0,0,0,0,0,0,0,0.00,0.00,0.00,0.00,0.00,Matches,ecf151ac
148,Danny Collinge,eng ENG,DF,Barnet,26,1998,29,26,2294,25.5,4,4,8,4,0,0,3,1,0.16,0.16,0.31,0.16,0.31,Matches,784b5bb9
149,Tom Conlon,eng ENG,MF,Oldham Athletic,28,1996,30,29,2354,26.2,0,3,3,0,0,0,6,0,0.00,0.11,0.11,0.00,0.11,Matches,58d0198f
150,Raheem Conte,eng ENG,MFDF,Woking,21,2002,8,6,559,6.2,0,1,1,0,0,0,0,0,0.00,0.16,0.16,0.00,0.16,Matches,442ecc1e
151,Jack Cook,eng ENG,DF,Wealdstone FC,30,1993,36,35,3119,34.7,2,1,3,2,0,0,12,0,0.06,0.03,0.09,0.06,0.09,Matches,5c15638f
152,Jamie Cooke,eng ENG,MFFW,FC Halifax Town,22,2002,44,33,3089,34.3,7,3,10,6,1,1,9,1,0.20,0.09,0.29,0.17,0.26,Matches,72648d9f
153,Charlie Cooper,eng ENG,MF,Yeovil Town,27,1997,41,36,3239,36.0,2,3,5,2,0,0,10,0,0.06,0.08,0.14,0.06,0.14,Matches,9eadfbf2
154,Chay Cooper,eng ENG,MF,Braintree Town,22,2001,43,26,2302,25.6,4,6,10,4,0,0,6,1,0.16,0.23,0.39,0.16,0.39,Matches,01c46bde
155,Jake Cooper,eng ENG,DF,Altrincham,24,2000,24,15,1385,15.4,0,1,1,0,0,0,4,0,0.00,0.06,0.06,0.00,0.06,Matches,d521711d
156,Kai Corbett,eng ENG,FWMF,Aldershot Town,21,2002,34,11,1041,11.6,1,2,3,1,0,0,1,0,0.09,0.17,0.26,0.09,0.26,Matches,f84199b8
157,Tyler Cordner,eng ENG,DF,Ebbsfleet United,25,1998,16,15,1245,13.8,1,0,1,1,0,0,4,0,0.07,0.00,0.07,0.07,0.07,Matches,598a5fde
158,Aaron Cosgrave,eng ENG,FW,Ebbsfleet United,25,1999,32,27,2291,25.5,8,2,10,8,0,1,2,0,0.31,0.08,0.39,0.31,0.39,Matches,efcd5f18
159,Aaron Cosgrave,eng ENG,FWMF,FC Halifax Town,25,1999,5,0,85,0.9,0,0,0,0,0,0,0,0,0.00,0.00,0.00,0.00,0.00,Matches,efcd5f18
160,Finn Cousin-Dawson,nir NIR,DFMF,Yeovil Town,21,2002,37,28,2566,28.5,2,0,2,2,0,0,10,1,0.07,0.00,0.07,0.07,0.07,Matches,ebc31af0
161,Mark Cousins,eng ENG,GK,Ebbsfleet United,37,1987,43,43,3870,43.0,0,0,0,0,0,0,1,0,0.00,0.00,0.00,0.00,0.00,Matches,56fc23cd
162,Aidan Coyne,au AUS,DF,Maidenhead,20,2004,2,0,5,0.1,0,0,0,0,0,0,0,0,0.00,0.00,0.00,0.00,0.00,Matches,286ce3ae
163,Oliver Crankshaw,eng ENG,MF,Altrincham,25,1998,6,2,154,1.7,0,0,0,0,0,0,2,0,0.00,0.00,0.00,0.00,0.00,Matches,dc89af95
164,Ellis Craven,eng ENG,GK,Boston United,19,2004,1,0,35,0.4,0,0,0,0,0,0,0,0,0.00,0.00,0.00,0.00,0.00,Matches,259feedc
165,Tom Crawford,eng ENG,MF,Altrincham,25,1999,42,40,3534,39.3,4,5,9,3,1,1,12,2,0.10,0.13,0.23,0.08,0.20,Matches,256335e2
166,Daniel Creaney,eng ENG,FW,Tamworth,30,1994,42,31,2832,31.5,19,5,24,18,1,1,12,0,0.60,0.16,0.76,0.57,0.73,Matches,d45613eb
167,Romoney Crichlow-Noble,eng ENG,DF,Dag & Red,25,1999,10,10,853,9.5,1,0,1,1,0,0,6,1,0.11,0.00,0.11,0.11,0.11,Matches,e410c58c
168,Ben Crompton,eng ENG,DF,Tamworth,20,2003,25,22,1887,21.0,1,2,3,1,0,0,6,0,0.05,0.10,0.14,0.05,0.14,Matches,51d0587c
169,Adam Crookes,eng ENG,DF,York City,26,1997,13,7,764,8.5,1,2,3,1,0,0,0,0,0.12,0.24,0.35,0.12,0.35,Matches,3cd6b4ce
170,Jordan Cropper,eng ENG,DF,Barnet,24,2000,29,1,402,4.5,0,2,2,0,0,0,0,0,0.00,0.45,0.45,0.00,0.45,Matches,3de9d26b
171,Adam Crowther,eng ENG,DF,Southend United,23,2001,20,20,1748,19.4,1,1,2,1,0,0,1,0,0.05,0.05,0.10,0.05,0.10,Matches,c7c0e66f
172,Jordan Cullinane-Liburd,eng ENG,DF,Tamworth,29,1995,26,22,2022,22.5,2,1,3,2,0,0,11,2,0.09,0.04,0.13,0.09,0.13,Matches,f5c01bd9
173,Jo Cummings,eng ENG,DF,FC Halifax Town,25,1998,13,12,1025,11.4,0,0,0,0,0,0,1,0,0.00,0.00,0.00,0.00,0.00,Matches,7ff209a4
174,Greg Cundle,eng ENG,FW,Ebbsfleet United,27,1997,10,3,429,4.8,0,1,1,0,0,0,0,0,0.00,0.21,0.21,0.00,0.21,Matches,18f96afa
175,Robbie Cundy,eng ENG,DF,Solihull Moors,27,1997,8,8,617,6.9,0,0,0,0,0,0,1,0,0.00,0.00,0.00,0.00,0.00,Matches,7d24aa01
176,Matt Curley,eng ENG,DF,Tamworth,29,1995,16,9,843,9.4,0,0,0,0,0,0,2,0,0.00,0.00,0.00,0.00,0.00,Matches,c045945b
177,Tom Dallison,eng ENG,DF,Ebbsfleet United,28,1996,30,28,2604,28.9,0,0,0,0,0,0,9,0,0.00,0.00,0.00,0.00,0.00,Matches,a782215c
178,Campbell Darcy,eng ENG,MF,Hartlepool,18,2006,1,0,9,0.1,0,0,0,0,0,0,0,0,0.00,0.00,0.00,0.00,0.00,Matches,10906963
179,Jezreel Davies,eng ENG,MFFW,Ebbsfleet United,20,2004,6,4,368,4.1,0,1,1,0,0,0,1,1,0.00,0.24,0.24,0.00,0.24,Matches,54b9be69
180,Will Davies,eng ENG,FW,Sutton United,25,1999,44,40,3682,40.9,18,4,22,16,2,3,8,0,0.44,0.10,0.54,0.39,0.49,Matches,5a5a42ac
181,Harry Davis,eng ENG,DF,Fylde,32,1991,26,25,2138,23.8,2,0,2,2,0,0,8,1,0.08,0.00,0.08,0.08,0.08,Matches,04d0f653
182,Dillon De Silva,lk SRI,MFFW,Sutton United,22,2002,21,11,931,10.3,1,1,2,1,0,0,1,0,0.10,0.10,0.19,0.10,0.19,Matches,e969d3e2
183,Jake Dennis,wls WAL,GK,Oldham Athletic,19,2004,1,1,90,1.0,0,0,0,0,0,0,0,0,0.00,0.00,0.00,0.00,0.00,Matches,c7dbfb76
184,Matthew Dennis,eng ENG,FW,Rochdale,22,2002,4,1,87,1.0,0,0,0,0,0,0,0,0,0.00,0.00,0.00,0.00,0.00,Matches,c97c3a37
185,Marcus Dewhurst,eng ENG,GK,Aldershot Town,23,2001,43,43,3870,43.0,0,0,0,0,0,0,3,0,0.00,0.00,0.00,0.00,0.00,Matches,525eb624
186,Emmanuel Dieseruvwe,eng ENG,FWMF,Hartlepool,29,1995,46,41,3794,42.2,17,2,19,16,1,2,6,0,0.40,0.05,0.45,0.38,0.43,Matches,fda11e76
187,Kennedy Digie,eng ENG,DF,Tamworth,27,1996,29,27,2456,27.3,2,0,2,2,0,0,2,0,0.07,0.00,0.07,0.07,0.07,Matches,5b7e82eb
188,Joel Dixon,eng ENG,GK,Hartlepool,30,1993,6,6,482,5.4,0,1,1,0,0,0,0,0,0.00,0.19,0.19,0.00,0.19,Matches,7ed390a2
189,Daniel Dodds,eng ENG,DFMF,Hartlepool,23,2001,23,17,1458,16.2,0,0,0,0,0,0,2,1,0.00,0.00,0.00,0.00,0.00,Matches,c9ae596f
190,Joe Dodoo,eng ENG,FWMF,Solihull Moors,29,1995,7,6,497,5.5,1,0,1,0,1,1,1,0,0.18,0.00,0.18,0.00,0.00,Matches,beed85c7
191,Christian Doidge,wls WAL,FW,Forest Green,31,1992,41,21,1881,20.9,12,4,16,12,0,0,0,0,0.57,0.19,0.77,0.57,0.77,Matches,9c4c3044
192,Brad Dolaghan,eng ENG,FW,Aldershot Town,19,2004,3,0,63,0.7,0,0,0,0,0,0,0,0,0.00,0.00,0.00,0.00,0.00,Matches,82aa76ef
193,Callum Dolan,eng ENG,MF,Altrincham,23,2000,6,4,336,3.7,0,0,0,0,0,0,0,0,0.00,0.00,0.00,0.00,0.00,Matches,8331d73f
194,Callum Dolan,eng ENG,MFFW,Oldham Athletic,23,2000,6,3,249,2.8,0,0,0,0,0,0,1,0,0.00,0.00,0.00,0.00,0.00,Matches,8331d73f
195,Franklin Domi,al ALB,MFDF,Ebbsfleet United,23,2000,36,24,2259,25.1,3,2,5,3,0,0,7,1,0.12,0.08,0.20,0.12,0.20,Matches,34d68303
196,Tom Donaghy,eng ENG,GK,Boston United,21,2003,2,2,180,2.0,0,0,0,0,0,0,0,0,0.00,0.00,0.00,0.00,0.00,Matches,a79f64f0
197,Tom Donaghy,eng ENG,GK,Oldham Athletic,21,2003,10,10,900,10.0,0,0,0,0,0,0,0,0,0.00,0.00,0.00,0.00,0.00,Matches,a79f64f0
198,Luke Dreher,eng ENG,MF,Wealdstone FC,25,1998,3,2,131,1.5,0,0,0,0,0,0,0,0,0.00,0.00,0.00,0.00,0.00,Matches,d1c509d9
199,Kane Drummond,eng ENG,FW,Oldham Athletic,23,2000,7,4,312,3.5,0,0,0,0,0,0,0,0,0.00,0.00,0.00,0.00,0.00,Matches,f310dd7e
200,Immanuelson Duku,nl NED,FW,Solihull Moors,31,1992,9,6,614,6.8,4,0,4,4,0,0,0,0,0.59,0.00,0.59,0.59,0.59,Matches,a339a158
201,Tyrese Dyce,eng ENG,DF,Maidenhead,23,2001,11,6,641,7.1,0,0,0,0,0,0,1,0,0.00,0.00,0.00,0.00,0.00,Matches,a3b858fa
202,Max Dyche,eng ENG,DF,Woking,21,2003,21,21,1868,20.8,2,1,3,2,0,0,7,0,0.10,0.05,0.14,0.10,0.14,Matches,dfcb90c9
203,Alex Dyer,ms MSR,MF,Wealdstone FC,34,1990,32,21,2028,22.5,0,0,0,0,0,0,9,0,0.00,0.00,0.00,0.00,0.00,Matches,455e2591
204,Ryan East,eng ENG,MF,Rochdale,26,1998,37,36,3183,35.4,2,3,5,2,0,0,2,0,0.06,0.08,0.14,0.06,0.14,Matches,7112c6a6
205,Tom Eastman,eng ENG,DF,Dag & Red,32,1991,26,25,2203,24.5,0,2,2,0,0,0,3,0,0.00,0.08,0.08,0.00,0.08,Matches,c7e4c513
206,Craig Eastmond,eng ENG,MF,Wealdstone FC,33,1990,12,8,649,7.2,0,1,1,0,0,0,7,2,0.00,0.14,0.14,0.00,0.14,Matches,a8c40a73
207,Ethan Ebanks-Landell,eng ENG,DF,Rochdale,31,1992,16,11,972,10.8,0,1,1,0,0,0,2,0,0.00,0.09,0.09,0.00,0.09,Matches,a2cf6cbc
208,Junior Eccleston,eng ENG,DF,Sutton United,17,2007,1,1,45,0.5,0,0,0,0,0,0,1,0,0.00,0.00,0.00,0.00,0.00,Matches,41c3fac1
209,Charlie Edge,,,Tamworth,,,1,0,1,0.0,0,0,0,0,0,0,0,0,0.00,0.00,0.00,0.00,0.00,Matches,8c444f18
210,Toby Edser,eng ENG,MF,Ebbsfleet United,25,1999,37,33,2910,32.3,1,0,1,1,0,0,11,1,0.03,0.00,0.03,0.03,0.03,Matches,23767872
211,Corey Edwards,gd GRN,MF,Rochdale,17,2007,6,5,412,4.6,0,0,0,0,0,0,0,0,0.00,0.00,0.00,0.00,0.00,Matches,669e3090
212,Inih Effiong,eng ENG,FWMF,Braintree Town,33,1991,21,15,1383,15.4,2,0,2,1,1,1,4,0,0.13,0.00,0.13,0.07,0.07,Matches,ae9aadb8
213,Inih Effiong,eng ENG,FW,Woking,33,1991,23,18,1660,18.4,5,2,7,4,1,1,2,0,0.27,0.11,0.38,0.22,0.33,Matches,ae9aadb8
214,Dan Ellison,eng ENG,DF,Aldershot Town,19,2005,22,18,1560,17.3,0,0,0,0,0,0,7,1,0.00,0.00,0.00,0.00,0.00,Matches,9c94fb5d
215,Josh Emmanuel,eng ENG,DF,FC Halifax Town,26,1997,12,10,929,10.3,0,0,0,0,0,0,0,0,0.00,0.00,0.00,0.00,0.00,Matches,59160a19
216,Zak Emmerson,eng ENG,FWMF,FC Halifax Town,19,2004,33,12,1246,13.8,4,1,5,4,0,0,1,0,0.29,0.07,0.36,0.29,0.36,Matches,bc69c7a0
217,Beck-Ray Enoru,cm CMR,MF,Tamworth,21,2002,37,18,1622,18.0,3,4,7,3,0,0,2,0,0.17,0.22,0.39,0.17,0.39,Matches,ad74274e
218,Corry Evans,nir NIR,MF,Oldham Athletic,34,1990,6,2,161,1.8,0,0,0,0,0,0,0,0,0.00,0.00,0.00,0.00,0.00,Matches,3e38b72f
219,George Evans,eng ENG,GK,Sutton United,19,2005,1,1,90,1.0,0,0,0,0,0,0,0,0,0.00,0.00,0.00,0.00,0.00,Matches,9fa5c6c5
220,Jack Evans,eng ENG,MFDF,FC Halifax Town,23,2000,36,33,3043,33.8,0,3,3,0,0,0,4,0,0.00,0.09,0.09,0.00,0.09,Matches,8366e195
221,Owen Evans,wls WAL,GK,Barnet,27,1996,18,18,1620,18.0,0,0,0,0,0,0,3,0,0.00,0.00,0.00,0.00,0.00,Matches,04bbc466
222,Owen Evans,eng ENG,DFMF,Fylde,23,2000,32,28,2380,26.4,0,0,0,0,0,0,2,0,0.00,0.00,0.00,0.00,0.00,Matches,a295f8d9
223,Dubem Eze,eng ENG,MF,FC Halifax Town,19,2005,6,1,108,1.2,0,0,0,0,0,0,0,0,0.00,0.00,0.00,0.00,0.00,Matches,0455b788
224,Mo Fadera,gm GAM,FW,York City,19,2004,5,0,43,0.5,0,0,0,0,0,0,0,0,0.00,0.00,0.00,0.00,0.00,Matches,7ece7a5a
225,Malachi Fagan-Walcott,eng ENG,DFMF,York City,22,2002,38,38,3292,36.6,6,4,10,6,0,0,6,0,0.16,0.11,0.27,0.16,0.27,Matches,8263d615
226,Luke Fairlamb,eng ENG,DF,Tamworth,30,1993,27,25,2329,25.9,0,1,1,0,0,0,3,0,0.00,0.04,0.04,0.00,0.04,Matches,b16c08e9
227,Louie Fallon,eng ENG,GK,Altrincham,17,2006,1,0,21,0.2,0,0,0,0,0,0,0,0,0.00,0.00,0.00,0.00,0.00,Matches,9eca0249
228,Ryan Fallowfield,eng ENG,DF,York City,28,1996,27,19,1767,19.6,1,0,1,1,0,0,3,0,0.05,0.00,0.05,0.05,0.05,Matches,c27a7dd5
229,Nicky Featherstone,eng ENG,MF,Hartlepool,35,1988,44,29,2790,31.0,2,3,5,2,0,0,4,0,0.06,0.10,0.16,0.06,0.16,Matches,6db8d67b
230,Joe Felix,eng ENG,DFMF,York City,24,1999,46,45,4011,44.6,2,7,9,2,0,0,6,0,0.04,0.16,0.20,0.04,0.20,Matches,67c1f87a
231,James Fennelow,,FW,Sutton United,,,1,0,10,0.1,0,0,0,0,0,0,0,0,0.00,0.00,0.00,0.00,0.00,Matches,afeccafe
232,Kane Ferdinand,ie IRL,MF,Maidenhead,31,1992,18,16,1433,15.9,0,1,1,0,0,0,1,0,0.00,0.06,0.06,0.00,0.06,Matches,705da758
233,David Ferguson,eng ENG,DF,Hartlepool,30,1994,45,42,3885,43.2,3,4,7,3,0,0,5,1,0.07,0.09,0.16,0.07,0.16,Matches,821bcc32
234,Kyle Ferguson,sct SCO,DF,Rochdale,24,1999,15,6,654,7.3,0,0,0,0,0,0,1,0,0.00,0.00,0.00,0.00,0.00,Matches,2061d284
235,Kyle Ferguson,sct SCO,DFMF,Yeovil Town,24,1999,4,4,360,4.0,0,0,0,0,0,0,3,0,0.00,0.00,0.00,0.00,0.00,Matches,2061d284
236,Nathan Ferguson,gy GUY,MF,Maidenhead,28,1995,36,35,2954,32.8,0,9,9,0,0,0,5,0,0.00,0.27,0.27,0.00,0.27,Matches,41f5a198
237,Luis Fernandez,eng ENG,DF,Eastleigh,22,2001,33,23,1924,21.4,0,2,2,0,0,0,7,0,0.00,0.09,0.09,0.00,0.09,Matches,06b30347
238,Kyle Finn,eng ENG,MF,Tamworth,25,1998,29,13,1190,13.2,2,2,4,2,0,0,4,0,0.15,0.15,0.30,0.15,0.30,Matches,3c095fd3
239,Sonny Fish,eng ENG,FW,Solihull Moors,20,2004,1,0,45,0.5,0,0,0,0,0,0,0,0,0.00,0.00,0.00,0.00,0.00,Matches,bf3809ba
240,Brandon Fleming,eng ENG,MF,Forest Green,24,1999,10,3,255,2.8,0,0,0,0,0,0,2,0,0.00,0.00,0.00,0.00,0.00,Matches,3708655f
241,Alex Fletcher,eng ENG,MFDF,Tamworth,27,1996,27,12,1267,14.1,1,0,1,1,0,0,1,0,0.07,0.00,0.07,0.07,0.07,Matches,a7d6a1d2
242,Louis Flower,eng ENG,FWMF,Gateshead,19,2004,4,3,246,2.7,0,0,0,0,0,0,1,0,0.00,0.00,0.00,0.00,0.00,Matches,bf5732ee
243,Samuel Folarin,ng NGA,MFFW,Hartlepool,23,2000,16,2,407,4.5,1,1,2,1,0,0,1,0,0.22,0.22,0.44,0.22,0.44,Matches,bbe91cbf
244,Mike Fondop-Talom,cm CMR,FW,Oldham Athletic,30,1993,45,32,3187,35.4,17,5,22,16,1,2,7,0,0.48,0.14,0.62,0.45,0.59,Matches,da18e5b2
245,Wesley Fonguck,eng ENG,MFFW,Ebbsfleet United,27,1997,16,9,745,8.3,1,1,2,1,0,0,0,0,0.12,0.12,0.24,0.12,0.24,Matches,44a6728b
246,Taylor Foran,eng ENG,DF,Southend United,20,2003,2,1,93,1.0,0,0,0,0,0,0,0,0,0.00,0.00,0.00,0.00,0.00,Matches,29c9978a
247,Nathaniel Ford,eng ENG,GK,FC Halifax Town,20,2004,1,0,57,0.6,0,0,0,0,0,0,0,0,0.00,0.00,0.00,0.00,0.00,Matches,728d7c07
248,Kian Foreman,,FW,Hartlepool,,,1,0,6,0.1,0,0,0,0,0,0,0,0,0.00,0.00,0.00,0.00,0.00,Matches,413c0f61
249,Ludwig Francillette,gp GLP,DF,Eastleigh,25,1999,43,43,3835,42.6,8,1,9,8,0,0,9,1,0.19,0.02,0.21,0.19,0.21,Matches,c8eb2b86
250,Aidan Francis,eng ENG,DFFW,Braintree Town,20,2004,20,18,1665,18.5,1,3,4,1,0,0,3,0,0.05,0.16,0.22,0.05,0.22,Matches,38c29201
251,Chris Francis,eng ENG,DFMF,Dag & Red,21,2002,12,10,769,8.5,0,0,0,0,0,0,2,1,0.00,0.00,0.00,0.00,0.00,Matches,cffba09d
252,Jermaine Francis,gd GRN,MF,Barnet,22,2002,5,0,20,0.2,0,0,0,0,0,0,0,0,0.00,0.00,0.00,0.00,0.00,Matches,4494c4f1
253,Jermaine Francis,gd GRN,MFFW,Braintree Town,22,2002,29,26,2398,26.6,8,0,8,8,0,0,8,0,0.30,0.00,0.30,0.30,0.30,Matches,4494c4f1
254,Kieron Freeman,wls WAL,DF,Hartlepool,32,1992,7,5,353,3.9,0,1,1,0,0,0,0,0,0.00,0.25,0.25,0.00,0.25,Matches,c13c24c8
255,Tyler French,eng ENG,DF,Sutton United,25,1999,41,39,3492,38.8,0,0,0,0,0,0,10,1,0.00,0.00,0.00,0.00,0.00,Matches,14a23ba8
256,Tyler Frost,eng ENG,MF,Aldershot Town,25,1999,37,29,2598,28.9,6,3,9,5,1,1,2,0,0.21,0.10,0.31,0.17,0.28,Matches,2bffdc2a
257,Jamal Fyfield,eng ENG,DF,Braintree Town,35,1989,24,13,1332,14.8,0,1,1,0,0,0,2,0,0.00,0.07,0.07,0.00,0.07,Matches,321a93d5
258,James Gale,eng ENG,MFFW,Boston United,22,2001,20,3,621,6.9,3,1,4,3,0,0,3,0,0.43,0.14,0.58,0.43,0.58,Matches,06405142
259,James Gale,eng ENG,FWMF,Solihull Moors,22,2001,15,6,651,7.2,3,1,4,3,0,0,4,0,0.41,0.14,0.55,0.41,0.55,Matches,06405142
260,Oisin Gallagher,nir NIR,MFDF,Boston United,19,2004,4,4,311,3.5,0,0,0,0,0,0,1,0,0.00,0.00,0.00,0.00,0.00,Matches,5b4880c8
261,Ryan Galvin,eng ENG,DFMF,FC Halifax Town,23,2001,37,28,2682,29.8,2,1,3,2,0,0,3,0,0.07,0.03,0.10,0.07,0.10,Matches,9595ca34
262,Patrick Gamble,eng ENG,DF,Fylde,20,2003,10,6,563,6.3,0,0,0,0,0,0,2,0,0.00,0.00,0.00,0.00,0.00,Matches,5ba7bc40
263,Dominic Gape,eng ENG,MF,Eastleigh,29,1994,10,7,636,7.1,0,2,2,0,0,0,2,0,0.00,0.28,0.28,0.00,0.28,Matches,f744b4df
264,Dan Gardner,eng ENG,MFFW,Oldham Athletic,34,1990,21,10,943,10.5,0,4,4,0,0,0,5,0,0.00,0.38,0.38,0.00,0.38,Matches,91cd24fc
265,Joe Garner,eng ENG,FWMF,Oldham Athletic,36,1988,14,5,460,5.1,2,0,2,1,1,1,2,0,0.39,0.00,0.39,0.20,0.20,Matches,adb9f204
266,Jordan Garrick,eng ENG,MF,Forest Green,26,1998,21,12,1021,11.3,4,2,6,4,0,0,3,0,0.35,0.18,0.53,0.35,0.53,Matches,eacc267b
267,Anthony Georgiou,cy CYP,DFMF,Wealdstone FC,27,1997,34,26,2310,25.7,1,3,4,1,0,0,4,0,0.04,0.12,0.16,0.04,0.16,Matches,ad28ee23
268,Hady Ghandour,lb LIB,FW,Aldershot Town,24,2000,20,15,1360,15.1,3,1,4,3,0,0,1,0,0.20,0.07,0.26,0.20,0.26,Matches,b07a43b7
269,Harvey Gilmour,eng ENG,MF,Rochdale,25,1998,37,34,2991,33.2,2,2,4,2,0,0,4,0,0.06,0.06,0.12,0.06,0.12,Matches,6cbd1d9d
270,Ryan Glover,eng ENG,MFDF,Barnet,23,2000,42,41,3460,38.4,8,9,17,8,0,0,9,0,0.21,0.23,0.44,0.21,0.44,Matches,20c3fd5e
271,Felix Goddard,eng ENG,GK,Ebbsfleet United,20,2004,1,1,90,1.0,0,0,0,0,0,0,0,0,0.00,0.00,0.00,0.00,0.00,Matches,975dc6ea
272,Tylor Golden,eng ENG,DF,Altrincham,24,1999,41,38,3400,37.8,2,3,5,2,0,0,10,0,0.05,0.08,0.13,0.05,0.13,Matches,b8e85c47
273,James Golding,ie IRL,DFMF,Southend United,19,2004,14,13,1172,13.0,3,0,3,3,0,0,1,0,0.23,0.00,0.23,0.23,0.23,Matches,71b3a110
274,James Golding,ie IRL,MFDF,Maidenhead,19,2004,7,7,612,6.8,2,0,2,2,0,0,1,0,0.29,0.00,0.29,0.29,0.29,Matches,71b3a110
275,Anthony Gomez Mancini,fr FRA,MFFW,Hartlepool,23,2001,25,7,927,10.3,2,2,4,2,0,0,3,0,0.19,0.19,0.39,0.19,0.39,Matches,bda82fc2
276,Ben Goodliffe,eng ENG,DF,Southend United,25,1999,19,14,1284,14.3,2,1,3,2,0,0,2,0,0.14,0.07,0.21,0.14,0.21,Matches,1dcffffe
277,Kyron Gordon,eng ENG,DF,Rochdale,22,2002,38,38,3381,37.6,2,2,4,2,0,0,3,0,0.05,0.05,0.11,0.05,0.11,Matches,f4aba1af
278,Dale Gorman,nir NIR,MF,Woking,28,1996,36,32,2831,31.5,2,8,10,2,0,0,18,1,0.06,0.25,0.32,0.06,0.32,Matches,a9eb6c6b
279,Josh Grant,eng ENG,DFMF,Wealdstone FC,25,1998,23,17,1465,16.3,3,0,3,3,0,0,2,0,0.18,0.00,0.18,0.18,0.18,Matches,9672abe8
280,Henry Gray,nz NZL,GK,Braintree Town,19,2005,20,20,1800,20.0,0,0,0,0,0,0,3,0,0.00,0.00,0.00,0.00,0.00,Matches,87e6ad90
281,Joe Grayson,eng ENG,DF,Gateshead,25,1999,13,11,975,10.8,1,1,2,1,0,0,3,0,0.09,0.09,0.18,0.09,0.18,Matches,d401981c
282,Cameron Green,eng ENG,DFMF,Boston United,25,1999,43,42,3722,41.4,2,5,7,2,0,0,8,0,0.05,0.12,0.17,0.05,0.17,Matches,5bdc4370
283,Oliver Green,eng ENG,MF,Boston United,21,2003,6,1,71,0.8,0,0,0,0,0,0,0,0,0.00,0.00,0.00,0.00,0.00,Matches,f155a501
284,Harvey Greenslade,eng ENG,FWMF,Yeovil Town,20,2004,27,7,895,9.9,3,1,4,3,0,0,2,0,0.30,0.10,0.40,0.30,0.40,Matches,7cb2be9d
285,Reece Grego-Cox,ie IRL,FW,Dag & Red,27,1996,17,6,662,7.4,1,1,2,0,1,1,2,0,0.14,0.14,0.27,0.00,0.14,Matches,16f65d25
286,Cameron Gregory,eng ENG,GK,Boston United,24,2000,31,31,2749,30.5,0,0,0,0,0,0,1,1,0.00,0.00,0.00,0.00,0.00,Matches,941d6c81
287,Joe Grey,eng ENG,FWMF,Hartlepool,21,2003,39,33,2788,31.0,6,3,9,6,0,0,4,0,0.19,0.10,0.29,0.19,0.29,Matches,3bd54918
288,Regan Griffiths,eng ENG,MF,Altrincham,24,2000,2,0,48,0.5,0,0,0,0,0,0,1,0,0.00,0.00,0.00,0.00,0.00,Matches,9badbf3f
289,Joe Grimwood,eng ENG,DF,Barnet,22,2001,18,7,648,7.2,0,0,0,0,0,0,1,1,0.00,0.00,0.00,0.00,0.00,Matches,819ba1f7
290,Joe Grimwood,eng ENG,DFFW,Braintree Town,22,2001,7,7,630,7.0,0,0,0,0,0,0,0,0,0.00,0.00,0.00,0.00,0.00,Matches,819ba1f7
291,George Grumley,,MF,York City,,,1,0,1,0.0,0,0,0,0,0,0,0,0,0.00,0.00,0.00,0.00,0.00,Matches,799a197a
292,Joe Gubbins,eng ENG,DF,Southend United,22,2001,24,14,1151,12.8,0,0,0,0,0,0,4,0,0.00,0.00,0.00,0.00,0.00,Matches,5e5437d4
293,Luca Gunter,eng ENG,GK,Wealdstone FC,19,2005,14,14,1260,14.0,0,0,0,0,0,0,1,0,0.00,0.00,0.00,0.00,0.00,Matches,4f334ed9
294,Reece Hall-Johnson,eng ENG,DF,Solihull Moors,29,1995,7,6,495,5.5,0,0,0,0,0,0,3,0,0.00,0.00,0.00,0.00,0.00,Matches,4a5c7dde
295,Reece Hall-Johnson,eng ENG,MF,Barnet,29,1995,5,3,262,2.9,0,0,0,0,0,0,0,0,0.00,0.00,0.00,0.00,0.00,Matches,4a5c7dde
296,Oliver Hammond,wls WAL,MFFW,Oldham Athletic,21,2002,8,6,483,5.4,0,0,0,0,0,0,0,0,0.00,0.00,0.00,0.00,0.00,Matches,3766178e
297,Luke Hannant,eng ENG,MFDF,Gateshead,30,1993,44,44,3931,43.7,15,10,25,4,11,12,10,0,0.34,0.23,0.57,0.09,0.32,Matches,fd6816f3
298,Ollie Harfield,eng ENG,DF,Aldershot Town,26,1998,6,6,468,5.2,0,0,0,0,0,0,0,0,0.00,0.00,0.00,0.00,0.00,Matches,8a3be0f1
299,Cameron Hargreaves,eng ENG,MF,Aldershot Town,25,1998,43,39,3413,37.9,5,3,8,5,0,0,7,1,0.13,0.08,0.21,0.13,0.21,Matches,acdec532
300,Nathan Harness,eng ENG,GK,Southend United,24,2000,3,2,252,2.8,0,0,0,0,0,0,1,0,0.00,0.00,0.00,0.00,0.00,Matches,cce0ae26
301,Kayden Harrack,gd GRN,DFMF,Dag & Red,20,2003,12,9,657,7.3,0,0,0,0,0,0,2,0,0.00,0.00,0.00,0.00,0.00,Matches,dd4c0cac
302,Kian Harratt,eng ENG,FW,Oldham Athletic,22,2002,9,6,574,6.4,2,0,2,2,0,0,0,0,0.31,0.00,0.31,0.31,0.31,Matches,51cb4026
303,Cian Harries,wls WAL,DF,Woking,27,1997,24,24,2105,23.4,1,1,2,0,1,2,5,0,0.04,0.04,0.09,0.00,0.04,Matches,6ee0d5eb
304,Cian Harries,wls WAL,DF,Forest Green,27,1997,14,13,1102,12.2,0,0,0,0,0,0,2,0,0.00,0.00,0.00,0.00,0.00,Matches,6ee0d5eb
305,Callum Harriott,gy GUY,MF,York City,30,1994,6,2,155,1.7,1,0,1,1,0,0,1,0,0.58,0.00,0.58,0.58,0.58,Matches,5eed3c9c
306,Callum Harriott,gy GUY,MFFW,Ebbsfleet United,30,1994,10,4,373,4.1,0,1,1,0,0,0,2,0,0.00,0.24,0.24,0.00,0.24,Matches,5eed3c9c
307,Jayden Harris,eng ENG,MFFW,Sutton United,24,1999,16,14,1292,14.4,3,2,5,3,0,0,5,0,0.21,0.14,0.35,0.21,0.35,Matches,a1f7531e
308,Anthony Hartigan,eng ENG,MFDF,Barnet,24,2000,46,46,4123,45.8,2,10,12,2,0,0,4,0,0.04,0.22,0.26,0.04,0.26,Matches,515a62bb
309,Nathan Harvey,eng ENG,GK,Dag & Red,22,2002,5,4,366,4.1,0,0,0,0,0,0,0,0,0.00,0.00,0.00,0.00,0.00,Matches,14206c26
310,Nick Haughton,eng ENG,MFFW,Fylde,29,1994,45,42,3642,40.5,19,7,26,15,4,4,3,0,0.47,0.17,0.64,0.37,0.54,Matches,7c47ac8b
311,Brandon Haunstrup,eng ENG,DFMF,Gateshead,27,1996,9,7,535,5.9,1,1,2,1,0,0,0,0,0.17,0.17,0.34,0.17,0.34,Matches,d7831bf7
312,Will de Havilland,eng ENG,DF,Maidenhead,29,1994,38,38,3307,36.7,2,0,2,2,0,0,8,0,0.05,0.00,0.05,0.05,0.05,Matches,1c6301f7
313,Nicholas Hayes,eng ENG,GK,Southend United,25,1999,18,18,1620,18.0,0,0,0,0,0,0,1,0,0.00,0.00,0.00,0.00,0.00,Matches,7c94a189
314,Nicholas Hayes,eng ENG,GK,Barnet,25,1999,25,25,2250,25.0,0,0,0,0,0,0,1,0,0.00,0.00,0.00,0.00,0.00,Matches,7c94a189
315,Maxwell Haygarth,eng ENG,MF,Altrincham,22,2002,6,4,246,2.7,0,0,0,0,0,0,2,0,0.00,0.00,0.00,0.00,0.00,Matches,2294d430
316,Jacob Hazel,kn SKN,FWMF,Boston United,30,1994,45,37,3147,35.0,13,6,19,13,0,0,7,0,0.37,0.17,0.54,0.37,0.54,Matches,0c35e192
317,Michael Hector,jm JAM,DF,Dag & Red,32,1992,2,2,179,2.0,0,0,0,0,0,0,0,0,0.00,0.00,0.00,0.00,0.00,Matches,5f1a2f31
318,Ian Henderson,eng ENG,FWMF,Rochdale,39,1985,41,9,1230,13.7,9,4,13,9,0,0,0,0,0.66,0.29,0.95,0.66,0.95,Matches,afb0fae3
319,Aaron Henry,eng ENG,MF,Rochdale,20,2003,14,8,650,7.2,1,2,3,1,0,0,1,0,0.14,0.28,0.42,0.14,0.42,Matches,72b12581
320,James Henry,eng ENG,FWMF,Aldershot Town,35,1989,40,25,2150,23.9,13,7,20,13,0,0,6,0,0.54,0.29,0.84,0.54,0.84,Matches,c354b50c
321,Jake Hessenthaler,eng ENG,MF,Dag & Red,30,1994,34,32,2786,31.0,1,0,1,1,0,0,7,1,0.03,0.00,0.03,0.03,0.03,Matches,4a3ab75c
322,Scott High,sct SCO,MF,FC Halifax Town,23,2001,21,20,1807,20.1,2,1,3,2,0,0,3,0,0.10,0.05,0.15,0.10,0.15,Matches,b8ec3525
323,Dylan Hill,eng ENG,MF,Boston United,20,2004,45,40,3535,39.3,0,2,2,0,0,0,8,0,0.00,0.05,0.05,0.00,0.05,Matches,d470029b
324,Ryan Hill,eng ENG,MF,Dag & Red,26,1998,39,32,2933,32.6,4,7,11,3,1,2,9,0,0.12,0.21,0.34,0.09,0.31,Matches,297a396f
325,Tariq Hinds,eng ENG,MF,Braintree Town,24,2000,3,1,85,0.9,0,0,0,0,0,0,0,0,0.00,0.00,0.00,0.00,0.00,Matches,4837f8d4
326,Tariq Hinds,eng ENG,DFMF,Woking,24,2000,15,13,1180,13.1,2,0,2,2,0,0,4,1,0.15,0.00,0.15,0.15,0.15,Matches,4837f8d4
327,Jack Hitchman,eng ENG,GK,Tamworth,20,2004,1,0,62,0.7,0,0,0,0,0,0,0,0,0.00,0.00,0.00,0.00,0.00,Matches,84d12479
328,Bailey Hobson,eng ENG,MFFW,Barnet,21,2002,13,10,875,9.7,2,1,3,2,0,0,1,0,0.21,0.10,0.31,0.21,0.31,Matches,25288dfe
329,Shaun Hobson,eng ENG,DF,Oldham Athletic,26,1998,21,19,1726,19.2,0,0,0,0,0,0,2,0,0.00,0.00,0.00,0.00,0.00,Matches,a2d2dbf3
330,Lee Hodson,nir NIR,MFDF,Eastleigh,32,1991,30,12,1360,15.1,0,1,1,0,0,0,2,0,0.00,0.07,0.07,0.00,0.07,Matches,7206c879
331,Liam Hogan,eng ENG,DF,Rochdale,35,1989,29,26,2340,26.0,0,0,0,0,0,0,3,0,0.00,0.00,0.00,0.00,0.00,Matches,7a5e2895
332,Haydn Hollis,eng ENG,DF,Tamworth,31,1992,46,46,4140,46.0,3,2,5,3,0,0,3,0,0.07,0.04,0.11,0.07,0.11,Matches,3e6bea88
333,Fletcher Holman,eng ENG,FWMF,Solihull Moors,19,2004,20,9,1033,11.5,3,0,3,3,0,0,1,0,0.26,0.00,0.26,0.26,0.26,Matches,de40b95a
334,Finley Holmes,eng ENG,MF,Solihull Moors,18,2006,2,0,14,0.2,0,0,0,0,0,0,0,0,0.00,0.00,0.00,0.00,0.00,Matches,80e42c26
335,Josh Home,eng ENG,MF,Gateshead,19,2005,2,0,22,0.2,0,0,0,0,0,0,0,0,0.00,0.00,0.00,0.00,0.00,Matches,c2343ea9
336,Tom Hopper,eng ENG,FW,Southend United,30,1993,19,15,1320,14.7,2,1,3,2,0,0,2,0,0.14,0.07,0.20,0.14,0.20,Matches,ad8a7344
337,Branden Horton,eng ENG,MFDF,Gateshead,23,2000,17,15,1420,15.8,0,1,1,0,0,0,5,0,0.00,0.06,0.06,0.00,0.06,Matches,12144137
338,Bryce Hosannah,eng ENG,DFMF,Fylde,25,1999,25,18,1643,18.3,0,2,2,0,0,0,3,0,0.00,0.11,0.11,0.00,0.11,Matches,be3fae33
339,Florent Hoti,xk KVX,MFFW,FC Halifax Town,23,2000,37,31,2707,30.1,5,5,10,4,1,2,7,0,0.17,0.17,0.33,0.13,0.30,Matches,fab0ae07
340,Callum Howe,eng ENG,DF,York City,30,1994,46,46,4139,46.0,3,3,6,3,0,0,3,0,0.07,0.07,0.13,0.07,0.13,Matches,a121920f
341,Finn Howell,,DF,Solihull Moors,,,2,0,15,0.2,0,0,0,0,0,0,0,0,0.00,0.00,0.00,0.00,0.00,Matches,45e6ab96
342,Samuel Howes,eng ENG,GK,Wealdstone FC,26,1997,8,8,650,7.2,0,0,0,0,0,0,0,0,0.00,0.00,0.00,0.00,0.00,Matches,4504f157
343,Samuel Howes,eng ENG,GK,Maidenhead,26,1997,6,6,540,6.0,0,0,0,0,0,0,0,0,0.00,0.00,0.00,0.00,0.00,Matches,4504f157
344,Mathew Hudson,eng ENG,GK,Oldham Athletic,26,1998,35,35,3150,35.0,0,0,0,0,0,0,3,0,0.00,0.00,0.00,0.00,0.00,Matches,687edb27
345,Will Hugill,eng ENG,MF,Fylde,20,2004,26,20,1764,19.6,2,0,2,2,0,0,4,0,0.10,0.00,0.10,0.10,0.10,Matches,37bffbb2
346,Liam Humbles,eng ENG,MFFW,Altrincham,20,2003,8,6,481,5.3,0,3,3,0,0,0,0,0,0.00,0.56,0.56,0.00,0.56,Matches,a21093e1
347,Liam Humbles,eng ENG,MF,Gateshead,20,2003,21,15,1360,15.1,1,2,3,1,0,0,0,0,0.07,0.13,0.20,0.07,0.20,Matches,a21093e1
348,Lloyd Humphries,wls WAL,DFMF,Eastleigh,26,1997,37,26,2288,25.4,1,4,5,1,0,0,4,0,0.04,0.16,0.20,0.04,0.20,Matches,6fa6a42e
349,Alex Hunt,eng ENG,MF,York City,24,2000,45,42,3622,40.2,4,7,11,3,1,1,10,0,0.10,0.17,0.27,0.07,0.25,Matches,c049795e
350,Jack Hunter,eng ENG,MFDF,Hartlepool,26,1997,30,21,1960,21.8,1,0,1,1,0,0,8,1,0.05,0.00,0.05,0.05,0.05,Matches,64d91580
351,Noor Husin,af AFG,MF,Southend United,27,1997,43,36,3212,35.7,1,1,2,1,0,0,6,0,0.03,0.03,0.06,0.03,0.06,Matches,9035308b
352,Dominic Hutchinson,eng ENG,MFDF,Wealdstone FC,22,2001,29,15,1501,16.7,1,1,2,1,0,0,3,0,0.06,0.06,0.12,0.06,0.12,Matches,e6514c9c
353,Rohan Ince,ms MSR,DFFW,Woking,31,1992,1,0,1,0.0,0,0,0,0,0,0,0,0,0.00,0.00,0.00,0.00,0.00,Matches,a74f8572
354,Ryan Inniss,eng ENG,DF,Forest Green,29,1995,41,39,3410,37.9,5,1,6,5,0,0,3,1,0.13,0.03,0.16,0.13,0.16,Matches,600ae8cb
355,Alex Iwumene,eng ENG,MF,Eastleigh,19,2005,1,0,1,0.0,0,0,0,0,0,0,0,0,0.00,0.00,0.00,0.00,0.00,Matches,26110349
356,William Jääskeläinen,fi FIN,GK,Woking,26,1998,44,44,3960,44.0,0,0,0,0,0,0,4,0,0.00,0.00,0.00,0.00,0.00,Matches,dd6814d1
357,Ryan Jackson,eng ENG,DFMF,Sutton United,34,1990,24,21,1731,19.2,0,0,0,0,0,0,1,0,0.00,0.00,0.00,0.00,0.00,Matches,904f53f7
358,Edward James,wls WAL,DF,Yeovil Town,19,2004,2,2,157,1.7,1,0,1,1,0,0,1,0,0.57,0.00,0.57,0.57,0.57,Matches,2fd633be
359,Aaron Jarvis,eng ENG,FW,Yeovil Town,26,1998,27,24,1976,22.0,7,2,9,7,0,0,5,0,0.32,0.09,0.41,0.32,0.41,Matches,23a11244
360,Zach Jeacock,eng ENG,GK,Southend United,23,2001,3,3,206,2.3,0,0,0,0,0,0,0,1,0.00,0.00,0.00,0.00,0.00,Matches,f7299b39
361,Jack Jenkins,eng ENG,MF,FC Halifax Town,22,2002,29,22,1626,18.1,0,1,1,0,0,0,5,0,0.00,0.06,0.06,0.00,0.06,Matches,3d46127c
362,Luke Jenkins,eng ENG,DFMF,Aldershot Town,21,2002,10,6,525,5.8,0,0,0,0,0,0,2,0,0.00,0.00,0.00,0.00,0.00,Matches,1e901274
363,Teddy Jenks,eng ENG,DFMF,Forest Green,22,2002,19,8,675,7.5,2,0,2,2,0,0,0,0,0.27,0.00,0.27,0.27,0.27,Matches,a96ba40b
364,Cameron John,eng ENG,DF,York City,24,1999,32,27,2369,26.3,2,3,5,2,0,0,6,0,0.08,0.11,0.19,0.08,0.19,Matches,6c753e99
365,Louis John,eng ENG,DFMF,Ebbsfleet United,30,1994,10,7,571,6.3,0,0,0,0,0,0,0,0,0.00,0.00,0.00,0.00,0.00,Matches,2e5479ae
366,Lenell John-Lewis,eng ENG,FWMF,York City,35,1989,34,0,655,7.3,5,4,9,4,1,1,3,0,0.69,0.55,1.24,0.55,1.10,Matches,9e4d738e
367,Brayden Johnson,eng ENG,MF,Gateshead,18,2006,4,0,83,0.9,0,0,0,0,0,0,0,0,0.00,0.00,0.00,0.00,0.00,Matches,fc472fa3
368,Joshua Johnson,eng ENG,MFFW,Maidenhead,19,2004,22,11,1042,11.6,1,0,1,1,0,0,0,0,0.09,0.00,0.09,0.09,0.09,Matches,a605536a
369,Sam Johnson,eng ENG,GK,FC Halifax Town,31,1992,38,38,3363,37.4,0,0,0,0,0,0,0,0,0.00,0.00,0.00,0.00,0.00,Matches,a8fe5f70
370,Charlie Jolley,eng ENG,FWMF,Fylde,23,2001,39,26,2136,23.7,7,2,9,7,0,0,9,0,0.29,0.08,0.38,0.29,0.38,Matches,ed807659
371,Aaron Jones,eng ENG,MFDF,Aldershot Town,30,1994,33,31,2724,30.3,1,0,1,1,0,0,11,2,0.03,0.00,0.03,0.03,0.03,Matches,ab2ed7c9
372,Dan Jones,eng ENG,DF,Gateshead,29,1994,23,18,1574,17.5,1,0,1,1,0,0,4,0,0.06,0.00,0.06,0.06,0.06,Matches,0ccfc499
373,Edward Jones,wls WAL,DF,Altrincham,22,2001,14,10,833,9.3,1,1,2,1,0,0,4,1,0.11,0.11,0.22,0.11,0.22,Matches,86954f62
374,Jacob Jones,wls WAL,MFDF,Woking,22,2001,11,8,621,6.9,0,1,1,0,0,0,2,0,0.00,0.14,0.14,0.00,0.14,Matches,1ab4469c
375,James Jones,sct SCO,DF,Altrincham,27,1997,27,21,2068,23.0,1,0,1,1,0,0,0,0,0.04,0.00,0.04,0.04,0.04,Matches,fd175aab
376,Louis Jones,eng ENG,GK,Dag & Red,25,1998,7,7,624,6.9,0,0,0,0,0,0,0,0,0.00,0.00,0.00,0.00,0.00,Matches,c58bcf0d
377,Ryan Jones,eng ENG,MFFW,Aldershot Town,22,2002,39,28,2526,28.1,6,5,11,6,0,0,5,0,0.21,0.18,0.39,0.21,0.39,Matches,33c68da9
378,Sean Jordon Adarkwa,eng ENG,FW,Wealdstone FC,23,2000,2,0,40,0.4,0,0,0,0,0,0,0,0,0.00,0.00,0.00,0.00,0.00,Matches,bb165e36
379,Alan Judge,ie IRL,MF,Braintree Town,35,1988,13,4,463,5.1,0,0,0,0,0,0,0,0,0.00,0.00,0.00,0.00,0.00,Matches,3d9ef282
380,Alan Judge,ie IRL,MF,Woking,35,1988,5,2,188,2.1,0,0,0,0,0,0,0,0,0.00,0.00,0.00,0.00,0.00,Matches,3d9ef282
381,Elliot Justham,eng ENG,GK,Dag & Red,34,1990,28,28,2520,28.0,0,0,0,0,0,0,3,0,0.00,0.00,0.00,0.00,0.00,Matches,18b1c055
382,Nicke Kabamba,eng ENG,FWMF,Barnet,31,1993,18,13,1291,14.3,10,0,10,8,2,2,1,0,0.70,0.00,0.70,0.56,0.56,Matches,db35ec0a
383,Adan Kai George,eng ENG,FWMF,FC Halifax Town,22,2002,19,13,1065,11.8,0,1,1,0,0,0,2,1,0.00,0.08,0.08,0.00,0.08,Matches,da390ff1
384,Paul Kalambayi,eng ENG,DF,Dag & Red,25,1999,40,39,3375,37.5,0,1,1,0,0,0,2,0,0.00,0.03,0.03,0.00,0.03,Matches,d1b37f9d
385,Todd Kane,eng ENG,DFMF,Ebbsfleet United,30,1993,11,10,762,8.5,0,0,0,0,0,0,0,0,0.00,0.00,0.00,0.00,0.00,Matches,dd082c59
386,Idris Kanu,sl SLE,MFFW,Barnet,24,1999,38,29,2536,28.2,2,3,5,2,0,0,5,0,0.07,0.11,0.18,0.07,0.18,Matches,23c98036
387,Josh Kay,eng ENG,MF,Oldham Athletic,27,1996,21,5,759,8.4,1,2,3,1,0,0,5,1,0.12,0.24,0.36,0.12,0.36,Matches,1e7cc357
388,Bradley Keetch,eng ENG,MF,Maidenhead,23,2000,12,2,239,2.7,0,0,0,0,0,0,1,0,0.00,0.00,0.00,0.00,0.00,Matches,474d0150
389,Jim Kellerman,eng ENG,MFDF,Ebbsfleet United,26,1997,12,11,833,9.3,0,0,0,0,0,0,3,0,0.00,0.00,0.00,0.00,0.00,Matches,e1539b3f
390,Bradley Kelly,eng ENG,GK,Rochdale,24,2000,1,0,19,0.2,0,0,0,0,0,0,0,0,0.00,0.00,0.00,0.00,0.00,Matches,c2fb28d7
391,Dion Kelly-Evans,eng ENG,DFMF,Woking,27,1996,29,25,1998,22.2,1,0,1,1,0,0,1,1,0.05,0.00,0.05,0.05,0.05,Matches,61fa62a8
392,Charlie Kendall,eng ENG,FWMF,Woking,23,2000,17,8,857,9.5,3,1,4,3,0,0,3,0,0.32,0.11,0.42,0.32,0.42,Matches,f3cb63d1
393,Charlie Kendall,eng ENG,FW,Southend United,23,2000,22,13,1068,11.9,4,5,9,4,0,0,0,0,0.34,0.42,0.76,0.34,0.76,Matches,f3cb63d1
394,Myles Kenlock,eng ENG,DFMF,Barnet,27,1996,42,42,3609,40.1,1,1,2,1,0,0,5,0,0.02,0.02,0.05,0.02,0.05,Matches,e1cfdc48
395,Ollie Kensdale,eng ENG,DFMF,Southend United,24,2000,3,3,270,3.0,0,0,0,0,0,0,0,0,0.00,0.00,0.00,0.00,0.00,Matches,862fce90
396,Matt Kerbey,eng ENG,GK,Sutton United,22,2002,1,0,5,0.1,0,0,0,0,0,0,0,0,0.00,0.00,0.00,0.00,0.00,Matches,a894acb0
397,Rafiq Khaleel,eng ENG,MF,Dag & Red,21,2003,10,3,317,3.5,1,0,1,1,0,0,0,0,0.28,0.00,0.28,0.28,0.28,Matches,10e551ab
398,Otis Khan,pk PAK,MF,Oldham Athletic,28,1995,7,2,247,2.7,1,0,1,1,0,0,2,1,0.36,0.00,0.36,0.36,0.36,Matches,013a61ae
399,Otis Khan,pk PAK,MFFW,Yeovil Town,28,1995,5,4,303,3.4,0,0,0,0,0,0,1,1,0.00,0.00,0.00,0.00,0.00,Matches,013a61ae
400,Brendan Kiernan,eng ENG,MFFW,Maidenhead,31,1992,9,7,534,5.9,5,2,7,5,0,0,2,0,0.84,0.34,1.18,0.84,1.18,Matches,7b3ca119
401,Jeff King,eng ENG,DF,York City,28,1995,10,3,394,4.4,0,2,2,0,0,0,1,0,0.00,0.46,0.46,0.00,0.46,Matches,4fb3b8e4
402,Jack Kingdon,sct SCO,DF,Rochdale,18,2005,16,9,953,10.6,0,1,1,0,0,0,2,0,0.00,0.09,0.09,0.00,0.09,Matches,2e1811e4
403,Alex Kirk,eng ENG,DFMF,Sutton United,21,2002,11,9,848,9.4,1,0,1,1,0,0,0,0,0.11,0.00,0.11,0.11,0.11,Matches,ace36a62
404,Mark Kitching,eng ENG,MFDF,Oldham Athletic,28,1995,40,35,3165,35.2,3,3,6,3,0,0,4,0,0.09,0.09,0.17,0.09,0.17,Matches,9cca4f93
405,Harry Kite,eng ENG,MF,Yeovil Town,24,2000,7,5,428,4.8,0,0,0,0,0,0,3,0,0.00,0.00,0.00,0.00,0.00,Matches,506d5e2d
406,Joe Kizzi,eng ENG,DFFW,Barnet,31,1993,12,6,717,8.0,0,1,1,0,0,0,1,0,0.00,0.13,0.13,0.00,0.13,Matches,66b9c6f2
407,Jacob Knightbridge,eng ENG,GK,Braintree Town,20,2004,2,2,180,2.0,0,0,0,0,0,0,0,0,0.00,0.00,0.00,0.00,0.00,Matches,145a8071
408,Jimmy Knowles,eng ENG,FWMF,Boston United,23,2001,18,17,1216,13.5,4,2,6,4,0,0,1,0,0.30,0.15,0.44,0.30,0.44,Matches,ab2e4f92
409,Tom Knowles,eng ENG,FWMF,Forest Green,25,1998,40,28,2299,25.5,1,2,3,1,0,0,6,0,0.04,0.08,0.12,0.04,0.12,Matches,05182c2c
410,Corey Koerner,,,Yeovil Town,,,1,0,1,0.0,0,0,0,0,0,0,0,0,0.00,0.00,0.00,0.00,0.00,Matches,4c57bb59
411,Ricky Korboa,eng ENG,MF,Maidenhead,27,1996,5,2,263,2.9,0,1,1,0,0,0,0,0,0.00,0.34,0.34,0.00,0.34,Matches,3cf0a771
412,Matty Kosylo,eng ENG,MFFW,Altrincham,31,1992,25,13,1187,13.2,2,3,5,2,0,0,6,2,0.15,0.23,0.38,0.15,0.38,Matches,33653967
413,Max Kretzschmar,eng ENG,MF,Wealdstone FC,30,1993,39,35,2886,32.1,3,9,12,3,0,0,9,1,0.09,0.28,0.37,0.09,0.37,Matches,c4ff4d0e
414,Joss Labadie,eng ENG,MFDF,Solihull Moors,33,1990,19,4,348,3.9,0,0,0,0,0,0,2,1,0.00,0.00,0.00,0.00,0.00,Matches,57fdfc19
415,Levi Laing,eng ENG,DF,Aldershot Town,21,2003,4,4,258,2.9,0,0,0,0,0,0,0,0,0.00,0.00,0.00,0.00,0.00,Matches,90295964
416,Rob Lainton,eng ENG,GK,Altrincham,34,1989,7,7,576,6.4,0,0,0,0,0,0,1,0,0.00,0.00,0.00,0.00,0.00,Matches,8b5e21c0
417,Reggie Lambe,bm BER,MF,Braintree Town,33,1991,6,0,107,1.2,0,0,0,0,0,0,2,0,0.00,0.00,0.00,0.00,0.00,Matches,17307e0a
418,George Langston,eng ENG,DF,Braintree Town,21,2002,42,42,3731,41.5,0,4,4,0,0,0,9,0,0.00,0.10,0.10,0.00,0.10,Matches,5ee078da
419,Alex Lankshear,eng ENG,DFMF,Ebbsfleet United,21,2002,14,13,1216,13.5,1,0,1,1,0,0,0,0,0.07,0.00,0.07,0.07,0.07,Matches,ccc52936
420,Thierry Latty Fairweather,eng ENG,DF,Maidenhead,21,2002,34,31,2599,28.9,1,0,1,1,0,0,7,1,0.03,0.00,0.03,0.03,0.03,Matches,b4073508
421,Marcel Lavinier,eng ENG,MFDF,Yeovil Town,23,2000,8,4,343,3.8,0,0,0,0,0,0,1,0,0.00,0.00,0.00,0.00,0.00,Matches,6b3e4b53
422,Marcel Lavinier,eng ENG,DF,Forest Green,23,2000,6,0,103,1.1,0,1,1,0,0,0,0,0,0.00,0.87,0.87,0.00,0.87,Matches,6b3e4b53
423,Conor Lawless,eng ENG,MF,Dag & Red,23,2001,8,0,66,0.7,0,0,0,0,0,0,1,0,0.00,0.00,0.00,0.00,0.00,Matches,e19e78a5
424,Sha'mar Lawson,,MF,Ebbsfleet United,,,6,2,227,2.5,0,0,0,0,0,0,0,0,0.00,0.00,0.00,0.00,0.00,Matches,1dbc0c52
425,Sha'mar Lawson,,MFDF,Woking,,,6,3,248,2.8,0,0,0,0,0,0,2,0,0.00,0.00,0.00,0.00,0.00,Matches,1dbc0c52
426,Tom Leahy,eng ENG,FWMF,Woking,20,2004,13,4,427,4.7,1,0,1,1,0,0,1,0,0.21,0.00,0.21,0.21,0.21,Matches,a2f34f23
427,Tom Leak,eng ENG,DF,Boston United,23,2000,17,10,1012,11.2,0,0,0,0,0,0,3,0,0.00,0.00,0.00,0.00,0.00,Matches,30b520ad
428,Jake Leake,eng ENG,DFMF,Oldham Athletic,21,2003,16,15,1261,14.0,0,0,0,0,0,0,1,0,0.00,0.00,0.00,0.00,0.00,Matches,da3c6e0a
429,Lewis Leigh,eng ENG,MFFW,FC Halifax Town,20,2003,7,3,338,3.8,0,0,0,0,0,0,0,1,0.00,0.00,0.00,0.00,0.00,Matches,be26ecbe
430,Dennon Lewis,eng ENG,MF,Woking,27,1997,18,10,981,10.9,0,1,1,0,0,0,0,0,0.00,0.09,0.09,0.00,0.09,Matches,9bbcb926
431,Sam Ling,eng ENG,DF,Dag & Red,27,1996,13,8,679,7.5,0,1,1,0,0,0,0,0,0.00,0.13,0.13,0.00,0.13,Matches,3cc22309
432,Regan Linney,eng ENG,FWMF,Altrincham,27,1997,42,36,3077,34.2,23,7,30,18,5,5,9,0,0.67,0.20,0.88,0.53,0.73,Matches,8af4ec0b
433,Kyreece Lisbie,jm JAM,MF,Braintree Town,20,2003,5,5,408,4.5,1,0,1,1,0,0,2,0,0.22,0.00,0.22,0.22,0.22,Matches,22c7c9cb
434,Kyrell Lisbie,jm JAM,MFFW,Braintree Town,20,2003,40,30,2554,28.4,13,1,14,13,0,0,7,0,0.46,0.04,0.49,0.46,0.49,Matches,c629112f
435,Kai Lissimore,eng ENG,MF,Tamworth,20,2003,5,0,93,1.0,0,0,0,0,0,0,1,0,0.00,0.00,0.00,0.00,0.00,Matches,3a329bbc
436,Paris Lock,eng ENG,FW,Braintree Town,19,2004,5,0,20,0.2,0,0,0,0,0,0,0,0,0.00,0.00,0.00,0.00,0.00,Matches,d89bfb5b
437,Kevin Lokko,eng ENG,DF,Maidenhead,28,1995,27,26,2276,25.3,4,1,5,4,0,0,4,1,0.16,0.04,0.20,0.16,0.20,Matches,248c483c
438,Adam Long,eng ENG,DF,Fylde,23,2000,18,15,1346,15.0,1,1,2,1,0,0,2,0,0.07,0.07,0.13,0.07,0.13,Matches,2b179a40
439,Sean Long,ie IRL,DF,Forest Green,29,1995,37,32,2746,30.5,0,0,0,0,0,0,9,1,0.00,0.00,0.00,0.00,0.00,Matches,ebfab2ea
440,Aaron Loupalo-Bi,eng ENG,FW,Dag & Red,18,2005,20,12,1060,11.8,1,1,2,1,0,0,0,0,0.08,0.08,0.17,0.08,0.17,Matches,55572f89
441,Kazenga LuaLua,cd COD,MF,Hartlepool,33,1990,7,2,247,2.7,0,1,1,0,0,0,1,0,0.00,0.36,0.36,0.00,0.36,Matches,d732d28a
442,Junior Luamba,eng ENG,MF,York City,21,2003,17,5,648,7.2,1,2,3,1,0,0,0,0,0.14,0.28,0.42,0.14,0.42,Matches,0466c547
443,Lucas,br BRA,GK,Braintree Town,33,1991,23,23,2070,23.0,0,0,0,0,0,0,0,0,0.00,0.00,0.00,0.00,0.00,Matches,3afe2ff9
444,Lucas,br BRA,GK,Ebbsfleet United,33,1991,1,1,90,1.0,0,0,0,0,0,0,0,0,0.00,0.00,0.00,0.00,0.00,Matches,3afe2ff9
445,Josh Lundstram,eng ENG,MFFW,Oldham Athletic,25,1999,37,28,2326,25.8,5,2,7,5,0,0,1,0,0.19,0.08,0.27,0.19,0.27,Matches,62156ac0
446,Lennon MacLorg,eng ENG,GK,Braintree Town,18,2005,1,1,90,1.0,0,0,0,0,0,0,0,0,0.00,0.00,0.00,0.00,0.00,Matches,6c4a7247
447,Jacob Maddox,eng ENG,MFFW,Yeovil Town,25,1998,5,2,129,1.4,0,0,0,0,0,0,0,0,0.00,0.00,0.00,0.00,0.00,Matches,ff97076d
448,Gary Madine,eng ENG,FW,Hartlepool,33,1990,29,17,1426,15.8,7,1,8,7,0,0,1,0,0.44,0.06,0.50,0.44,0.50,Matches,e3e6502a
449,Christian Maghoma,cd COD,DFMF,Aldershot Town,26,1997,23,21,1888,21.0,0,2,2,0,0,0,5,0,0.00,0.10,0.10,0.00,0.10,Matches,0d824513
450,Chris Maguire,sct SCO,FWMF,Eastleigh,35,1989,42,24,2416,26.8,8,0,8,5,3,5,7,0,0.30,0.00,0.30,0.19,0.19,Matches,f5a71789
451,Frankie Maguire,eng ENG,MF,Boston United,21,2003,37,30,2472,27.5,5,4,9,5,0,0,4,0,0.18,0.15,0.33,0.18,0.33,Matches,3e5bd5e0
452,Niall Maher,eng ENG,DF,Eastleigh,29,1995,36,35,3038,33.8,3,0,3,3,0,0,6,0,0.09,0.00,0.09,0.09,0.09,Matches,419bc22a
453,Ronan Maher,ie IRL,MF,Tamworth,19,2004,13,10,824,9.2,2,2,4,2,0,0,1,0,0.22,0.22,0.44,0.22,0.44,Matches,2f4692d1
454,Trent Mahorn,eng ENG,DFMF,Dag & Red,22,2001,33,19,1917,21.3,0,1,1,0,0,0,9,0,0.00,0.05,0.05,0.00,0.05,Matches,26bc03a2
455,Emmanuel Maja-Awesu,eng ENG,MF,Aldershot Town,23,2001,9,1,252,2.8,0,0,0,0,0,0,1,0,0.00,0.00,0.00,0.00,0.00,Matches,d4badd4f
456,Jovan Malcolm,eng ENG,FWMF,Gateshead,21,2002,37,21,2063,22.9,9,1,10,9,0,0,2,0,0.39,0.04,0.44,0.39,0.44,Matches,4090b0e9
457,Harrison Male,eng ENG,GK,York City,23,2000,41,41,3620,40.2,0,1,1,0,0,0,4,0,0.00,0.02,0.02,0.00,0.02,Matches,1573da4d
458,Maxx Manktelow,,DFFW,Ebbsfleet United,,,25,7,953,10.6,1,1,2,1,0,0,3,0,0.09,0.09,0.19,0.09,0.19,Matches,ac65c20c
459,Adrian Mariappa,jm JAM,DF,Wealdstone FC,37,1986,41,33,3081,34.2,0,0,0,0,0,0,9,1,0.00,0.00,0.00,0.00,0.00,Matches,8aa5f52c
460,Adam Marriott,eng ENG,FW,Boston United,33,1991,29,1,483,5.4,2,0,2,2,0,0,0,0,0.37,0.00,0.37,0.37,0.37,Matches,cfaf78a0
461,Isaac Marriott,eng ENG,MF,Altrincham,24,1999,18,12,974,10.8,1,0,1,1,0,0,5,0,0.09,0.00,0.09,0.09,0.09,Matches,c9fdd637
462,Marley Marshall-Miranda,eng ENG,MFDF,Braintree Town,21,2002,31,27,2231,24.8,1,0,1,1,0,0,16,1,0.04,0.00,0.04,0.04,0.04,Matches,4862e1cb
463,Brandon Mason,eng ENG,MFDF,Wealdstone FC,26,1997,7,4,396,4.4,0,0,0,0,0,0,3,0,0.00,0.00,0.00,0.00,0.00,Matches,1415840f
464,Owen Mason,ie IRL,GK,Gateshead,20,2004,11,11,990,11.0,0,0,0,0,0,0,0,0,0.00,0.00,0.00,0.00,0.00,Matches,d160dba6
465,Alan Massey,eng ENG,DF,Maidenhead,35,1989,21,13,1311,14.6,0,0,0,0,0,0,2,1,0.00,0.00,0.00,0.00,0.00,Matches,e0edd746
466,Gavin Massey,eng ENG,MFFW,Fylde,31,1992,38,25,2228,24.8,6,2,8,6,0,1,8,0,0.24,0.08,0.32,0.24,0.32,Matches,2d20498b
467,Roshaun Mathurin,eng ENG,MFFW,Hartlepool,20,2004,9,3,297,3.3,0,1,1,0,0,0,0,0,0.00,0.30,0.30,0.00,0.30,Matches,c036048e
468,Archie Matthews,eng ENG,GK,Wealdstone FC,22,2001,9,9,741,8.2,0,0,0,0,0,0,0,0,0.00,0.00,0.00,0.00,0.00,Matches,412bed19
469,Adam May,eng ENG,MF,Forest Green,26,1997,46,46,4090,45.4,2,3,5,2,0,0,5,0,0.04,0.07,0.11,0.04,0.11,Matches,04f6724d
470,Jokubas Mazionis,lt LTU,DF,Woking,18,2006,6,6,540,6.0,0,0,0,0,0,0,1,0,0.00,0.00,0.00,0.00,0.00,Matches,0048e432
471,Kyle McAllister,sct SCO,MFFW,Forest Green,25,1999,44,39,3446,38.3,10,7,17,9,1,1,5,0,0.26,0.18,0.44,0.24,0.42,Matches,206d1f48
472,Connor McAvoy,sct SCO,DF,Wealdstone FC,22,2002,16,13,1174,13.0,0,0,0,0,0,0,4,0,0.00,0.00,0.00,0.00,0.00,Matches,cfdd6846
473,Connor McBride,sct SCO,FWMF,Rochdale,23,2001,31,19,1712,19.0,4,2,6,4,0,0,1,0,0.21,0.11,0.32,0.21,0.32,Matches,4d600d04
474,Paul McCallum,eng ENG,FW,Eastleigh,31,1993,35,26,2326,25.8,9,3,12,7,2,2,10,0,0.35,0.12,0.46,0.27,0.39,Matches,fc3a96ed
475,Charlie McCann,nir NIR,MF,Forest Green,22,2002,38,35,3109,34.5,11,4,15,11,0,0,8,0,0.32,0.12,0.43,0.32,0.43,Matches,187650d5
476,Luke McCormick,eng ENG,MF,Forest Green,25,1999,5,1,162,1.8,0,0,0,0,0,0,0,0,0.00,0.00,0.00,0.00,0.00,Matches,edd9f53f
477,Shawn McCoulsky,eng ENG,FW,Maidenhead,27,1997,44,36,3307,36.7,16,2,18,14,2,2,6,0,0.44,0.05,0.49,0.38,0.44,Matches,ad0b4e96
478,Wesley McDonald,eng ENG,FWMF,Eastleigh,27,1997,6,0,123,1.4,0,0,0,0,0,0,1,0,0.00,0.00,0.00,0.00,0.00,Matches,11afa85e
479,Joe McDonnell,eng ENG,GK,Eastleigh,30,1994,46,46,4140,46.0,0,1,1,0,0,0,4,0,0.00,0.02,0.02,0.00,0.02,Matches,2739f08a
480,Callum McFarlane,eng ENG,FWMF,Wealdstone FC,20,2003,8,6,634,7.0,3,0,3,3,0,0,0,0,0.43,0.00,0.43,0.43,0.43,Matches,3ad76a60
481,Lincoln McFayden,eng ENG,DFMF,Fylde,22,2002,31,23,2179,24.2,2,2,4,2,0,0,2,0,0.08,0.08,0.17,0.08,0.17,Matches,86a3eb1a
482,Brett McGavin,eng ENG,MF,Yeovil Town,24,1999,39,35,2991,33.2,7,3,10,7,0,1,3,0,0.21,0.09,0.30,0.21,0.30,Matches,f0094deb
483,Tom McGlinchey,eng ENG,MF,Tamworth,27,1996,42,35,2968,33.0,10,2,12,10,0,0,2,0,0.30,0.06,0.36,0.30,0.36,Matches,e00a1edd
484,Will McGowan,eng ENG,MFFW,Gateshead,21,2002,15,10,863,9.6,0,2,2,0,0,0,0,0,0.00,0.21,0.21,0.00,0.21,Matches,78397afe
485,Ciaran McGuckin,nir NIR,FWMF,Yeovil Town,20,2003,26,20,1636,18.2,4,4,8,4,0,0,1,0,0.22,0.22,0.44,0.22,0.44,Matches,aa583204
486,Sean McGurk,eng ENG,FWMF,Yeovil Town,21,2003,10,7,563,6.3,2,0,2,2,0,0,0,0,0.32,0.00,0.32,0.32,0.32,Matches,33cbe5b9
487,Patrick McLaughlin,nir NIR,DFMF,York City,33,1991,6,0,23,0.3,0,0,0,0,0,0,0,0,0.00,0.00,0.00,0.00,0.00,Matches,303fbb6c
488,Ryan McLean,eng ENG,MF,Yeovil Town,24,2000,7,2,253,2.8,0,0,0,0,0,0,0,0,0.00,0.00,0.00,0.00,0.00,Matches,716138a2
489,Luke McNicholas,ie IRL,GK,Rochdale,24,2000,9,9,810,9.0,0,0,0,0,0,0,0,0,0.00,0.00,0.00,0.00,0.00,Matches,ebd043b1
490,Cameron McPherson,,,Braintree Town,,,1,0,1,0.0,0,0,0,0,0,0,0,0,0.00,0.00,0.00,0.00,0.00,Matches,185b59e9
491,Rollin Menayese,wls WAL,DFMF,Aldershot Town,26,1997,12,10,1005,11.2,0,0,0,0,0,0,4,0,0.00,0.00,0.00,0.00,0.00,Matches,104e9490
492,Cavanagh Miley,eng ENG,MF,Southend United,29,1995,25,12,1139,12.7,0,0,0,0,0,0,8,1,0.00,0.00,0.00,0.00,0.00,Matches,769e0887
493,Jamie Miley,eng ENG,MF,Hartlepool,20,2004,16,13,1068,11.9,2,2,4,2,0,0,6,0,0.17,0.17,0.34,0.17,0.34,Matches,86bef93d
494,Todd Miller,eng ENG,MF,Wealdstone FC,21,2002,3,0,38,0.4,0,0,0,0,0,0,0,0,0.00,0.00,0.00,0.00,0.00,Matches,a3d04dc8
495,Zak Mills,eng ENG,DF,Boston United,32,1992,39,39,3489,38.8,6,1,7,6,0,0,9,0,0.15,0.03,0.18,0.15,0.18,Matches,7ba9f8ee
496,Carter Milmore,eng ENG,DF,Gateshead,18,2005,1,0,5,0.1,0,0,0,0,0,0,0,0,0.00,0.00,0.00,0.00,0.00,Matches,68195034
497,Ben Milnes,eng ENG,MF,Tamworth,32,1991,28,23,1707,19.0,2,2,4,1,1,1,8,0,0.11,0.11,0.21,0.05,0.16,Matches,60f801e7
498,Ethan Mitchell,eng ENG,MF,Fylde,21,2002,40,39,3445,38.3,1,2,3,1,0,0,14,0,0.03,0.05,0.08,0.03,0.08,Matches,cefd1350
499,Kairo Mitchell,gd GRN,FW,Rochdale,26,1997,44,35,3117,34.6,14,4,18,13,1,1,8,0,0.40,0.12,0.52,0.38,0.49,Matches,6ff4e8e9
500,Jayden Mitchell-Lawson,eng ENG,MF,Maidenhead,24,1999,11,11,870,9.7,0,1,1,0,0,0,2,0,0.00,0.10,0.10,0.00,0.10,Matches,eb5efdc7
501,George Moncur,eng ENG,MFFW,Southend United,30,1993,14,12,969,10.8,0,1,1,0,0,0,1,0,0.00,0.09,0.09,0.00,0.09,Matches,14a7d8e3
502,George Moncur,eng ENG,MFFW,Ebbsfleet United,30,1993,21,21,1701,18.9,3,3,6,3,0,0,0,0,0.16,0.16,0.32,0.16,0.32,Matches,14a7d8e3
503,Manny Monthe,cm CMR,DF,Oldham Athletic,29,1995,27,27,2429,27.0,4,1,5,4,0,0,5,0,0.15,0.04,0.19,0.15,0.19,Matches,c256ceeb
504,Daniel Mooney,wls WAL,FWMF,Boston United,25,1999,13,6,515,5.7,0,0,0,0,0,1,1,0,0.00,0.00,0.00,0.00,0.00,Matches,fb36a33a
505,Deon Moore,gy GUY,FWMF,Woking,25,1999,10,7,531,5.9,0,1,1,0,0,0,1,0,0.00,0.17,0.17,0.00,0.17,Matches,42a272a4
506,Jack Moore,eng ENG,DF,Tamworth,20,2003,1,0,1,0.0,0,0,0,0,0,0,0,0,0.00,0.00,0.00,0.00,0.00,Matches,306501b7
507,Jordan Moore-Taylor,eng ENG,DFMF,Forest Green,30,1994,23,19,1672,18.6,1,0,1,1,0,0,2,0,0.05,0.00,0.05,0.05,0.05,Matches,34623941
508,Dylan Morgan,eng ENG,MFFW,Yeovil Town,21,2002,11,5,439,4.9,0,1,1,0,0,0,0,0,0.00,0.21,0.21,0.00,0.21,Matches,4d09edf2
509,Junior Morias,eng ENG,MF,Woking,29,1995,7,3,338,3.8,2,0,2,2,0,0,0,0,0.53,0.00,0.53,0.53,0.53,Matches,31eec725
510,Junior Morias,eng ENG,MFFW,Dag & Red,29,1995,19,19,1554,17.3,6,3,9,6,0,0,2,0,0.35,0.17,0.52,0.35,0.52,Matches,31eec725
511,George Morrison,sct SCO,MF,Tamworth,18,2005,34,32,2772,30.8,0,2,2,0,0,0,9,0,0.00,0.06,0.06,0.00,0.06,Matches,739b93fc
512,Kyle Morrison,eng ENG,DF,Solihull Moors,28,1996,11,5,598,6.6,0,0,0,0,0,0,1,0,0.00,0.00,0.00,0.00,0.00,Matches,06516c01
513,James Morton,eng ENG,MF,Southend United,24,1999,43,32,2835,31.5,0,4,4,0,0,0,3,0,0.00,0.13,0.13,0.00,0.13,Matches,c6d70d1e
514,Daniel Moss,eng ENG,MFDF,Woking,23,2000,27,25,2136,23.7,3,0,3,3,0,0,9,0,0.13,0.00,0.13,0.13,0.13,Matches,5069526f
515,Harry Moss,eng ENG,GK,Gateshead,20,2004,3,3,270,3.0,0,0,0,0,0,0,0,0,0.00,0.00,0.00,0.00,0.00,Matches,96a74d40
516,Fabian Mrozek,pl POL,GK,Forest Green,20,2003,11,11,990,11.0,0,0,0,0,0,0,1,0,0.00,0.00,0.00,0.00,0.00,Matches,927eecf9
517,Hayden Muller,eng ENG,DFMF,Sutton United,22,2002,26,21,1839,20.4,0,0,0,0,0,0,4,0,0.00,0.00,0.00,0.00,0.00,Matches,78549571
518,Maxwell Mullins,eng ENG,DFMF,Aldershot Town,21,2002,32,5,675,7.5,1,2,3,1,0,0,3,0,0.13,0.27,0.40,0.13,0.40,Matches,df5e7b4b
519,Jaydn Mundle-Smith,eng ENG,DF,Wealdstone FC,24,1999,17,15,1385,15.4,0,5,5,0,0,0,3,1,0.00,0.32,0.32,0.00,0.32,Matches,adc4a193
520,Christian N'Guessan,eng ENG,MF,Dag & Red,25,1998,40,33,2829,31.4,1,1,2,1,0,0,6,0,0.03,0.03,0.06,0.03,0.06,Matches,bbeae2d9
521,Ashley Nadesan,eng ENG,FWMF,Sutton United,29,1994,43,28,2863,31.8,8,7,15,8,0,0,8,0,0.25,0.22,0.47,0.25,0.47,Matches,ba39248a
522,Richard Nartey,eng ENG,DF,Barnet,25,1998,2,0,52,0.6,0,0,0,0,0,0,0,0,0.00,0.00,0.00,0.00,0.00,Matches,de6cafb8
523,Ashley Nathaniel-George,ag ATG,MFFW,York City,29,1995,36,24,1992,22.1,6,2,8,6,0,0,6,1,0.27,0.09,0.36,0.27,0.36,Matches,2c5dbbac
524,Lee Ndlovu,zw ZIM,FW,Barnet,29,1994,20,17,1418,15.8,6,1,7,6,0,0,1,0,0.38,0.06,0.44,0.38,0.44,Matches,4e77bd1d
525,Alex Newby,eng ENG,MF,Altrincham,28,1995,44,42,3519,39.1,15,9,24,15,0,0,4,0,0.38,0.23,0.61,0.38,0.61,Matches,9f297afa
526,Joe Newton,eng ENG,DFMF,Solihull Moors,23,2001,40,36,3273,36.4,0,3,3,0,0,0,7,0,0.00,0.08,0.08,0.00,0.08,Matches,1ef3c3e9
527,Tyrelle Newton,eng ENG,FWMF,Gateshead,19,2005,34,20,1957,21.7,4,1,5,4,0,0,5,0,0.18,0.05,0.23,0.18,0.23,Matches,e0aef7b7
528,Brad Nicholson,eng ENG,DF,Boston United,25,1998,19,17,1597,17.7,0,4,4,0,0,0,3,0,0.00,0.23,0.23,0.00,0.23,Matches,c2737cf0
529,Daniel Nkrumah,eng ENG,FW,FC Halifax Town,20,2003,6,4,321,3.6,0,0,0,0,0,0,1,0,0.00,0.00,0.00,0.00,0.00,Matches,4b9a2c96
530,James Norwood,eng ENG,FWMF,Oldham Athletic,33,1990,25,14,1261,14.0,8,2,10,7,1,1,5,0,0.57,0.14,0.71,0.50,0.64,Matches,f01b35ea
531,Frank Nouble,eng ENG,FW,Gateshead,32,1991,7,3,299,3.3,0,0,0,0,0,0,1,0,0.00,0.00,0.00,0.00,0.00,Matches,0a8e46da
532,Frank Nouble,eng ENG,FWMF,Yeovil Town,32,1991,36,25,2459,27.3,3,3,6,3,0,0,4,0,0.11,0.11,0.22,0.11,0.22,Matches,0a8e46da
533,Joe Nuttall,eng ENG,FWMF,Altrincham,27,1997,26,13,1307,14.5,4,1,5,4,0,0,3,0,0.28,0.07,0.34,0.28,0.34,Matches,fd357b13
534,Solomon Nwabuokei,eng ENG,MF,Eastleigh,28,1996,4,3,315,3.5,0,0,0,0,0,0,2,0,0.00,0.00,0.00,0.00,0.00,Matches,3dcb23a4
535,Aiden O'Brien,ie IRL,MF,Woking,30,1993,9,7,556,6.2,3,0,3,3,0,0,2,0,0.49,0.00,0.49,0.49,0.49,Matches,c5cc1b13
536,Darragh O'Connor,ie IRL,DF,York City,24,1999,4,2,190,2.1,0,0,0,0,0,0,1,0,0.00,0.00,0.00,0.00,0.00,Matches,868305ff
537,Taelor O'Kane,eng ENG,MF,Fylde,18,2005,20,6,707,7.9,0,1,1,0,0,0,1,0,0.00,0.13,0.13,0.00,0.13,Matches,0d6c3433
538,Luke O'Neill,eng ENG,DF,Ebbsfleet United,32,1991,22,21,1654,18.4,0,0,0,0,0,0,1,0,0.00,0.00,0.00,0.00,0.00,Matches,0b8720ce
539,Marcel Oakley,eng ENG,DFMF,Solihull Moors,21,2002,29,27,2294,25.5,1,1,2,1,0,0,6,0,0.04,0.04,0.08,0.04,0.08,Matches,114ef345
540,Emeka Obi,ng NGA,DF,Fylde,23,2001,22,14,1340,14.9,0,0,0,0,0,0,3,0,0.00,0.00,0.00,0.00,0.00,Matches,abfea42c
541,Micah Obiero,ke KEN,FWMF,Wealdstone FC,23,2001,35,21,1919,21.3,3,1,4,3,0,0,5,0,0.14,0.05,0.19,0.14,0.19,Matches,6d1a159d
542,Siju Odelusi,eng ENG,MF,Sutton United,25,1998,34,20,1818,20.2,3,0,3,1,2,2,4,0,0.15,0.00,0.15,0.05,0.05,Matches,067588f2
543,Nathan Odokonyero,eng ENG,FW,Ebbsfleet United,21,2002,1,0,31,0.3,0,0,0,0,0,0,0,0,0.00,0.00,0.00,0.00,0.00,Matches,28f92967
544,Oluwarotimi Odusina,eng ENG,DF,Woking,24,1999,21,16,1432,15.9,0,0,0,0,0,0,4,0,0.00,0.00,0.00,0.00,0.00,Matches,a01c4240
545,Reagan Ogle,eng ENG,DF,Oldham Athletic,25,1999,36,34,2969,33.0,1,1,2,1,0,0,5,0,0.03,0.03,0.06,0.03,0.06,Matches,1c9c1f51
546,Miracle Okafor,eng ENG,FW,Tamworth,23,2001,14,1,197,2.2,0,0,0,0,0,0,0,0,0.00,0.00,0.00,0.00,0.00,Matches,04d7a416
547,Jid Okeke,ng NGA,MFFW,Rochdale,19,2004,8,6,520,5.8,0,1,1,0,0,0,1,0,0.00,0.17,0.17,0.00,0.17,Matches,c5fc420e
548,Jerome Okimo,eng ENG,DFMF,Barnet,36,1988,11,0,141,1.6,0,0,0,0,0,0,0,0,0.00,0.00,0.00,0.00,0.00,Matches,12c912e2
549,Chinwike Okoli,eng ENG,DF,Sutton United,20,2003,9,6,577,6.4,0,0,0,0,0,0,3,0,0.00,0.00,0.00,0.00,0.00,Matches,3145b6e2
550,Chinwike Okoli,eng ENG,DF,Woking,20,2003,17,16,1385,15.4,1,0,1,1,0,0,4,1,0.06,0.00,0.06,0.06,0.06,Matches,3145b6e2
551,Emmanuel Okunowo,eng ENG,MF,Braintree Town,18,2005,6,0,42,0.5,0,0,0,0,0,0,1,0,0.00,0.00,0.00,0.00,0.00,Matches,dc1b6c68
552,Mustapha Olagunju,eng ENG,DF,Ebbsfleet United,22,2002,24,24,2095,23.3,2,0,2,2,0,0,6,2,0.09,0.00,0.09,0.09,0.09,Matches,69db7164
553,Greg Olley,eng ENG,FW,Gateshead,28,1996,2,2,86,1.0,3,0,3,3,0,0,0,0,3.14,0.00,3.14,3.14,3.14,Matches,784b9507
554,Charlie Olson,eng ENG,DF,Altrincham,19,2004,20,20,1613,17.9,0,0,0,0,0,0,5,0,0.00,0.00,0.00,0.00,0.00,Matches,7c313382
555,Andrew Oluwabori,ng NGA,MFFW,FC Halifax Town,22,2001,27,17,1501,16.7,6,0,6,6,0,0,3,0,0.36,0.00,0.36,0.36,0.36,Matches,73c61a18
556,Adebola Oluwo,eng ENG,DF,Barnet,24,1999,36,33,2948,32.8,6,0,6,6,0,0,5,0,0.18,0.00,0.18,0.18,0.18,Matches,aff0774f
557,Joshua Oluwole,eng ENG,MF,Woking,25,1999,8,2,325,3.6,0,0,0,0,0,0,1,0,0.00,0.00,0.00,0.00,0.00,Matches,042b285b
558,Tobi Omole,eng ENG,DF,Wealdstone FC,24,1999,3,0,12,0.1,0,0,0,0,0,0,0,0,0.00,0.00,0.00,0.00,0.00,Matches,296904e8
559,Tyrese Omotoye,be BEL,FW,Forest Green,21,2002,4,0,34,0.4,0,0,0,0,0,0,0,0,0.00,0.00,0.00,0.00,0.00,Matches,4ea75e87
560,Manny Onariase,ng NGA,DFMF,Hartlepool,27,1996,4,0,80,0.9,0,0,0,0,0,0,0,0,0.00,0.00,0.00,0.00,0.00,Matches,69c1a491
561,Manny Onariase,ng NGA,DF,Maidenhead,27,1996,20,19,1720,19.1,1,0,1,1,0,0,1,0,0.05,0.00,0.05,0.05,0.05,Matches,69c1a491
562,Charles Ondo,gq EQG,DF,Ebbsfleet United,20,2003,1,0,34,0.4,0,0,0,0,0,0,0,0,0.00,0.00,0.00,0.00,0.00,Matches,4fd96308
563,Danny Ormerod,eng ENG,FWMF,Fylde,18,2006,33,11,1110,12.3,1,1,2,1,0,0,3,0,0.08,0.08,0.16,0.08,0.16,Matches,a968440b
564,Emmanuel Osadebe,ie IRL,MFDF,Forest Green,27,1996,41,24,2266,25.2,1,5,6,1,0,0,9,0,0.04,0.20,0.24,0.04,0.24,Matches,d8819c25
565,Elliot Osborne,eng ENG,MF,Altrincham,28,1996,42,35,3067,34.1,1,3,4,1,0,0,4,0,0.03,0.09,0.12,0.03,0.12,Matches,a50c1fe4
566,Jamey Osborne,eng ENG,MFFW,Solihull Moors,32,1992,39,37,3128,34.8,2,10,12,2,0,0,13,0,0.06,0.29,0.35,0.06,0.35,Matches,6ace445f
567,Sam Osborne,eng ENG,MFFW,Boston United,25,1999,19,11,962,10.7,3,1,4,3,0,0,2,0,0.28,0.09,0.37,0.28,0.37,Matches,f2d2b827
568,Owen Oseni,ng NGA,FW,Gateshead,21,2003,24,21,1686,18.7,12,0,12,12,0,0,4,0,0.64,0.00,0.64,0.64,0.64,Matches,223156dd
569,Lewis Page,eng ENG,DFMF,Ebbsfleet United,28,1996,16,15,1065,11.8,1,0,1,1,0,0,4,0,0.08,0.00,0.08,0.08,0.08,Matches,54d79726
570,Corey Panter,eng ENG,DFMF,Eastleigh,23,2000,22,11,1110,12.3,0,0,0,0,0,0,9,0,0.00,0.00,0.00,0.00,0.00,Matches,88020f05
571,Tom Parkes,eng ENG,DFMF,Hartlepool,32,1992,41,41,3550,39.4,2,1,3,2,0,0,11,0,0.05,0.03,0.08,0.05,0.08,Matches,87a8e452
572,Connor Parsons,eng ENG,MF,Dag & Red,23,2000,2,0,86,1.0,0,0,0,0,0,0,0,0,0.00,0.00,0.00,0.00,0.00,Matches,46dcd732
573,Kacper Pasiek,pl POL,DFMF,Altrincham,18,2005,7,4,416,4.6,0,0,0,0,0,0,0,0,0.00,0.00,0.00,0.00,0.00,Matches,af41ba84
574,Josh Passley,eng ENG,MFDF,Ebbsfleet United,29,1994,11,9,730,8.1,0,0,0,0,0,0,2,1,0.00,0.00,0.00,0.00,0.00,Matches,e1672820
575,Kai Payne,eng ENG,MF,Oldham Athletic,19,2004,4,4,326,3.6,0,0,0,0,0,0,0,0,0.00,0.00,0.00,0.00,0.00,Matches,f3051c6f
576,Ollie Pearce,eng ENG,FWMF,York City,28,1995,45,44,3771,41.9,31,10,41,23,8,8,7,1,0.74,0.24,0.98,0.55,0.79,Matches,3490fef0
577,Sam Pearson,wls WAL,MF,Yeovil Town,22,2001,12,5,615,6.8,1,4,5,1,0,0,1,0,0.15,0.59,0.73,0.15,0.73,Matches,8ade0e46
578,Matt Penney,eng ENG,DFMF,Altrincham,26,1998,3,0,118,1.3,0,1,1,0,0,0,0,0,0.00,0.76,0.76,0.00,0.76,Matches,b74a0f79
579,Matt Penney,eng ENG,DFMF,Rochdale,26,1998,1,0,31,0.3,0,0,0,0,0,0,0,0,0.00,0.00,0.00,0.00,0.00,Matches,b74a0f79
580,Aribim Pepple,ca CAN,FW,Southend United,21,2002,19,17,1217,13.5,7,2,9,7,0,0,3,0,0.52,0.15,0.67,0.52,0.67,Matches,94c53a55
581,Dion Pereira,ag ATG,MFFW,Dag & Red,25,1999,35,29,2551,28.3,10,4,14,4,6,6,2,0,0.35,0.14,0.49,0.14,0.28,Matches,8aab04dc
582,Tom Pett,eng ENG,MF,Oldham Athletic,32,1991,21,19,1664,18.5,0,5,5,0,0,0,4,0,0.00,0.27,0.27,0.00,0.27,Matches,c3ac50ff
583,Casey Pettit,eng ENG,MF,Maidenhead,21,2002,46,46,3943,43.8,0,1,1,0,0,0,5,0,0.00,0.02,0.02,0.00,0.02,Matches,02f607ba
584,Giles Phillips,us USA,DFMF,Ebbsfleet United,27,1997,5,4,349,3.9,0,0,0,0,0,0,0,0,0.00,0.00,0.00,0.00,0.00,Matches,ce5d5349
585,Leon Phillips,eng ENG,GK,Tamworth,22,2001,1,1,90,1.0,0,0,0,0,0,0,0,0,0.00,0.00,0.00,0.00,0.00,Matches,448ec521
586,Harry Phipps,eng ENG,DFMF,Dag & Red,25,1998,34,28,2616,29.1,4,0,4,4,0,0,5,0,0.14,0.00,0.14,0.14,0.14,Matches,380a180f
587,Rio Phipps,eng ENG,MFDF,Braintree Town,26,1997,7,3,362,4.0,0,0,0,0,0,0,2,0,0.00,0.00,0.00,0.00,0.00,Matches,bee5d289
588,Jacob Pinnington,eng ENG,DFMF,Braintree Town,19,2004,20,14,1310,14.6,0,2,2,0,0,0,3,0,0.00,0.14,0.14,0.00,0.14,Matches,1e9c9743
589,Jacob Pinnington,eng ENG,MFDF,Solihull Moors,19,2004,9,2,214,2.4,0,0,0,0,0,0,0,0,0.00,0.00,0.00,0.00,0.00,Matches,1e9c9743
590,James Plant,eng ENG,DFMF,Yeovil Town,19,2004,13,12,1077,12.0,2,1,3,2,0,0,2,0,0.17,0.08,0.25,0.17,0.25,Matches,09b62860
591,Dominic Poleon,lc LCA,FW,Ebbsfleet United,30,1993,27,14,1571,17.5,5,0,5,4,1,1,1,0,0.29,0.00,0.29,0.23,0.23,Matches,18c922bb
592,Jordan Ponticelli,eng ENG,MFFW,Tamworth,25,1998,19,9,752,8.4,2,2,4,2,0,0,0,0,0.24,0.24,0.48,0.24,0.48,Matches,667ad6cb
593,Callum Powell,eng ENG,MF,Tamworth,28,1996,2,2,138,1.5,0,0,0,0,0,0,0,0,0.00,0.00,0.00,0.00,0.00,Matches,36614d8f
594,Callum Powell,eng ENG,FWMF,Braintree Town,28,1996,16,7,689,7.7,1,0,1,1,0,0,2,0,0.13,0.00,0.13,0.13,0.13,Matches,36614d8f
595,Joe Pritchard,eng ENG,MFFW,Oldham Athletic,27,1996,14,6,778,8.6,2,2,4,1,1,1,4,0,0.23,0.23,0.46,0.12,0.35,Matches,05f6be0b
596,Tom Pugh,eng ENG,MFFW,FC Halifax Town,23,2000,39,18,1645,18.3,2,1,3,2,0,0,1,0,0.11,0.05,0.16,0.11,0.16,Matches,f9c186bd
597,Rekeil Pyke,eng ENG,FW,Eastleigh,26,1997,2,2,99,1.1,0,0,0,0,0,0,0,0,0.00,0.00,0.00,0.00,0.00,Matches,4e93da96
598,Joe Quigley,ie IRL,FW,Forest Green,27,1996,37,11,1218,13.5,0,5,5,0,0,0,1,0,0.00,0.37,0.37,0.00,0.37,Matches,0e9e2dd4
599,Scott Quigley,eng ENG,FWMF,Eastleigh,31,1992,23,17,1412,15.7,2,2,4,2,0,0,3,2,0.13,0.13,0.25,0.13,0.25,Matches,8cace2d5
600,Ben Radcliffe,eng ENG,DF,Gateshead,20,2004,19,17,1554,17.3,2,1,3,2,0,0,2,0,0.12,0.06,0.17,0.12,0.17,Matches,c1824876
601,Charlie Raglan,eng ENG,DF,Oldham Athletic,31,1993,41,40,3674,40.8,5,1,6,5,0,0,8,0,0.12,0.02,0.15,0.12,0.15,Matches,387ac5d8
602,Arjan Raikhy,eng ENG,MF,Tamworth,21,2002,7,1,111,1.2,0,0,0,0,0,0,2,0,0.00,0.00,0.00,0.00,0.00,Matches,5f364ecd
603,Nathan Ralph,eng ENG,DF,Southend United,31,1993,40,39,3535,39.3,2,1,3,2,0,0,8,0,0.05,0.03,0.08,0.05,0.08,Matches,2dec3014
604,Will Randall,eng ENG,MFDF,Wealdstone FC,27,1997,11,8,621,6.9,0,0,0,0,0,0,2,0,0.00,0.00,0.00,0.00,0.00,Matches,130915c8
605,Will Randall,eng ENG,FWMF,Ebbsfleet United,27,1997,7,3,230,2.6,0,0,0,0,0,0,0,0,0.00,0.00,0.00,0.00,0.00,Matches,130915c8
606,Harvey Randle,,GK,Altrincham,,,2,1,135,1.5,0,0,0,0,0,0,0,0,0.00,0.00,0.00,0.00,0.00,Matches,a958d801
607,Harry Ransom,eng ENG,DF,Sutton United,24,1999,21,13,1421,15.8,0,2,2,0,0,0,5,0,0.00,0.13,0.13,0.00,0.13,Matches,698779af
608,Kahrel Reddin,eng ENG,MF,Altrincham,20,2004,34,9,1116,12.4,1,3,4,1,0,0,2,0,0.08,0.24,0.32,0.08,0.32,Matches,f7e7eb81
609,Samuel Reed,,MF,Boston United,,,4,3,225,2.5,0,0,0,0,0,0,1,0,0.00,0.00,0.00,0.00,0.00,Matches,6ed9e9f6
610,Josh Rees,eng ENG,MFFW,Dag & Red,30,1993,41,38,3421,38.0,16,6,22,16,0,0,5,0,0.42,0.16,0.58,0.42,0.58,Matches,89dd9814
611,Alex Reid,eng ENG,FW,Oldham Athletic,28,1995,5,2,175,1.9,0,0,0,0,0,0,0,0,0.00,0.00,0.00,0.00,0.00,Matches,b3502edd
612,Alex Reid,eng ENG,FW,Wealdstone FC,28,1995,30,30,2698,30.0,16,0,16,11,5,5,5,0,0.53,0.00,0.53,0.37,0.37,Matches,b3502edd
613,Shiloh Remy,lc LCA,MFFW,Dag & Red,23,2000,23,12,1000,11.1,1,1,2,1,0,0,3,0,0.09,0.09,0.18,0.09,0.18,Matches,e7340e38
614,Jordan Richards,eng ENG,MFDF,Boston United,27,1997,41,38,3295,36.6,0,2,2,0,0,0,7,2,0.00,0.05,0.05,0.00,0.05,Matches,ed4a6fc0
615,Kenton Richardson,eng ENG,DF,Gateshead,25,1999,15,14,1196,13.3,1,0,1,1,0,0,4,0,0.08,0.00,0.08,0.08,0.08,Matches,6ee319a2
616,Lewis Richardson,eng ENG,MFFW,York City,21,2003,13,10,682,7.6,4,2,6,4,0,0,1,0,0.53,0.26,0.79,0.53,0.79,Matches,4fa62ae4
617,Theo Richardson,eng ENG,GK,Fylde,25,1998,5,5,450,5.0,0,0,0,0,0,0,0,0,0.00,0.00,0.00,0.00,0.00,Matches,de1866e8
618,Joe Riley,eng ENG,MF,Fylde,27,1996,40,30,2728,30.3,1,3,4,1,0,0,8,0,0.03,0.10,0.13,0.03,0.13,Matches,4d4e417c
619,Mitchell Roberts,eng ENG,DF,Boston United,23,2000,7,6,442,4.9,0,0,0,0,0,0,1,0,0.00,0.00,0.00,0.00,0.00,Matches,c2464b76
620,Tyler Roberts,jm JAM,MF,Fylde,20,2003,29,23,2021,22.5,3,2,5,3,0,0,9,1,0.13,0.09,0.22,0.13,0.22,Matches,91ac3046
621,Darren Robinson,nir NIR,MF,Hartlepool,19,2004,6,2,166,1.8,0,0,0,0,0,0,3,0,0.00,0.00,0.00,0.00,0.00,Matches,569525cd
622,Jack Robinson,eng ENG,DF,Hartlepool,23,2001,3,2,79,0.9,0,0,0,0,0,0,0,0,0.00,0.00,0.00,0.00,0.00,Matches,df25cb0e
623,Junior Robinson,eng ENG,DF,Sutton United,20,2004,1,1,61,0.7,0,0,0,0,0,0,0,0,0.00,0.00,0.00,0.00,0.00,Matches,ecb01ccb
624,Matt Robinson,eng ENG,MF,Braintree Town,30,1994,43,38,3319,36.9,3,2,5,3,0,0,4,0,0.08,0.05,0.14,0.08,0.14,Matches,ac487578
625,David Robson,wls WAL,GK,Rochdale,22,2002,8,8,720,8.0,0,0,0,0,0,0,1,0,0.00,0.00,0.00,0.00,0.00,Matches,206d7181
626,Ethan Robson,eng ENG,MFFW,Gateshead,27,1996,3,3,167,1.9,1,0,1,1,0,0,0,0,0.54,0.00,0.54,0.54,0.54,Matches,961a5164
627,Jamie Robson,sct SCO,DF,Forest Green,26,1997,46,46,4092,45.5,4,3,7,4,0,0,11,0,0.09,0.07,0.15,0.09,0.15,Matches,b0780fb4
628,Devante Rodney,eng ENG,FW,Rochdale,26,1998,35,28,2396,26.6,17,3,20,16,1,1,1,0,0.64,0.11,0.75,0.60,0.71,Matches,9ca54653
629,Jack Roles,cy CYP,MF,Gateshead,25,1999,12,11,916,10.2,3,0,3,3,0,0,3,0,0.29,0.00,0.29,0.29,0.29,Matches,a6915d4b
630,Craig Ross,eng ENG,GK,Maidenhead,34,1990,40,40,3600,40.0,0,2,2,0,0,0,4,0,0.00,0.05,0.05,0.00,0.05,Matches,74eda47c
631,Ethan Ross,eng ENG,GK,Altrincham,27,1997,27,27,2409,26.8,0,0,0,0,0,0,2,0,0.00,0.00,0.00,0.00,0.00,Matches,d1c8c364
632,Jordan Rossiter,eng ENG,MF,Oldham Athletic,27,1997,21,18,1500,16.7,0,2,2,0,0,0,4,0,0.00,0.12,0.12,0.00,0.12,Matches,0e459095
633,Jai Rowe,eng ENG,DFMF,Boston United,22,2001,46,43,3941,43.8,7,1,8,7,0,0,4,0,0.16,0.02,0.18,0.16,0.18,Matches,b140b76f
634,Matt Rush,eng ENG,FW,Sutton United,23,2001,7,1,114,1.3,0,0,0,0,0,0,1,0,0.00,0.00,0.00,0.00,0.00,Matches,2bed795e
635,Oscar Rutherford,eng ENG,DFMF,Dag & Red,20,2003,40,30,2781,30.9,1,1,2,1,0,0,3,0,0.03,0.03,0.06,0.03,0.06,Matches,bdb42e2c
636,Joe Ryan,,FW,Eastleigh,,,5,0,45,0.5,0,0,0,0,0,0,0,0,0.00,0.00,0.00,0.00,0.00,Matches,28e8b0d1
637,Joe Rye,eng ENG,DF,Barnet,20,2004,3,3,186,2.1,0,0,0,0,0,0,1,0,0.00,0.00,0.00,0.00,0.00,Matches,54649cde
638,Kian Ryley,eng ENG,MF,Solihull Moors,19,2005,6,0,72,0.8,0,0,0,0,0,0,0,0,0.00,0.00,0.00,0.00,0.00,Matches,9ca8292f
639,Dominic Samuel,eng ENG,FW,Ebbsfleet United,30,1994,15,8,664,7.4,1,0,1,1,0,0,1,0,0.14,0.00,0.14,0.14,0.14,Matches,65829d85
640,Henry Sandat,eng ENG,MF,Sutton United,19,2005,11,2,217,2.4,0,0,0,0,0,0,1,0,0.00,0.00,0.00,0.00,0.00,Matches,98a62bc6
641,Henry Sandat,eng ENG,MFFW,Wealdstone FC,19,2005,14,6,542,6.0,1,0,1,1,0,0,0,0,0.17,0.00,0.17,0.17,0.17,Matches,98a62bc6
642,Billy Sass-Davies,wls WAL,DF,Hartlepool,24,2000,24,20,1818,20.2,0,0,0,0,0,0,3,0,0.00,0.00,0.00,0.00,0.00,Matches,d6486476
643,Dan Sassi,eng ENG,DF,Rochdale,20,2003,4,4,358,4.0,0,1,1,0,0,0,0,0,0.00,0.25,0.25,0.00,0.25,Matches,e70e6657
644,Dan Sassi,eng ENG,DF,Fylde,20,2003,6,4,346,3.8,0,0,0,0,0,0,1,0,0.00,0.00,0.00,0.00,0.00,Matches,e70e6657
645,Toby Savin,ga GAB,GK,Barnet,24,2000,2,2,180,2.0,0,0,0,0,0,0,0,0,0.00,0.00,0.00,0.00,0.00,Matches,2eac1788
646,Toby Savin,ga GAB,GK,FC Halifax Town,24,2000,8,8,720,8.0,0,0,0,0,0,0,0,0,0.00,0.00,0.00,0.00,0.00,Matches,2eac1788
647,Charlie Sayers,eng ENG,DF,Woking,20,2004,1,1,45,0.5,0,0,0,0,0,0,0,0,0.00,0.00,0.00,0.00,0.00,Matches,e9a33c85
648,Christian Scott,eng ENG,MF,Wealdstone FC,19,2005,14,5,488,5.4,0,0,0,0,0,0,1,0,0.00,0.00,0.00,0.00,0.00,Matches,2c358941
649,Jacob Scott,eng ENG,DF,Boston United,18,2005,3,2,164,1.8,0,1,1,0,0,0,1,0,0.00,0.55,0.55,0.00,0.55,Matches,d50648de
650,Oliver Scott,eng ENG,DFMF,Aldershot Town,23,2000,24,21,1824,20.3,1,0,1,1,0,0,5,0,0.05,0.00,0.05,0.05,0.05,Matches,4df4375e
651,Gus Scott-Morriss,eng ENG,DF,Southend United,27,1997,44,44,3938,43.8,17,4,21,17,0,0,8,0,0.39,0.09,0.48,0.39,0.48,Matches,16540629
652,Jamie Searle,nz NZL,GK,Forest Green,23,2000,1,1,90,1.0,0,0,0,0,0,0,0,0,0.00,0.00,0.00,0.00,0.00,Matches,b252b367
653,Jeffrey Sekyere,be BEL,FW,Wealdstone FC,20,2003,4,0,17,0.2,0,0,0,0,0,0,0,0,0.00,0.00,0.00,0.00,0.00,Matches,10ae58a8
654,Tyrell Sellars-Fleming,eng ENG,FW,Gateshead,19,2005,15,6,681,7.6,1,4,5,1,0,0,1,0,0.13,0.53,0.66,0.13,0.66,Matches,4f20f4af
655,Jai Semenyo,eng ENG,DFMF,Eastleigh,21,2003,24,7,760,8.4,1,0,1,1,0,0,4,0,0.12,0.00,0.12,0.12,0.12,Matches,2719a70a
656,Adam Senior,eng ENG,DF,FC Halifax Town,22,2002,46,46,4140,46.0,5,3,8,5,0,0,4,0,0.11,0.07,0.17,0.11,0.17,Matches,982d373e
657,Courtney Senior,eng ENG,MF,Rochdale,27,1997,6,1,83,0.9,0,0,0,0,0,0,0,0,0.00,0.00,0.00,0.00,0.00,Matches,afed04f9
658,Liam Sercombe,eng ENG,MF,Forest Green,34,1990,35,31,2564,28.5,4,4,8,4,0,0,4,0,0.14,0.14,0.28,0.14,0.28,Matches,52ca979d
659,Tyrese Shade,kn SKN,FWMF,Eastleigh,24,2000,43,41,3533,39.3,14,6,20,14,0,0,8,1,0.36,0.15,0.51,0.36,0.51,Matches,8ef54d40
660,Kofi Shaw,,MFFW,Yeovil Town,,,16,10,937,10.4,2,1,3,2,0,0,3,1,0.19,0.10,0.29,0.19,0.29,Matches,972ef49c
661,Max Sheaf,eng ENG,MFFW,Gateshead,24,2000,6,2,128,1.4,0,0,0,0,0,0,1,0,0.00,0.00,0.00,0.00,0.00,Matches,d1c09e4e
662,Mark Shelton,eng ENG,MF,Barnet,27,1996,33,27,2312,25.7,12,2,14,6,6,6,6,0,0.47,0.08,0.54,0.23,0.31,Matches,1fa3806b
663,George Shelvey,eng ENG,GK,Gateshead,23,2001,7,7,581,6.5,0,1,1,0,0,0,0,0,0.00,0.15,0.15,0.00,0.15,Matches,5ab61aea
664,Nathan Sheron,eng ENG,MFDF,Hartlepool,26,1997,44,44,3790,42.1,1,3,4,1,0,0,11,0,0.02,0.07,0.09,0.02,0.09,Matches,dec9eb3d
665,Tobi Sho-Silva,eng ENG,FW,Maidenhead,29,1995,18,1,210,2.3,1,0,1,1,0,0,1,0,0.43,0.00,0.43,0.43,0.43,Matches,d4c9b726
666,Lewis Simper,eng ENG,MFFW,Sutton United,22,2001,40,39,3452,38.4,7,5,12,7,0,0,9,0,0.18,0.13,0.31,0.18,0.31,Matches,3a3088b2
667,Jack Sims,eng ENG,GK,Sutton United,25,1999,31,31,2785,30.9,0,1,1,0,0,0,1,0,0.00,0.03,0.03,0.00,0.03,Matches,5e7dc92c
668,Josh Sims,eng ENG,MFFW,Yeovil Town,27,1997,36,17,1639,18.2,1,2,3,1,0,0,2,0,0.05,0.11,0.16,0.05,0.16,Matches,6d6f09dc
669,Tyrese Sinclair,eng ENG,MF,York City,23,2001,45,32,2626,29.2,7,4,11,7,0,0,8,0,0.24,0.14,0.38,0.24,0.38,Matches,501dedfd
670,Frankie Sinfield,,FW,FC Halifax Town,,,1,0,1,0.0,0,0,0,0,0,0,0,0,0.00,0.00,0.00,0.00,0.00,Matches,cf9f4b8b
671,Jasbir Singh,eng ENG,GK,Tamworth,34,1990,45,45,3987,44.3,0,0,0,0,0,0,6,1,0.00,0.00,0.00,0.00,0.00,Matches,4cd6bd09
672,Jeremy Sivi,eng ENG,MFDF,Sutton United,22,2002,20,10,972,10.8,2,0,2,2,0,0,0,0,0.19,0.00,0.19,0.19,0.19,Matches,bbda4918
673,Greg Sloggett,ie IRL,MF,Boston United,28,1996,9,6,598,6.6,0,0,0,0,0,0,0,0,0.00,0.00,0.00,0.00,0.00,Matches,d035138b
674,Greg Sloggett,ie IRL,MF,Hartlepool,28,1996,18,8,728,8.1,0,0,0,0,0,0,2,0,0.00,0.00,0.00,0.00,0.00,Matches,d035138b
675,Adam Smith,eng ENG,GK,Hartlepool,31,1992,31,30,2758,30.6,0,0,0,0,0,0,2,0,0.00,0.00,0.00,0.00,0.00,Matches,9425d9bf
676,Joshua Smith,eng ENG,MF,Woking,20,2004,1,0,10,0.1,0,0,0,0,0,0,0,0,0.00,0.00,0.00,0.00,0.00,Matches,502e321f
677,Michael Smith,nir NIR,DFMF,Yeovil Town,35,1988,27,22,1691,18.8,1,2,3,1,0,0,4,0,0.05,0.11,0.16,0.05,0.16,Matches,ffea470f
678,Reece Smith,eng ENG,MF,Maidenhead,22,2002,43,40,3550,39.4,6,8,14,6,0,0,4,0,0.15,0.20,0.35,0.15,0.35,Matches,d23cc8c6
679,Will Smith,eng ENG,DF,FC Halifax Town,25,1998,33,33,2956,32.8,1,0,1,1,0,0,3,0,0.03,0.00,0.03,0.03,0.03,Matches,2a29198c
680,Harrison Sohna,eng ENG,MF,Wealdstone FC,22,2002,18,13,1134,12.6,3,2,5,3,0,0,3,0,0.24,0.16,0.40,0.24,0.40,Matches,11661c16
681,Ayodeji Sotona,ie IRL,FW,Eastleigh,21,2002,1,0,32,0.4,0,0,0,0,0,0,0,0,0.00,0.00,0.00,0.00,0.00,Matches,02bdd01e
682,Pape Souaré,sn SEN,DFMF,Ebbsfleet United,34,1990,8,5,585,6.5,0,0,0,0,0,0,3,0,0.00,0.00,0.00,0.00,0.00,Matches,46b5375e
683,Jordi van Stappershoef,nl NED,GK,Aldershot Town,28,1996,3,3,270,3.0,0,0,0,0,0,0,0,0,0.00,0.00,0.00,0.00,0.00,Matches,de6b82d6
684,Callum Stead,,FWMF,Barnet,,,44,37,3454,38.4,18,8,26,18,0,0,3,0,0.47,0.21,0.68,0.47,0.68,Matches,178a3f77
685,Dylan Stephenson,eng ENG,FWMF,Dag & Red,21,2002,14,4,373,4.1,2,0,2,2,0,0,1,0,0.48,0.00,0.48,0.48,0.48,Matches,ca414bb5
686,Louis Stephenson,eng ENG,MFDF,Hartlepool,18,2005,17,12,1005,11.2,0,1,1,0,0,0,4,1,0.00,0.09,0.09,0.00,0.09,Matches,110af045
687,Jack Stevens,wls WAL,MFDF,Solihull Moors,23,2000,27,25,2160,24.0,12,4,16,9,3,3,4,0,0.50,0.17,0.67,0.37,0.54,Matches,fc503244
688,Bradley Stevenson,eng ENG,FWMF,Solihull Moors,25,1998,41,15,1750,19.4,3,3,6,3,0,0,6,0,0.15,0.15,0.31,0.15,0.31,Matches,a5766b9e
689,Toby Steward,eng ENG,GK,Wealdstone FC,19,2005,6,6,540,6.0,0,0,0,0,0,0,0,0,0.00,0.00,0.00,0.00,0.00,Matches,df4e3865
690,Anthony Stewart,eng ENG,DF,Ebbsfleet United,31,1992,19,18,1580,17.6,1,0,1,1,0,0,6,0,0.06,0.00,0.06,0.06,0.06,Matches,09bdb662
691,Noah Stewart,nir NIR,FW,Maidenhead,20,2004,2,0,18,0.2,0,0,0,0,0,0,0,0,0.00,0.00,0.00,0.00,0.00,Matches,591054e6
692,Chris Stokes,eng ENG,DF,Fylde,33,1991,6,5,385,4.3,0,0,0,0,0,0,1,0,0.00,0.00,0.00,0.00,0.00,Matches,de1260a3
693,Aidan Stone,eng ENG,GK,Boston United,25,1999,13,13,1170,13.0,0,0,0,0,0,0,1,0,0.00,0.00,0.00,0.00,0.00,Matches,1fd14651
694,Aidan Stone,eng ENG,GK,Yeovil Town,25,1999,17,17,1530,17.0,0,0,0,0,0,0,0,0,0.00,0.00,0.00,0.00,0.00,Matches,1fd14651
695,Josh Stones,eng ENG,FW,Oldham Athletic,20,2003,6,5,363,4.0,4,2,6,4,0,0,3,0,0.99,0.50,1.49,0.99,1.49,Matches,b55820e5
696,Josh Stones,eng ENG,FWMF,York City,20,2003,21,8,1000,11.1,7,1,8,7,0,0,3,0,0.63,0.09,0.72,0.63,0.72,Matches,b55820e5
697,Louis Storey,eng ENG,DFMF,Gateshead,30,1993,10,9,822,9.1,1,0,1,1,0,0,4,0,0.11,0.00,0.11,0.11,0.11,Matches,cf07d192
698,Jack Stretton,eng ENG,FW,Oldham Athletic,22,2001,1,0,1,0.0,0,0,0,0,0,0,0,0,0.00,0.00,0.00,0.00,0.00,Matches,e462fbb9
699,Jack Stretton,eng ENG,FW,Woking,22,2001,6,4,264,2.9,0,0,0,0,0,0,0,1,0.00,0.00,0.00,0.00,0.00,Matches,e462fbb9
700,Jonny Stuttle,eng ENG,FW,Aldershot Town,18,2005,6,1,126,1.4,0,0,0,0,0,0,1,0,0.00,0.00,0.00,0.00,0.00,Matches,cf25877b
701,Munashe Sundire,zw ZIM,MFDF,Tamworth,27,1997,29,17,1644,18.3,0,0,0,0,0,0,2,0,0.00,0.00,0.00,0.00,0.00,Matches,5721c197
702,Ethan Sutherland,sct SCO,MFFW,Solihull Moors,18,2006,5,2,174,1.9,0,0,0,0,0,0,0,0,0.00,0.00,0.00,0.00,0.00,Matches,a7abd792
703,Harvey Suttcliffe,eng ENG,DFMF,FC Halifax Town,20,2003,9,5,295,3.3,0,0,0,0,0,0,3,0,0.00,0.00,0.00,0.00,0.00,Matches,799e7967
704,Will Sutton,eng ENG,DF,Oldham Athletic,21,2002,15,13,1055,11.7,0,1,1,0,0,0,3,0,0.00,0.09,0.09,0.00,0.09,Matches,2d74fdac
705,Jephte Tanga,eng ENG,MF,Ebbsfleet United,20,2004,18,6,793,8.8,0,0,0,0,0,0,1,0,0.00,0.00,0.00,0.00,0.00,Matches,52e63bdd
706,Craig Tanner,eng ENG,MFFW,Ebbsfleet United,29,1994,16,7,714,7.9,0,2,2,0,0,0,2,0,0.00,0.25,0.25,0.00,0.25,Matches,016f3eac
707,Sean Tarima,eng ENG,MF,FC Halifax Town,19,2004,7,1,241,2.7,0,0,0,0,0,0,0,0,0.00,0.00,0.00,0.00,0.00,Matches,e04cde81
708,Nikola Tavares,hr CRO,DFMF,Barnet,25,1999,38,34,2896,32.2,1,2,3,1,0,0,3,0,0.03,0.06,0.09,0.03,0.09,Matches,0beeb166
709,Harry Taylor,eng ENG,DF,Southend United,27,1997,45,45,4049,45.0,0,1,1,0,0,0,6,0,0.00,0.02,0.02,0.00,0.02,Matches,7945a45f
710,Jack Taylor,eng ENG,DF,Sutton United,18,2005,13,12,1063,11.8,0,0,0,0,0,0,1,0,0.00,0.00,0.00,0.00,0.00,Matches,3b10aaca
711,Jake Taylor,wls WAL,MF,Eastleigh,32,1991,42,40,3422,38.0,6,3,9,4,2,3,10,0,0.16,0.08,0.24,0.11,0.18,Matches,999185eb
712,Kian Taylor,eng ENG,MF,Altrincham,19,2005,5,3,223,2.5,1,0,1,1,0,0,0,0,0.40,0.00,0.40,0.40,0.40,Matches,154026a3
713,Samuel Taylor,eng ENG,FW,Oldham Athletic,19,2004,1,0,25,0.3,0,0,0,0,0,0,0,0,0.00,0.00,0.00,0.00,0.00,Matches,ca47d43c
714,Connor Teale,eng ENG,DF,Altrincham,21,2002,1,1,90,1.0,0,0,0,0,0,0,0,0,0.00,0.00,0.00,0.00,0.00,Matches,84a50ca4
715,Connor Teale,eng ENG,DF,Boston United,21,2002,23,23,2070,23.0,3,0,3,3,0,0,1,0,0.13,0.00,0.13,0.13,0.13,Matches,84a50ca4
716,Dom Telford,eng ENG,FW,Barnet,27,1996,15,3,339,3.8,3,1,4,2,1,1,0,0,0.80,0.27,1.06,0.53,0.80,Matches,f830bae5
717,Frankie Terry,eng ENG,DF,Braintree Town,20,2004,19,19,1701,18.9,1,0,1,1,0,0,4,0,0.05,0.00,0.05,0.05,0.05,Matches,bb6a8b34
718,Frankie Terry,eng ENG,DF,Yeovil Town,20,2004,10,10,870,9.7,1,1,2,1,0,0,1,0,0.10,0.10,0.21,0.10,0.21,Matches,bb6a8b34
719,Dejan Tetek,rs SRB,MF,Aldershot Town,21,2002,22,13,1191,13.2,1,2,3,1,0,0,4,0,0.08,0.15,0.23,0.08,0.23,Matches,0eb32994
720,Jordan Thomas,eng ENG,MF,Yeovil Town,23,2001,5,1,117,1.3,0,0,0,0,0,0,0,0,0.00,0.00,0.00,0.00,0.00,Matches,b547f08c
721,Kwame Thomas,kn SKN,FWMF,Ebbsfleet United,28,1995,28,13,1249,13.9,2,0,2,1,1,1,4,0,0.14,0.00,0.14,0.07,0.07,Matches,42971f4b
722,Kwame Thomas,kn SKN,FW,Aldershot Town,28,1995,8,3,460,5.1,1,0,1,1,0,0,1,0,0.20,0.00,0.20,0.20,0.20,Matches,42971f4b
723,Kymani Thomas,,,Ebbsfleet United,,,1,0,25,0.3,0,0,0,0,0,0,0,0,0.00,0.00,0.00,0.00,0.00,Matches,51c33942
724,Luca Thomas,eng ENG,FWMF,FC Halifax Town,19,2004,20,13,1140,12.7,3,2,5,3,0,0,1,0,0.24,0.16,0.39,0.24,0.39,Matches,273815fa
725,Luca Thomas,eng ENG,MF,York City,19,2004,9,2,196,2.2,2,0,2,2,0,0,0,0,0.92,0.00,0.92,0.92,0.92,Matches,273815fa
726,Olly Thompson,,MF,Gateshead,,,5,0,21,0.2,0,0,0,0,0,0,0,0,0.00,0.00,0.00,0.00,0.00,Matches,d22bfa74
727,Remi Thompson,,MF,Altrincham,,,1,0,6,0.1,0,0,0,0,0,0,0,0,0.00,0.00,0.00,0.00,0.00,Matches,5fe2d5ec
728,Elliot Thorpe,wls WAL,MFFW,Solihull Moors,23,2000,6,6,391,4.3,1,0,1,1,0,0,0,0,0.23,0.00,0.23,0.23,0.23,Matches,9b1da146
729,Elliot Thorpe,wls WAL,MF,Wealdstone FC,23,2000,10,4,452,5.0,0,0,0,0,0,0,1,0,0.00,0.00,0.00,0.00,0.00,Matches,9b1da146
730,Robbie Tinkler,eng ENG,DF,Gateshead,28,1996,30,29,2427,27.0,0,0,0,0,0,0,4,0,0.00,0.00,0.00,0.00,0.00,Matches,19eabeab
731,Oliver Tipton,eng ENG,DFMF,Solihull Moors,20,2003,39,27,2532,28.1,0,3,3,0,0,0,4,0,0.00,0.11,0.11,0.00,0.11,Matches,d967d9c3
732,Tom Tonks,eng ENG,MF,Tamworth,32,1991,42,26,2413,26.8,1,5,6,1,0,0,13,0,0.04,0.19,0.22,0.04,0.22,Matches,ded9e7cc
733,Besart Topalloj,eng ENG,DFMF,Sutton United,23,2001,25,25,2247,25.0,1,0,1,1,0,0,5,1,0.04,0.00,0.04,0.04,0.04,Matches,2a2338d3
734,Ben Tozer,eng ENG,DF,Forest Green,34,1990,29,21,1959,21.8,0,1,1,0,0,0,3,0,0.00,0.05,0.05,0.00,0.05,Matches,0df7e28d
735,Yacouba Traore,eng ENG,DFMF,Wealdstone FC,19,2004,7,3,201,2.2,0,0,0,0,0,0,2,0,0.00,0.00,0.00,0.00,0.00,Matches,c332dfe1
736,Callum Tripp,eng ENG,DFMF,Gateshead,17,2006,5,5,450,5.0,0,0,0,0,0,0,0,0,0.00,0.00,0.00,0.00,0.00,Matches,4c480be6
737,Nathan Tshikuna,eng ENG,MFFW,Eastleigh,25,1999,7,5,499,5.5,0,0,0,0,0,0,0,1,0.00,0.00,0.00,0.00,0.00,Matches,e9629736
738,Nathan Tshikuna,eng ENG,MFFW,Tamworth,25,1999,28,24,1997,22.2,8,4,12,6,2,2,4,0,0.36,0.18,0.54,0.27,0.45,Matches,e9629736
739,Vinnie Tume,,DF,Sutton United,,,2,0,34,0.4,0,0,0,0,0,0,0,0,0.00,0.00,0.00,0.00,0.00,Matches,3a6e788c
740,Jordan Tunnicliffe,eng ENG,DF,Solihull Moors,30,1993,23,21,1909,21.2,1,1,2,1,0,0,3,0,0.05,0.05,0.09,0.05,0.09,Matches,de859a1c
741,Jake Turner,eng ENG,GK,Dag & Red,25,1999,7,7,630,7.0,0,0,0,0,0,0,0,0,0.00,0.00,0.00,0.00,0.00,Matches,b34c52c3
742,Lewys Twamley,wls WAL,FW,Yeovil Town,20,2003,9,1,190,2.1,0,0,0,0,0,0,0,0,0.00,0.00,0.00,0.00,0.00,Matches,74ced66f
743,Jesurun Uchegbulam,eng ENG,MFFW,Oldham Athletic,23,2001,27,12,1324,14.7,1,1,2,1,0,0,3,0,0.07,0.07,0.14,0.07,0.14,Matches,a56de69c
744,Jesurun Uchegbulam,eng ENG,FWMF,Eastleigh,23,2001,7,4,380,4.2,0,1,1,0,0,0,0,0,0.00,0.24,0.24,0.00,0.24,Matches,a56de69c
745,Josh Umerah,eng ENG,FW,Dag & Red,27,1997,37,30,2638,29.3,8,3,11,7,1,1,10,0,0.27,0.10,0.38,0.24,0.34,Matches,2c300c14
746,Connor Underhill,,MFDF,Eastleigh,,,12,2,314,3.5,0,0,0,0,0,0,0,0,0.00,0.00,0.00,0.00,0.00,Matches,fe80698e
747,Jonathan Ustabaşı,eng ENG,MFFW,Fylde,30,1994,33,23,2128,23.6,2,3,5,2,0,0,6,1,0.08,0.13,0.21,0.08,0.21,Matches,29cdf4fd
748,Tariq Uwakwe,eng ENG,MF,Maidenhead,24,1999,1,0,6,0.1,0,0,0,0,0,0,0,0,0.00,0.00,0.00,0.00,0.00,Matches,e4526d3a
749,Tariq Uwakwe,eng ENG,MF,Aldershot Town,24,1999,3,0,26,0.3,0,0,0,0,0,0,0,0,0.00,0.00,0.00,0.00,0.00,Matches,e4526d3a
750,Haydon Vaughan,,MF,Aldershot Town,,,2,0,5,0.1,0,0,0,0,0,0,0,0,0.00,0.00,0.00,0.00,0.00,Matches,7b6a96f3
751,Eduino Vaz,gw GNB,DFMF,Sutton United,20,2003,29,23,1986,22.1,3,3,6,3,0,0,4,0,0.14,0.14,0.27,0.14,0.27,Matches,1fc0a437
752,James Vennings,eng ENG,MFDF,Braintree Town,24,2000,33,31,2825,31.4,0,1,1,0,0,0,9,1,0.00,0.03,0.03,0.00,0.03,Matches,f3c5191c
753,Ralph Vigrass,eng ENG,MF,Dag & Red,18,2005,6,0,39,0.4,0,0,0,0,0,0,0,0,0.00,0.00,0.00,0.00,0.00,Matches,93da73b8
754,Francis Vincent,eng ENG,DFMF,Dag & Red,25,1999,19,11,978,10.9,0,1,1,0,0,0,3,0,0.00,0.09,0.09,0.00,0.09,Matches,e44e16f0
755,Francis Vincent,eng ENG,MFDF,Woking,25,1999,13,8,676,7.5,1,2,3,1,0,0,0,0,0.13,0.27,0.40,0.13,0.40,Matches,e44e16f0
756,Jake Vokins,eng ENG,DFMF,Eastleigh,24,2000,24,20,1707,19.0,1,3,4,1,0,0,3,0,0.05,0.16,0.21,0.05,0.21,Matches,d484c261
757,Jack Wadham,eng ENG,MFFW,Sutton United,21,2003,25,19,1704,18.9,2,4,6,2,0,0,1,0,0.11,0.21,0.32,0.11,0.32,Matches,4e7c5034
758,Noah Wadsworth,eng ENG,MFDF,Boston United,19,2005,3,2,140,1.6,0,0,0,0,0,0,0,0,0.00,0.00,0.00,0.00,0.00,Matches,d566ffb6
759,Jack Wakely,eng ENG,DF,Ebbsfleet United,23,2000,4,1,115,1.3,0,0,0,0,0,0,0,0,0.00,0.00,0.00,0.00,0.00,Matches,60e81db0
760,Danny Waldron,eng ENG,MFFW,Southend United,28,1996,11,2,252,2.8,0,0,0,0,0,0,0,0,0.00,0.00,0.00,0.00,0.00,Matches,3dedf88f
761,Danny Waldron,eng ENG,FW,Tamworth,28,1996,7,0,102,1.1,0,0,0,0,0,0,0,0,0.00,0.00,0.00,0.00,0.00,Matches,3dedf88f
762,Josh Walker,eng ENG,FW,Southend United,26,1997,35,20,1708,19.0,4,2,6,4,0,0,5,0,0.21,0.11,0.32,0.21,0.32,Matches,9def2eb4
763,Laurie Walker,eng ENG,GK,Solihull Moors,34,1989,27,27,2430,27.0,0,0,0,0,0,0,3,0,0.00,0.00,0.00,0.00,0.00,Matches,f23b5903
764,Lewis Walker,eng ENG,FW,Woking,26,1998,39,17,1901,21.1,5,2,7,5,0,0,5,0,0.24,0.09,0.33,0.24,0.33,Matches,07240809
765,Tyler Walker,eng ENG,FW,Wealdstone FC,27,1996,8,7,575,6.4,1,2,3,1,0,0,1,0,0.16,0.31,0.47,0.16,0.47,Matches,6625dc22
766,Kieran Wallace,eng ENG,MF,Tamworth,29,1995,6,3,269,3.0,0,0,0,0,0,0,0,0,0.00,0.00,0.00,0.00,0.00,Matches,d83a1b10
767,Charlie Waller,eng ENG,DF,Sutton United,19,2005,21,20,1797,20.0,1,0,1,1,0,0,3,0,0.05,0.00,0.05,0.05,0.05,Matches,9f630ff6
768,Sam Waller,eng ENG,GK,Rochdale,20,2003,20,20,1781,19.8,0,2,2,0,0,0,0,0,0.00,0.10,0.10,0.00,0.10,Matches,8ee48565
769,Jake Wannell,eng ENG,DF,Yeovil Town,30,1994,33,31,2855,31.7,1,0,1,1,0,0,8,2,0.03,0.00,0.03,0.03,0.03,Matches,3c67d98c
770,Matthew Warburton,eng ENG,MFFW,Solihull Moors,32,1992,19,10,926,10.3,2,0,2,2,0,0,2,0,0.19,0.00,0.19,0.19,0.19,Matches,f4ab8a71
771,Christie Ward,wls WAL,MF,Braintree Town,20,2003,2,0,24,0.3,0,0,0,0,0,0,0,0,0.00,0.00,0.00,0.00,0.00,Matches,827428c1
772,Jed Ward,eng ENG,GK,Forest Green,21,2003,28,28,2520,28.0,0,0,0,0,0,0,1,0,0.00,0.00,0.00,0.00,0.00,Matches,edb2744d
773,Keaton Ward,eng ENG,MFFW,Boston United,24,2000,44,18,1887,21.0,5,3,8,5,0,0,5,0,0.24,0.14,0.38,0.24,0.38,Matches,7079be00
774,Matt Ward,eng ENG,MF,Woking,20,2003,34,19,1936,21.5,4,2,6,4,0,0,8,0,0.19,0.09,0.28,0.19,0.28,Matches,83f6fed1
775,Angel Waruih,eng ENG,MFFW,Eastleigh,20,2003,43,37,3272,36.4,0,2,2,0,0,0,7,0,0.00,0.06,0.06,0.00,0.06,Matches,ef3438ea
776,Luke Waterfall,eng ENG,DF,Hartlepool,34,1990,27,25,2192,24.4,1,2,3,1,0,0,7,2,0.04,0.08,0.12,0.04,0.12,Matches,6ece557a
777,Billy Waters,eng ENG,FW,FC Halifax Town,29,1994,18,18,1467,16.3,5,0,5,5,0,0,2,0,0.31,0.00,0.31,0.31,0.31,Matches,19dc8fb7
778,Billy Waters,eng ENG,FW,Oldham Athletic,29,1994,13,9,689,7.7,2,0,2,2,0,1,1,0,0.26,0.00,0.26,0.26,0.26,Matches,19dc8fb7
779,Rory Watson,eng ENG,GK,York City,28,1996,7,5,520,5.8,0,0,0,0,0,0,1,0,0.00,0.00,0.00,0.00,0.00,Matches,73cb6785
780,Lucas Weaver,,MF,Altrincham,,,20,3,505,5.6,1,1,2,1,0,0,1,0,0.18,0.18,0.36,0.18,0.36,Matches,4079ad1e
781,Oliver Webber,nir NIR,GK,Woking,24,2000,2,2,180,2.0,0,0,0,0,0,0,0,0,0.00,0.00,0.00,0.00,0.00,Matches,42fd0a0c
782,Finley Welch,eng ENG,MF,Boston United,19,2004,2,2,126,1.4,0,0,0,0,0,0,1,0,0.00,0.00,0.00,0.00,0.00,Matches,0e5b23db
783,Miles Welch-Hayes,eng ENG,DF,Maidenhead,27,1996,31,28,2442,27.1,1,0,1,1,0,0,3,1,0.04,0.00,0.04,0.04,0.04,Matches,56b89d16
784,Jack Wells-Morrison,eng ENG,MF,Wealdstone FC,20,2004,16,15,1334,14.8,0,1,1,0,0,0,3,0,0.00,0.07,0.07,0.00,0.07,Matches,a71ebcc8
785,Jack Wells-Morrison,eng ENG,MFDF,Solihull Moors,20,2004,15,14,1260,14.0,0,0,0,0,0,0,0,0,0.00,0.00,0.00,0.00,0.00,Matches,a71ebcc8
786,Joe Westley,eng ENG,FW,Rochdale,19,2004,3,0,28,0.3,0,0,0,0,0,0,0,0,0.00,0.00,0.00,0.00,0.00,Matches,c2b7d53e
787,Charlie Weston,eng ENG,MF,Rochdale,20,2004,8,1,196,2.2,0,0,0,0,0,0,0,0,0.00,0.00,0.00,0.00,0.00,Matches,c7adf1aa
788,Tony Weston,eng ENG,FWMF,Boston United,20,2003,25,14,1151,12.8,0,2,2,0,0,0,0,0,0.00,0.16,0.16,0.00,0.16,Matches,7586d4fb
789,Lennon Wheeldon,eng ENG,FW,Boston United,17,2006,3,2,152,1.7,0,0,0,0,0,0,0,0,0.00,0.00,0.00,0.00,0.00,Matches,db5373f7
790,Callum Whelan,eng ENG,MFFW,Gateshead,25,1998,24,23,1979,22.0,6,3,9,6,0,0,4,0,0.27,0.14,0.41,0.27,0.41,Matches,4bc65f1a
791,Corey Whelan,ie IRL,DFMF,Fylde,26,1997,45,43,3846,42.7,2,1,3,2,0,0,5,0,0.05,0.02,0.07,0.05,0.07,Matches,8edb65a7
792,Alex Whitmore,eng ENG,DF,Solihull Moors,28,1995,44,43,3858,42.9,4,0,4,4,0,0,8,0,0.09,0.00,0.09,0.09,0.09,Matches,a5d52702
793,Alex Whittle,eng ENG,DF,Yeovil Town,31,1993,34,33,2790,31.0,1,1,2,1,0,0,5,0,0.03,0.03,0.06,0.03,0.06,Matches,d8c93f7e
794,Szhem Whyte Hall,,MFFW,Solihull Moors,,,12,4,366,4.1,0,1,1,0,0,0,1,0,0.00,0.25,0.25,0.00,0.25,Matches,be950ce7
795,Theo Widdrington,eng ENG,MFDF,Aldershot Town,25,1999,36,31,2693,29.9,1,3,4,0,1,2,15,1,0.03,0.10,0.13,0.00,0.10,Matches,f5f5a843
796,Conor Wilkinson,ie IRL,FW,Solihull Moors,29,1995,30,25,2199,24.4,13,4,17,13,0,1,12,1,0.53,0.16,0.70,0.53,0.70,Matches,c547c634
797,Finley Wilkinson,eng ENG,MF,Braintree Town,21,2002,7,7,525,5.8,1,0,1,1,0,0,0,0,0.17,0.00,0.17,0.17,0.17,Matches,25b456d2
798,Finley Wilkinson,eng ENG,MF,Barnet,21,2002,4,0,61,0.7,0,0,0,0,0,0,0,0,0.00,0.00,0.00,0.00,0.00,Matches,25b456d2
799,Jamie Willets,eng ENG,DF,Tamworth,31,1992,6,5,444,4.9,0,1,1,0,0,0,0,0,0.00,0.20,0.20,0.00,0.20,Matches,3252266d
800,Josh Williams,eng ENG,MF,Gateshead,21,2002,10,9,802,8.9,0,0,0,0,0,0,0,0,0.00,0.00,0.00,0.00,0.00,Matches,108a7f3e
801,Kai Williams,eng ENG,MF,Tamworth,27,1997,19,4,599,6.7,1,1,2,1,0,0,0,0,0.15,0.15,0.30,0.15,0.30,Matches,4fb69e0e
802,Morgan Williams,eng ENG,DF,Yeovil Town,24,1999,28,25,2262,25.1,2,0,2,2,0,0,4,1,0.08,0.00,0.08,0.08,0.08,Matches,9c7f34ef
803,George Wilson,eng ENG,MF,Altrincham,23,2001,29,15,1514,16.8,1,0,1,1,0,0,6,0,0.06,0.00,0.06,0.06,0.06,Matches,f36c94f3
804,Kyrell Wilson,eng ENG,FWMF,Yeovil Town,19,2004,15,10,865,9.6,1,2,3,1,0,0,0,0,0.10,0.21,0.31,0.10,0.31,Matches,aa7cbca1
805,George Wind,eng ENG,MFDF,Southend United,21,2002,13,2,271,3.0,0,0,0,0,0,0,0,0,0.00,0.00,0.00,0.00,0.00,Matches,b2cb71e5
806,Ben Winterbottom,eng ENG,GK,Fylde,23,2001,41,41,3690,41.0,0,0,0,0,0,0,7,0,0.00,0.00,0.00,0.00,0.00,Matches,ad6fb9eb
807,Jack Wood,eng ENG,MF,Southend United,21,2002,10,0,153,1.7,0,1,1,0,0,0,0,0,0.00,0.59,0.59,0.00,0.59,Matches,ae97f18e
808,Luca Woodhouse,eng ENG,DF,Dag & Red,20,2004,14,7,692,7.7,1,0,1,1,0,0,3,0,0.13,0.00,0.13,0.13,0.13,Matches,7d3b91e0
809,Luca Woodhouse,eng ENG,DFMF,Aldershot Town,20,2004,20,20,1785,19.8,1,3,4,1,0,0,2,0,0.05,0.15,0.20,0.05,0.20,Matches,7d3b91e0
810,Deon Woodman,ke KEN,DFMF,Wealdstone FC,21,2002,12,9,773,8.6,0,0,0,0,0,0,2,0,0.00,0.00,0.00,0.00,0.00,Matches,16cf322d
811,Martin Woods,sct SCO,MF,Boston United,38,1986,19,11,916,10.2,0,0,0,0,0,0,2,0,0.00,0.00,0.00,0.00,0.00,Matches,b42ecd28
812,Alex Woodyard,eng ENG,MF,Sutton United,31,1993,12,11,694,7.7,0,0,0,0,0,0,2,0,0.00,0.00,0.00,0.00,0.00,Matches,f9daf48b
813,Ben Worman,eng ENG,MFFW,Gateshead,22,2001,44,29,2663,29.6,1,2,3,1,0,0,3,0,0.03,0.07,0.10,0.03,0.10,Matches,17f33c4d
814,Matt Worthington,eng ENG,MFFW,Oldham Athletic,26,1997,9,5,425,4.7,0,0,0,0,0,0,2,0,0.00,0.00,0.00,0.00,0.00,Matches,8c8b941f
815,Matt Worthington,eng ENG,MFDF,Yeovil Town,26,1997,21,16,1350,15.0,0,1,1,0,0,0,2,0,0.00,0.07,0.07,0.00,0.07,Matches,8c8b941f
816,Christopher Wreh,eng ENG,FW,Tamworth,27,1996,17,10,874,9.7,3,1,4,3,0,0,0,0,0.31,0.10,0.41,0.31,0.41,Matches,6a4523ed
817,Christopher Wreh,eng ENG,FW,Maidenhead,27,1996,3,0,52,0.6,0,0,0,0,0,0,0,0,0.00,0.00,0.00,0.00,0.00,Matches,6a4523ed
818,Josh Wright,eng ENG,MFDF,Ebbsfleet United,34,1989,20,19,1521,16.9,1,0,1,1,0,0,2,0,0.06,0.00,0.06,0.06,0.06,Matches,2aa43fab
819,Max Wright,eng ENG,MFFW,FC Halifax Town,26,1998,22,9,1071,11.9,1,3,4,1,0,0,5,0,0.08,0.25,0.34,0.08,0.34,Matches,99dd3022
820,Oliver Wright,eng ENG,GK,Solihull Moors,21,2002,10,10,900,10.0,0,0,0,0,0,0,0,0,0.00,0.00,0.00,0.00,0.00,Matches,e0084379
821,Oliver Wright,eng ENG,GK,Yeovil Town,21,2002,29,29,2610,29.0,0,0,0,0,0,0,1,0,0.00,0.00,0.00,0.00,0.00,Matches,e0084379
822,Marcus Wyllie,eng ENG,FW,Dag & Red,25,1999,10,3,360,4.0,0,0,0,0,0,0,0,0,0.00,0.00,0.00,0.00,0.00,Matches,2533678d
823,Ben Wynter,eng ENG,DF,Woking,26,1997,10,7,550,6.1,1,1,2,1,0,0,1,0,0.16,0.16,0.33,0.16,0.33,Matches,86334f1a
824,Vimal Yoganathan,wls WAL,MFFW,Oldham Athletic,18,2006,14,6,598,6.6,1,0,1,1,0,0,2,0,0.15,0.00,0.15,0.15,0.15,Matches,b9d3d3fd
825,Brad Young,eng ENG,GK,Hartlepool,22,2002,10,10,900,10.0,0,0,0,0,0,0,0,0,0.00,0.00,0.00,0.00,0.00,Matches,042f690f
826,Jordan Young,sct SCO,MFFW,Yeovil Town,25,1999,14,6,688,7.6,1,1,2,1,0,0,1,0,0.13,0.13,0.26,0.13,0.26,Matches,08901da5
827,Offrande Zanzala,cg CGO,FW,Fylde,27,1996,12,4,423,4.7,0,0,0,0,0,0,0,0,0.00,0.00,0.00,0.00,0.00,Matches,058aadb0