,,,,,,,Playing Time,Playing Time,Playing Time,Playing Time,Performance,Performance,Performance,Performance,Performance,Performance,Performance,Performance,Per 90 Minutes,Per 90 Minutes,Per 90 Minutes,Per 90 Minutes,Per 90 Minutes,,-additional
Rk,Player,Nation,Pos,Squad,Age,Born,MP,Starts,Min,90s,Gls,Ast,G+A,G-PK,PK,PKatt,CrdY,CrdR,Gls,Ast,G+A,G-PK,G+A-PK,Matches,-9999
1,Rolando Aarons,eng ENG,MFFW,Morecambe,29,1995,13,7,616,6.8,0,0,0,0,0,0,0,0,0.00,0.00,0.00,0.00,0.00,Matches,c5942695
2,Abdul Abdulmalik,eng ENG,MF,Boreham Wood,22,2003,45,44,3584,39.8,13,7,20,13,0,0,3,0,0.33,0.18,0.50,0.33,0.50,Matches,5527647e
3,Ken Aboh,eng ENG,MF,Boston United,20,2004,21,15,1339,14.9,1,2,3,1,0,0,1,0,0.07,0.13,0.20,0.07,0.20,Matches,282cee33
4,Tristan Abrahams,eng ENG,FWMF,Aldershot Town,26,1998,20,10,860,9.6,2,1,3,2,0,0,2,0,0.21,0.10,0.31,0.21,0.31,Matches,cfd667ae
5,Ben Acquaye,eng ENG,MF,Tamworth,25,1999,19,14,1123,12.5,2,0,2,2,0,0,2,0,0.16,0.00,0.16,0.16,0.16,Matches,61343a8f
6,Tobi Adebayo-Rowling,eng ENG,MF,Rochdale,28,1996,34,32,2722,30.2,1,9,10,1,0,0,2,0,0.03,0.30,0.33,0.03,0.33,Matches,a60a16ce
7,Kain Adom,,MFFW,Gateshead,,,23,20,1824,20.3,10,0,10,9,1,1,6,0,0.49,0.00,0.49,0.44,0.44,Matches,e532e0a9
8,Michael Adu-Poku,eng ENG,MFFW,Wealdstone FC,19,2005,13,4,528,5.9,0,0,0,0,0,0,0,0,0.00,0.00,0.00,0.00,0.00,Matches,e47141d7
9,Ricky Aguiar,eng ENG,MF,Eastleigh,24,2001,6,5,475,5.3,0,0,0,0,0,0,1,0,0.00,0.00,0.00,0.00,0.00,Matches,81ef747a
10,Terrell Agyemang,eng ENG,MF,Wealdstone FC,22,2002,27,15,1405,15.6,0,1,1,0,0,0,6,0,0.00,0.06,0.06,0.00,0.06,Matches,3f7700d8
11,Terrell Agyemang,eng ENG,DF,Morecambe,22,2002,3,1,137,1.5,0,0,0,0,0,0,3,1,0.00,0.00,0.00,0.00,0.00,Matches,3f7700d8
12,Ashqar Ahmed,,DF,Forest Green,,,13,8,625,6.9,0,0,0,0,0,0,0,0,0.00,0.00,0.00,0.00,0.00,Matches,aa0e5f3f
13,David Ajiboye,eng ENG,MF,Carlisle United,26,1998,29,18,1569,17.4,7,6,13,7,0,0,3,0,0.40,0.34,0.75,0.40,0.75,Matches,5b1e9f24
14,Adrian Akande,ng NGA,MF,Braintree Town,21,2003,3,2,127,1.4,0,0,0,0,0,0,1,0,0.00,0.00,0.00,0.00,0.00,Matches,981c64ea
15,John Akinde,eng ENG,FW,Braintree Town,36,1989,41,22,2098,23.3,5,1,6,4,1,2,7,0,0.21,0.04,0.26,0.17,0.21,Matches,93a09a47
16,Timothy Akindileni,,DF,Morecambe,17,2007,11,10,899,10.0,0,0,0,0,0,0,1,0,0.00,0.00,0.00,0.00,0.00,Matches,344f60dd
17,Olatunji Akinola,eng ENG,DF,Woking,26,1998,41,35,3239,36.0,1,0,1,1,0,0,7,0,0.03,0.00,0.03,0.03,0.03,Matches,f148e802
18,Tim Akinola,eng ENG,MF,Woking,24,2001,38,31,2491,27.7,1,2,3,1,0,0,9,0,0.04,0.07,0.11,0.04,0.11,Matches,e8cd04a6
19,Adam Alimi-Adetoro,ie IRL,DF,FC Halifax Town,23,2002,30,18,1782,19.8,0,2,2,0,0,0,7,1,0.00,0.10,0.10,0.00,0.10,Matches,3a81c5ee
20,Tarryn Allarakhia,tz TAN,MFDF,Rochdale,27,1997,30,21,1757,19.5,2,2,4,2,0,0,0,0,0.10,0.10,0.20,0.10,0.20,Matches,81db2ca6
21,Luca Alonzi,eng ENG,FW,Boston United,17,2008,1,0,18,0.2,0,0,0,0,0,0,0,0,0.00,0.00,0.00,0.00,0.00,Matches,d9fb392c
22,Levi Amantchi,eng ENG,FWMF,Gateshead,24,2000,19,8,787,8.7,0,1,1,0,0,0,0,0,0.00,0.11,0.11,0.00,0.11,Matches,71629af8
23,Levi Amantchi,eng ENG,FW,Rochdale,24,2000,14,2,266,3.0,0,0,0,0,0,0,1,0,0.00,0.00,0.00,0.00,0.00,Matches,71629af8
24,Collin Andeng-Ndi,cm CMR,GK,Southend United,21,2003,34,33,3054,33.9,0,0,0,0,0,0,0,0,0.00,0.00,0.00,0.00,0.00,Matches,4012d509
25,Keane Anderson,eng ENG,MF,Aldershot Town,21,2003,17,9,758,8.4,0,0,0,0,0,0,3,1,0.00,0.00,0.00,0.00,0.00,Matches,ed53f476
26,Jamie Andrews,eng ENG,MF,Woking,22,2002,44,33,3139,34.9,4,6,10,4,0,0,10,0,0.11,0.17,0.29,0.11,0.29,Matches,cbb8faac
27,Joseph Andrews,wls WAL,MF,Brackley Town,19,2006,3,0,35,0.4,0,0,0,0,0,0,0,0,0.00,0.00,0.00,0.00,0.00,Matches,d0eec957
28,Joshua Anifowose,eng ENG,MF,Gateshead,21,2004,16,5,616,6.8,0,1,1,0,0,0,2,0,0.00,0.15,0.15,0.00,0.15,Matches,a63b1301
29,Caleb Ansen,eng ENG,GK,Braintree Town,19,2005,2,2,180,2.0,0,0,0,0,0,0,0,0,0.00,0.00,0.00,0.00,0.00,Matches,5be1a1f3
30,Keenan Appiah-Forson,eng ENG,MF,Southend United,23,2001,41,27,2538,28.2,2,2,4,2,0,0,0,0,0.07,0.07,0.14,0.07,0.14,Matches,270c700c
31,Will Armitage,eng ENG,DF,Brackley Town,20,2005,4,4,337,3.7,0,0,0,0,0,0,1,0,0.00,0.00,0.00,0.00,0.00,Matches,08d45bf7
32,Will Armitage,eng ENG,DF,Aldershot Town,20,2005,8,5,471,5.2,0,0,0,0,0,0,2,0,0.00,0.00,0.00,0.00,0.00,Matches,08d45bf7
33,Luke Armstrong,eng ENG,FW,Carlisle United,29,1996,38,24,2111,23.5,11,4,15,10,1,1,1,0,0.47,0.17,0.64,0.43,0.60,Matches,d6556450
34,Sam Ashford,eng ENG,FW,Woking,29,1995,8,3,280,3.1,2,0,2,2,0,0,0,0,0.64,0.00,0.64,0.64,0.64,Matches,9c194ec4
35,Nathan Ashmore,eng ENG,GK,Boreham Wood,35,1990,12,12,1080,12.0,0,0,0,0,0,0,0,0,0.00,0.00,0.00,0.00,0.00,Matches,fa1bb34f
36,Hayden Atkinson,,DF,Carlisle United,,,6,5,447,5.0,0,0,0,0,0,0,1,0,0.00,0.00,0.00,0.00,0.00,Matches,a93365a8
37,Sam Austin,eng ENG,MF,Southend United,28,1996,46,29,2614,29.0,4,5,9,4,0,0,1,0,0.14,0.17,0.31,0.14,0.31,Matches,cc8b833a
38,Leon Ayinde,ie IRL,MF,Boreham Wood,20,2004,13,5,608,6.8,2,1,3,2,0,0,0,0,0.30,0.15,0.44,0.30,0.44,Matches,9ac825cb
39,Miguel Azeez,eng ENG,MF,Morecambe,22,2002,40,38,3277,36.4,5,2,7,4,1,1,11,1,0.14,0.05,0.19,0.11,0.16,Matches,660e71be
40,David Aziaya,eng ENG,GK,Sutton United,20,2004,3,2,236,2.6,0,0,0,0,0,0,1,0,0.00,0.00,0.00,0.00,0.00,Matches,6f5a1e8c
41,Temi Babalola,eng ENG,FW,Forest Green,24,2001,19,14,1266,14.1,4,0,4,4,0,0,3,0,0.28,0.00,0.28,0.28,0.28,Matches,f60b2b82
42,Goran Babic,eng ENG,MF,Braintree Town,21,2003,30,22,1889,21.0,1,1,2,1,0,0,5,0,0.05,0.05,0.10,0.05,0.10,Matches,d44e7d1d
43,Joel Bailey,eng ENG,DF,Altrincham,19,2005,1,0,5,0.1,0,0,0,0,0,0,0,0,0.00,0.00,0.00,0.00,0.00,Matches,23929051
44,Lewis Baines,eng ENG,DF,Solihull Moors,26,1998,11,9,877,9.7,1,0,1,1,0,0,0,0,0.10,0.00,0.10,0.10,0.10,Matches,b06224eb
45,Lewis Baines,eng ENG,DF,Altrincham,26,1998,17,16,1370,15.2,0,0,0,0,0,0,2,0,0.00,0.00,0.00,0.00,0.00,Matches,b06224eb
46,Ibrahim Bakare,eng ENG,DF,Gateshead,23,2002,7,6,580,6.4,0,0,0,0,0,0,1,0,0.00,0.00,0.00,0.00,0.00,Matches,01033876
47,James Balagizi,eng ENG,MF,Forest Green,21,2003,7,1,163,1.8,1,0,1,1,0,0,0,0,0.55,0.00,0.55,0.55,0.55,Matches,a5c8bb69
48,Jack Baldwin,eng ENG,DF,Eastleigh,32,1993,4,4,358,4.0,0,0,0,0,0,0,1,0,0.00,0.00,0.00,0.00,0.00,Matches,8ae7c4f9
49,Yahya Bamba,,FW,Brackley Town,,,2,0,44,0.5,0,0,0,0,0,0,1,0,0.00,0.00,0.00,0.00,0.00,Matches,8d93b429
50,Yahya Bamba,,MF,Forest Green,,,14,6,531,5.9,1,0,1,1,0,0,2,0,0.17,0.00,0.17,0.17,0.17,Matches,8d93b429
51,Lewis Banks,eng ENG,DF,Altrincham,28,1997,15,14,1223,13.6,3,1,4,3,0,0,1,0,0.22,0.07,0.29,0.22,0.29,Matches,2a8cea78
52,Ollie Banks,eng ENG,FWMF,York City,32,1992,39,23,2153,23.9,7,9,16,7,0,0,6,1,0.29,0.38,0.67,0.29,0.67,Matches,d4ec6c9a
53,Dante Baptiste,eng ENG,GK,Wealdstone FC,23,2002,46,46,4140,46.0,0,1,1,0,0,0,1,0,0.00,0.02,0.02,0.00,0.02,Matches,9af37034
54,Aidan Barlow,eng ENG,MFFW,Rochdale,25,2000,37,27,2105,23.4,5,6,11,5,0,0,3,0,0.21,0.26,0.47,0.21,0.47,Matches,d67c87a4
55,Sam Barnes,eng ENG,DF,Altrincham,24,2001,20,9,897,10.0,0,0,0,0,0,0,1,1,0.00,0.00,0.00,0.00,0.00,Matches,2d3cdd17
56,Josh Barrett,ie IRL,FWMF,Aldershot Town,27,1998,31,25,2081,23.1,5,9,14,5,0,0,2,0,0.22,0.39,0.61,0.22,0.61,Matches,0e1365b3
57,Killian Barrett,ie IRL,GK,Boston United,21,2004,3,3,270,3.0,0,0,0,0,0,0,0,0,0.00,0.00,0.00,0.00,0.00,Matches,236d601c
58,Mason Barrett,eng ENG,DF,Wealdstone FC,25,1999,6,3,282,3.1,0,0,0,0,0,0,1,0,0.00,0.00,0.00,0.00,0.00,Matches,539455f1
59,Luca Barrington,eng ENG,MFFW,Boston United,20,2004,11,7,588,6.5,1,1,2,1,0,0,0,0,0.15,0.15,0.31,0.15,0.31,Matches,85d7679f
60,Ross Barrows,eng ENG,DFMF,Scunthorpe,26,1999,19,10,973,10.8,0,0,0,0,0,0,1,1,0.00,0.00,0.00,0.00,0.00,Matches,e5f14458
61,Alfie Bates,eng ENG,MF,Tamworth,24,2001,37,30,2759,30.7,1,1,2,1,0,0,8,0,0.03,0.03,0.07,0.03,0.07,Matches,03d7cf5d
62,Ryan Battrum,eng ENG,MFDF,Braintree Town,19,2005,8,8,720,8.0,1,1,2,1,0,0,1,0,0.12,0.12,0.25,0.12,0.25,Matches,1791f9a4
63,Daniel Batty,eng ENG,MF,York City,27,1997,41,13,1609,17.9,1,3,4,1,0,0,3,0,0.06,0.17,0.22,0.06,0.22,Matches,96c92a74
64,Harry Beautyman,eng ENG,MFFW,Woking,33,1992,42,32,2623,29.1,11,0,11,8,3,4,2,0,0.38,0.00,0.38,0.27,0.27,Matches,b6623a0a
65,Mark Beck,sct SCO,MFFW,Gateshead,31,1994,13,7,707,7.9,3,1,4,2,1,1,1,0,0.38,0.13,0.51,0.25,0.38,Matches,60d58b05
66,Mark Beck,sct SCO,FW,Scunthorpe,31,1994,5,1,89,1.0,0,0,0,0,0,0,0,0,0.00,0.00,0.00,0.00,0.00,Matches,60d58b05
67,Sam Beckwith,eng ENG,DF,Rochdale,24,2001,19,18,1619,18.0,1,3,4,1,0,0,1,0,0.06,0.17,0.22,0.06,0.22,Matches,d04668f1
68,Alfie Beestin,eng ENG,MF,Scunthorpe,27,1997,41,25,2196,24.4,9,0,9,9,0,0,7,0,0.37,0.00,0.37,0.37,0.37,Matches,a02effcc
69,Jean Belehoua,fr FRA,DF,Scunthorpe,24,2000,23,12,1240,13.8,1,0,1,1,0,0,4,0,0.07,0.00,0.07,0.07,0.07,Matches,e9b37d1d
70,Charlie Bell,,MF,Sutton United,,,27,14,1357,15.1,3,0,3,3,0,0,8,2,0.20,0.00,0.20,0.20,0.20,Matches,8c7df418
71,Zac Bell,wls WAL,DFMF,Truro City FC,22,2003,33,24,1988,22.1,1,2,3,1,0,0,4,0,0.05,0.09,0.14,0.05,0.14,Matches,d8cee7b2
72,Jay Benn,eng ENG,DFMF,Hartlepool,23,2001,41,40,3487,38.7,0,1,1,0,0,0,3,0,0.00,0.03,0.03,0.00,0.03,Matches,25f3d9b6
73,Jon Benton,eng ENG,MF,Boreham Wood,24,2001,8,0,50,0.6,0,0,0,0,0,0,0,0,0.00,0.00,0.00,0.00,0.00,Matches,1698a8cd
74,Kevin Berkoe,eng ENG,DFMF,Rochdale,24,2001,9,5,449,5.0,0,0,0,0,0,0,1,0,0.00,0.00,0.00,0.00,0.00,Matches,887a0c04
75,Bryant Bilongo,eng ENG,DFMF,Rochdale,23,2001,3,0,79,0.9,0,0,0,0,0,0,0,0,0.00,0.00,0.00,0.00,0.00,Matches,647ebdec
76,Jaydon Biss,,DF,Yeovil Town,,,1,0,14,0.2,0,0,0,0,0,0,0,0,0.00,0.00,0.00,0.00,0.00,Matches,f1cd7cee
77,Jamal Blackman,eng ENG,GK,Morecambe,31,1993,30,30,2700,30.0,0,0,0,0,0,0,0,0,0.00,0.00,0.00,0.00,0.00,Matches,dd26b605
78,Tom Blackwell,eng ENG,FW,Braintree Town,24,2000,9,3,400,4.4,3,0,3,3,0,0,0,0,0.68,0.00,0.68,0.68,0.68,Matches,d15e3efb
79,Aaron Blair,eng ENG,FW,Eastleigh,25,2000,39,35,3144,34.9,17,3,20,15,2,3,6,0,0.49,0.09,0.57,0.43,0.52,Matches,04128501
80,Hiram Boateng,eng ENG,MF,York City,29,1996,44,39,3270,36.3,3,5,8,3,0,0,10,0,0.08,0.14,0.22,0.08,0.22,Matches,929917ce
81,Ashley Boatswain,ms MSR,FW,Gateshead,20,2005,15,10,993,11.0,2,0,2,2,0,0,3,0,0.18,0.00,0.18,0.18,0.18,Matches,5d2fb6e9
82,Ashley Boatswain,ms MSR,FW,Woking,20,2005,13,3,378,4.2,2,0,2,2,0,0,0,0,0.48,0.00,0.48,0.48,0.48,Matches,5d2fb6e9
83,Ma'kel Bogle-Campbell,eng ENG,DF,Morecambe,19,2006,9,1,178,2.0,0,0,0,0,0,0,1,0,0.00,0.00,0.00,0.00,0.00,Matches,b42fc4b5
84,Enzio Boldewijn,nl NED,DFMF,Wealdstone FC,32,1992,41,38,3370,37.4,5,0,5,5,0,0,7,1,0.13,0.00,0.13,0.13,0.13,Matches,6db00ad8
85,Callum Bone,,MF,Gateshead,,,10,1,173,1.9,0,0,0,0,0,0,0,0,0.00,0.00,0.00,0.00,0.00,Matches,ea159f1a
86,Myles Boney,eng ENG,GK,Morecambe,27,1998,4,4,360,4.0,0,0,0,0,0,0,0,0,0.00,0.00,0.00,0.00,0.00,Matches,927b36de
87,Regan Booty,eng ENG,MF,Boreham Wood,27,1998,25,23,2002,22.2,5,6,11,5,0,0,3,1,0.22,0.27,0.49,0.22,0.49,Matches,66fe775c
88,Noa Boutin,fr FRA,MFDF,Sutton United,21,2003,8,7,579,6.4,0,0,0,0,0,0,1,0,0.00,0.00,0.00,0.00,0.00,Matches,d80f8c19
89,Sam Bowen,wls WAL,MF,Gateshead,24,2001,19,16,1253,13.9,0,1,1,0,0,0,4,0,0.00,0.07,0.07,0.00,0.07,Matches,e4209f59
90,Sam Bowen,wls WAL,MF,Solihull Moors,24,2001,12,0,140,1.6,1,0,1,1,0,0,0,0,0.64,0.00,0.64,0.64,0.64,Matches,e4209f59
91,Andrew Boyce,eng ENG,DF,Scunthorpe,35,1989,34,33,2758,30.6,0,2,2,0,0,0,7,1,0.00,0.07,0.07,0.00,0.07,Matches,375aaca1
92,Coniah Boyce-Clarke,jm JAM,GK,Aldershot Town,22,2003,25,25,2250,25.0,0,1,1,0,0,0,0,0,0.00,0.04,0.04,0.00,0.04,Matches,94a01643
93,Harry Boyes,eng ENG,DFMF,Southend United,23,2001,44,44,3827,42.5,1,9,10,1,0,0,5,0,0.02,0.21,0.24,0.02,0.24,Matches,467bf546
94,Billy Bradley,,MF,Boston United,,,1,0,7,0.1,0,0,0,0,0,0,0,0,0.00,0.00,0.00,0.00,0.00,Matches,c59cf7fe
95,Owen Bray,eng ENG,MF,FC Halifax Town,22,2003,42,25,2129,23.7,6,4,10,6,0,0,1,0,0.25,0.17,0.42,0.25,0.42,Matches,c346407b
96,Kian Breckin,eng ENG,MF,Altrincham,21,2003,1,0,12,0.1,0,0,0,0,0,0,0,0,0.00,0.00,0.00,0.00,0.00,Matches,ce3ed70d
97,Gabriel Breeze,eng ENG,GK,Carlisle United,21,2003,45,45,4050,45.0,0,1,1,0,0,0,4,0,0.00,0.02,0.02,0.00,0.02,Matches,675b7bd7
98,Jack Bridge,eng ENG,DFMF,Southend United,29,1995,33,3,696,7.7,1,4,5,1,0,1,1,0,0.13,0.52,0.65,0.13,0.65,Matches,2a00dced
99,Richard Brindley,eng ENG,DFMF,Eastleigh,32,1993,30,29,2282,25.4,0,1,1,0,0,0,4,0,0.00,0.04,0.04,0.00,0.04,Matches,a7588b8d
100,Max Brogan,eng ENG,MF,Scunthorpe,23,2001,1,0,22,0.2,0,0,0,0,0,0,0,0,0.00,0.00,0.00,0.00,0.00,Matches,cbc85054
101,Ben Brookes,eng ENG,MF,York City,24,2001,35,17,1519,16.9,2,8,10,2,0,0,6,0,0.12,0.47,0.59,0.12,0.59,Matches,898d171b
102,Tiernan Brooks,ie IRL,GK,Gateshead,23,2002,23,22,2025,22.5,0,1,1,0,0,0,0,0,0.00,0.04,0.04,0.00,0.04,Matches,d881e416
103,Nathan Broome,eng ENG,GK,Rochdale,23,2002,4,4,360,4.0,0,1,1,0,0,0,0,0,0.00,0.25,0.25,0.00,0.25,Matches,d04f6407
104,Pharrell Brown,,MF,Hartlepool,,,10,0,194,2.2,0,0,0,0,0,0,0,0,0.00,0.00,0.00,0.00,0.00,Matches,2c2b1860
105,Zak Brown,eng ENG,MF,Brackley Town,24,2000,38,29,2400,26.7,3,0,3,3,0,0,10,1,0.11,0.00,0.11,0.11,0.11,Matches,d77b1807
106,Zak Brunt,eng ENG,MF,Boreham Wood,23,2001,42,40,3491,38.8,15,14,29,10,5,6,3,0,0.39,0.36,0.75,0.26,0.62,Matches,a31f0ebf
107,D'Mani Bughail-Mellor,eng ENG,FW,Forest Green,24,2000,10,10,855,9.5,3,1,4,3,0,0,2,0,0.32,0.11,0.42,0.32,0.42,Matches,ad556f81
108,Harvey Bunker,eng ENG,MF,Forest Green,22,2003,27,12,1327,14.7,3,0,3,2,1,1,4,1,0.20,0.00,0.20,0.14,0.14,Matches,af36be45
109,Jake Burger,eng ENG,MFFW,Rochdale,20,2005,16,7,773,8.6,0,1,1,0,0,0,0,0,0.00,0.12,0.12,0.00,0.12,Matches,cd6f6860
110,Chris Bush,eng ENG,DF,Boreham Wood,33,1992,46,46,4085,45.4,0,2,2,0,0,0,7,0,0.00,0.04,0.04,0.00,0.04,Matches,6d14377a
111,Jacob Butterfield,eng ENG,MF,Gateshead,35,1990,27,23,1704,18.9,1,3,4,1,0,0,0,0,0.05,0.16,0.21,0.05,0.21,Matches,5ff1aeb8
112,Jili Buyabu,eng ENG,DFMF,Forest Green,23,2001,35,29,2472,27.5,7,5,12,7,0,0,10,0,0.25,0.18,0.44,0.25,0.44,Matches,15ee4bc1
113,Shane Byrne,ie IRL,MF,Brackley Town,32,1993,38,36,3132,34.8,6,1,7,2,4,4,12,0,0.17,0.03,0.20,0.06,0.09,Matches,5c6da0d8
114,Toby Byron,eng ENG,MFDF,Sutton United,23,2001,4,2,191,2.1,0,0,0,0,0,0,0,0,0.00,0.00,0.00,0.00,0.00,Matches,f4123c0f
115,Jake Cain,eng ENG,MFDF,Morecambe,23,2001,27,22,1941,21.6,2,6,8,2,0,0,4,0,0.09,0.28,0.37,0.09,0.37,Matches,a33ce8e2
116,Riccardo Calder,eng ENG,DFMF,Brackley Town,29,1996,25,13,1378,15.3,0,0,0,0,0,0,1,0,0.00,0.00,0.00,0.00,0.00,Matches,518a3f5a
117,Daniel Cameron,eng ENG,GK,Boston United,20,2004,9,9,810,9.0,0,0,0,0,0,0,1,0,0.00,0.00,0.00,0.00,0.00,Matches,1b7ecf68
118,Adam Campbell,eng ENG,MFFW,Hartlepool,30,1995,32,25,2076,23.1,5,4,9,5,0,0,0,0,0.22,0.17,0.39,0.22,0.39,Matches,e3aa211f
119,Maison Campbell,eng ENG,GK,Scunthorpe,22,2003,5,5,450,5.0,0,0,0,0,0,0,0,0,0.00,0.00,0.00,0.00,0.00,Matches,c7146c28
120,Tahvon Campbell,eng ENG,FW,Brackley Town,28,1997,4,4,267,3.0,1,0,1,1,0,0,0,1,0.34,0.00,0.34,0.34,0.34,Matches,106f7efa
121,Tahvon Campbell,eng ENG,FWMF,Yeovil Town,28,1997,33,14,1378,15.3,2,1,3,1,1,2,2,0,0.13,0.07,0.20,0.07,0.13,Matches,106f7efa
122,Tate Campbell,eng ENG,MF,Forest Green,23,2002,15,14,1128,12.5,1,0,1,1,0,0,3,0,0.08,0.00,0.08,0.08,0.08,Matches,b9426cc5
123,Angelo Cappello,bz BLZ,DFMF,FC Halifax Town,23,2002,32,18,1871,20.8,1,5,6,1,0,0,4,0,0.05,0.24,0.29,0.05,0.29,Matches,f8ca9dd2
124,Harry Cardwell,sct SCO,FW,Southend United,28,1996,9,6,481,5.3,2,3,5,2,0,1,1,0,0.37,0.56,0.94,0.37,0.94,Matches,7f876c2e
125,Harry Cardwell,sct SCO,FW,Forest Green,28,1996,5,0,145,1.6,0,0,0,0,0,0,0,0,0.00,0.00,0.00,0.00,0.00,Matches,7f876c2e
126,Matthew Carson,eng ENG,DFMF,Boston United,22,2002,34,29,2619,29.1,2,7,9,2,0,0,9,0,0.07,0.24,0.31,0.07,0.31,Matches,a6993801
127,Harvey Cartwright,eng ENG,GK,Hartlepool,23,2002,13,13,1117,12.4,0,0,0,0,0,0,1,0,0.00,0.00,0.00,0.00,0.00,Matches,42d4be51
128,Danny Cashman,eng ENG,FW,Sutton United,24,2001,2,1,62,0.7,0,0,0,0,0,0,0,0,0.00,0.00,0.00,0.00,0.00,Matches,a1235277
129,Charlie Caton,eng ENG,FWMF,Hartlepool,22,2002,14,6,593,6.6,3,0,3,3,0,0,0,0,0.46,0.00,0.46,0.46,0.46,Matches,aa750095
130,Billy Chadwick,eng ENG,FWMF,Gateshead,25,2000,18,15,1225,13.6,3,1,4,1,2,2,1,0,0.22,0.07,0.29,0.07,0.15,Matches,c5bf0f24
131,Billy Chadwick,eng ENG,MFDF,Scunthorpe,25,2000,7,2,194,2.2,0,0,0,0,0,0,0,0,0.00,0.00,0.00,0.00,0.00,Matches,c5bf0f24
132,Louis Chadwick,eng ENG,GK,Boston United,22,2003,2,2,180,2.0,0,0,0,0,0,0,0,0,0.00,0.00,0.00,0.00,0.00,Matches,fbab094b
133,Leon Chambers-Parillon,eng ENG,MF,Southend United,23,2001,28,13,1292,14.4,2,1,3,2,0,0,0,0,0.14,0.07,0.21,0.14,0.21,Matches,6535901f
134,Harry Chapman,eng ENG,MF,Gateshead,27,1997,42,31,2517,28.0,9,4,13,9,0,0,4,0,0.32,0.14,0.46,0.32,0.46,Matches,7768b19f
135,Luke Charman,eng ENG,FWMF,Hartlepool,27,1997,26,17,1531,17.0,3,4,7,3,0,0,2,0,0.18,0.24,0.41,0.18,0.41,Matches,4be54d60
136,Harry Charsley,ie IRL,MFFW,Truro City FC,28,1996,21,17,1583,17.6,0,0,0,0,0,0,3,0,0.00,0.00,0.00,0.00,0.00,Matches,b20eece9
137,Phillip Chinedu,eng ENG,DF,Wealdstone FC,18,2006,16,12,1122,12.5,0,3,3,0,0,0,1,0,0.00,0.24,0.24,0.00,0.24,Matches,7f74eda2
138,Ryan Clampin,eng ENG,DFMF,Braintree Town,26,1999,14,9,755,8.4,0,0,0,0,0,0,1,0,0.00,0.00,0.00,0.00,0.00,Matches,ac0dfdfa
139,James Clarke,ie IRL,DF,Boreham Wood,25,2000,8,8,667,7.4,3,0,3,2,1,1,2,0,0.40,0.00,0.40,0.27,0.27,Matches,ecc5b3be
140,James Clarke,ie IRL,DFMF,Solihull Moors,25,2000,34,33,2933,32.6,1,2,3,1,0,0,3,0,0.03,0.06,0.09,0.03,0.09,Matches,ecc5b3be
141,Jayden Clarke,eng ENG,MF,Forest Green,24,2001,39,25,2088,23.2,5,6,11,5,0,0,2,0,0.22,0.26,0.47,0.22,0.47,Matches,e64dfbd8
142,James Clarridge,eng ENG,DF,Aldershot Town,21,2004,12,11,1008,11.2,3,0,3,3,0,0,5,0,0.27,0.00,0.27,0.27,0.27,Matches,f1eec5bd
143,James Clarridge,eng ENG,DF,Braintree Town,21,2004,6,6,533,5.9,0,0,0,0,0,0,2,0,0.00,0.00,0.00,0.00,0.00,Matches,f1eec5bd
144,Charles Clayden,eng ENG,MF,Boreham Wood,24,2001,29,11,975,10.8,1,2,3,1,0,0,0,0,0.09,0.18,0.28,0.09,0.28,Matches,26158e40
145,Regan Clayton,eng ENG,MFDF,Braintree Town,20,2004,8,6,495,5.5,0,0,0,0,0,0,2,0,0.00,0.00,0.00,0.00,0.00,Matches,97855227
146,Callum Cockerill-Mollett,eng ENG,DF,Tamworth,26,1999,8,7,432,4.8,0,0,0,0,0,0,2,0,0.00,0.00,0.00,0.00,0.00,Matches,08baf141
147,Oliver Coker,,MF,Southend United,,,38,25,2175,24.2,5,7,12,5,0,0,3,0,0.21,0.29,0.50,0.21,0.50,Matches,8beaa4a3
148,Chris Conn-Clarke,nir NIR,MF,Carlisle United,23,2001,17,13,1060,11.8,1,8,9,1,0,0,1,0,0.08,0.68,0.76,0.08,0.76,Matches,6ac9161c
149,Shea Connor,eng ENG,GK,Gateshead,19,2005,1,1,90,1.0,0,0,0,0,0,0,0,0,0.00,0.00,0.00,0.00,0.00,Matches,500ed7a9
150,Raheem Conte,eng ENG,DFMF,Morecambe,22,2002,17,12,959,10.7,0,0,0,0,0,0,1,0,0.00,0.00,0.00,0.00,0.00,Matches,442ecc1e
151,Jack Cook,eng ENG,DF,Wealdstone FC,31,1993,25,22,1778,19.8,1,2,3,1,0,0,6,0,0.05,0.10,0.15,0.05,0.15,Matches,5c15638f
152,Jamie Cooke,eng ENG,MF,FC Halifax Town,23,2002,20,17,1529,17.0,2,2,4,2,0,1,5,1,0.12,0.12,0.24,0.12,0.24,Matches,72648d9f
153,Charlie Cooper,eng ENG,MF,Yeovil Town,28,1997,3,3,260,2.9,0,0,0,0,0,0,3,0,0.00,0.00,0.00,0.00,0.00,Matches,9eadfbf2
154,Chay Cooper,eng ENG,MF,Braintree Town,23,2001,38,26,2419,26.9,2,6,8,2,0,0,9,0,0.07,0.22,0.30,0.07,0.30,Matches,01c46bde
155,George Cooper,eng ENG,DF,Truro City FC,22,2002,5,5,400,4.4,0,1,1,0,0,0,1,0,0.00,0.23,0.23,0.00,0.23,Matches,e249322c
156,Jake Cooper,eng ENG,DF,Altrincham,25,2000,29,24,2213,24.6,2,1,3,2,0,0,9,0,0.08,0.04,0.12,0.08,0.12,Matches,d521711d
157,Finn Cousin-Dawson,nir NIR,MFDF,Yeovil Town,22,2002,40,28,2622,29.1,1,1,2,1,0,0,7,1,0.03,0.03,0.07,0.03,0.07,Matches,ebc31af0
158,Jordan Cousins,eng ENG,MF,Eastleigh,31,1994,31,30,2390,26.6,0,0,0,0,0,0,1,0,0.00,0.00,0.00,0.00,0.00,Matches,d4b0eb12
159,Daniel Cox,wls WAL,DF,Solihull Moors,19,2006,5,4,371,4.1,0,0,0,0,0,0,1,0,0.00,0.00,0.00,0.00,0.00,Matches,c05eb01e
160,Cameron Coxe,wls WAL,DF,Boreham Wood,26,1998,34,15,1624,18.0,1,3,4,1,0,0,4,0,0.06,0.17,0.22,0.06,0.22,Matches,2f635584
161,Rocco Coyle,eng ENG,MFDF,Boston United,18,2006,13,4,486,5.4,0,0,0,0,0,0,4,0,0.00,0.00,0.00,0.00,0.00,Matches,2fa9f1e9
162,Oliver Crankshaw,eng ENG,FWMF,Altrincham,26,1998,28,17,1508,16.8,9,0,9,9,0,0,4,0,0.54,0.00,0.54,0.54,0.54,Matches,dc89af95
163,Tom Crawford,eng ENG,MF,Altrincham,26,1999,44,43,3844,42.7,3,1,4,3,0,0,14,1,0.07,0.02,0.09,0.07,0.09,Matches,256335e2
164,Daniel Creaney,eng ENG,FWMF,Solihull Moors,31,1994,12,12,963,10.7,3,2,5,3,0,0,3,1,0.28,0.19,0.47,0.28,0.47,Matches,d45613eb
165,Daniel Creaney,eng ENG,FW,Tamworth,31,1994,23,17,1429,15.9,6,3,9,6,0,0,4,1,0.38,0.19,0.57,0.38,0.57,Matches,d45613eb
166,Kane Crichlow,bm BER,FWMF,Sutton United,24,2000,7,3,312,3.5,0,0,0,0,0,0,0,0,0.00,0.00,0.00,0.00,0.00,Matches,de19cb73
167,Jordan Cropper,eng ENG,DFMF,Boston United,25,2000,7,7,537,6.0,1,1,2,1,0,0,3,0,0.17,0.17,0.34,0.17,0.34,Matches,3de9d26b
168,Dylan Crowe,eng ENG,DFMF,FC Halifax Town,24,2001,16,10,735,8.2,0,0,0,0,0,0,4,0,0.00,0.00,0.00,0.00,0.00,Matches,e799e029
169,Adam Crowther,eng ENG,DF,Boston United,24,2001,7,7,616,6.8,0,0,0,0,0,0,3,0,0.00,0.00,0.00,0.00,0.00,Matches,c7c0e66f
170,Jordan Cullinane-Liburd,eng ENG,DF,Tamworth,30,1995,25,24,2081,23.1,3,0,3,3,0,0,2,1,0.13,0.00,0.13,0.13,0.13,Matches,f5c01bd9
171,Ted Curd,eng ENG,GK,Boreham Wood,19,2006,24,24,2160,24.0,0,1,1,0,0,0,0,0,0.00,0.04,0.04,0.00,0.04,Matches,d9bd6f58
172,Matt Curley,eng ENG,DF,Tamworth,30,1995,24,16,1625,18.1,0,0,0,0,0,0,3,0,0.00,0.00,0.00,0.00,0.00,Matches,c045945b
173,Tom Cursons,eng ENG,FW,Boston United,23,2001,17,12,1034,11.5,9,0,9,9,0,0,1,0,0.78,0.00,0.78,0.78,0.78,Matches,647ec523
174,Mohammad Dabre,eng ENG,MF,Sutton United,22,2003,6,4,276,3.1,0,1,1,0,0,0,0,0,0.00,0.33,0.33,0.00,0.33,Matches,06f65571
175,Michael DaCosta,es ESP,MF,Hartlepool,20,2005,2,1,76,0.8,0,0,0,0,0,0,1,0,0.00,0.00,0.00,0.00,0.00,Matches,c1426015
176,Andrew Dallas,sct SCO,FW,Southend United,26,1999,42,38,3097,34.4,17,3,20,15,2,2,4,0,0.49,0.09,0.58,0.44,0.52,Matches,a00f38f9
177,James Daly,eng ENG,FWMF,Yeovil Town,25,2000,33,24,2324,25.8,6,1,7,6,0,0,4,0,0.23,0.04,0.27,0.23,0.27,Matches,435c44b3
178,Matty Daly,eng ENG,MF,Hartlepool,24,2001,43,30,2638,29.3,4,6,10,4,0,0,3,0,0.14,0.20,0.34,0.14,0.34,Matches,03e48abb
179,Aidan Dausch,eng ENG,MF,Scunthorpe,19,2006,16,2,458,5.1,0,0,0,0,0,0,1,0,0.00,0.00,0.00,0.00,0.00,Matches,87caf38a
180,Aidan Dausch,eng ENG,FW,Forest Green,19,2006,8,1,211,2.3,0,1,1,0,0,0,0,0,0.00,0.43,0.43,0.00,0.43,Matches,87caf38a
181,Archie Davies,eng ENG,DF,Carlisle United,26,1998,24,14,1470,16.3,0,2,2,0,0,0,3,0,0.00,0.12,0.12,0.00,0.12,Matches,f14536b9
182,Oli Davis,eng ENG,MF,Braintree Town,19,2006,5,1,63,0.7,0,0,0,0,0,0,0,0,0.00,0.00,0.00,0.00,0.00,Matches,76e508cf
183,Sonnie Davis,eng ENG,MFDF,Eastleigh,20,2005,14,7,765,8.5,0,2,2,0,0,0,2,0,0.00,0.24,0.24,0.00,0.24,Matches,5b51fcc9
184,Joey Dawson,eng ENG,FW,Scunthorpe,22,2003,12,4,389,4.3,1,1,2,1,0,0,1,0,0.23,0.23,0.46,0.23,0.46,Matches,747e84d7
185,Dillon De Silva,lk SRI,FW,Tamworth,23,2002,1,0,14,0.2,1,0,1,1,0,0,0,0,6.43,0.00,6.43,6.43,6.43,Matches,e969d3e2
186,Dillon De Silva,lk SRI,MF,Sutton United,23,2002,7,1,238,2.6,0,0,0,0,0,0,1,0,0.00,0.00,0.00,0.00,0.00,Matches,e969d3e2
187,Gareth Dean,eng ENG,DF,Brackley Town,35,1990,35,33,2976,33.1,0,1,1,0,0,0,9,0,0.00,0.03,0.03,0.00,0.03,Matches,4f846901
188,Harlee Dean,eng ENG,DF,Morecambe,34,1991,18,17,1522,16.9,0,2,2,0,0,0,2,0,0.00,0.12,0.12,0.00,0.12,Matches,483bec75
189,Tom Dean,eng ENG,MF,Truro City FC,19,2005,7,3,354,3.9,0,1,1,0,0,0,0,0,0.00,0.25,0.25,0.00,0.25,Matches,106f787f
190,Will Dean,eng ENG,MFDF,Truro City FC,24,2000,42,39,3585,39.8,4,1,5,4,0,0,4,1,0.10,0.03,0.13,0.10,0.13,Matches,b942bbe9
191,Cole Deeming,,MF,Truro City FC,,,4,4,326,3.6,1,1,2,1,0,0,0,0,0.28,0.28,0.55,0.28,0.55,Matches,c62af1ae
192,Tyler Denton,eng ENG,DFMF,Scunthorpe,29,1995,40,37,3259,36.2,0,7,7,0,0,0,7,0,0.00,0.19,0.19,0.00,0.19,Matches,e461bd1d
193,Adam Desbois,eng ENG,GK,Gateshead,24,2001,12,12,1080,12.0,0,0,0,0,0,0,2,0,0.00,0.00,0.00,0.00,0.00,Matches,13f26ffd
194,Owen Devonport,eng ENG,FWMF,FC Halifax Town,20,2004,17,8,841,9.3,2,1,3,2,0,0,1,0,0.21,0.11,0.32,0.21,0.32,Matches,79ddcef8
195,Marcus Dewhurst,eng ENG,GK,Aldershot Town,24,2001,17,16,1400,15.6,0,0,0,0,0,0,1,1,0.00,0.00,0.00,0.00,0.00,Matches,525eb624
196,Moussa Diarra,fr FRA,DF,Wealdstone FC,35,1990,6,1,111,1.2,0,0,0,0,0,0,1,0,0.00,0.00,0.00,0.00,0.00,Matches,f60061af
197,Matt Dibley-Dias,nz NZL,MF,Braintree Town,21,2004,8,6,522,5.8,0,1,1,0,0,0,0,0,0.00,0.17,0.17,0.00,0.17,Matches,979cb300
198,Emmanuel Dieseruvwe,eng ENG,FW,Rochdale,30,1995,40,37,3152,35.0,26,7,33,24,2,3,7,0,0.74,0.20,0.94,0.69,0.89,Matches,fda11e76
199,Kennedy Digie,eng ENG,DF,Tamworth,28,1996,42,40,3544,39.4,5,1,6,5,0,0,4,0,0.13,0.03,0.15,0.13,0.15,Matches,5b7e82eb
200,Junior Dixon,eng ENG,FW,Boreham Wood,20,2004,12,0,155,1.7,0,0,0,0,0,0,0,0,0.00,0.00,0.00,0.00,0.00,Matches,410e6017
201,Elijah Dixon-Bonner,eng ENG,MF,Wealdstone FC,24,2001,6,0,92,1.0,0,0,0,0,0,0,1,0,0.00,0.00,0.00,0.00,0.00,Matches,931bf61a
202,Elijah Dixon-Bonner,eng ENG,MF,Morecambe,24,2001,14,10,792,8.8,1,0,1,1,0,0,1,0,0.11,0.00,0.11,0.11,0.11,Matches,931bf61a
203,Lennon Dobson,,MF,Morecambe,,,1,0,1,0.0,0,0,0,0,0,0,0,0,0.00,0.00,0.00,0.00,0.00,Matches,64bb0c72
204,Christian Doidge,wls WAL,FWMF,Forest Green,32,1992,18,4,469,5.2,1,0,1,1,0,0,0,0,0.19,0.00,0.19,0.19,0.19,Matches,9c4c3044
205,Justin Donawa,bm BER,DFMF,Brackley Town,29,1996,10,7,588,6.5,0,0,0,0,0,0,2,0,0.00,0.00,0.00,0.00,0.00,Matches,18d9df5e
206,Kwaku Donkor,eng ENG,DF,Tamworth,20,2004,21,18,1609,17.9,0,1,1,0,0,0,4,1,0.00,0.06,0.06,0.00,0.06,Matches,ddf94b38
207,Kwaku Donkor,eng ENG,DF,Sutton United,20,2004,17,16,1273,14.1,0,0,0,0,0,0,3,0,0.00,0.00,0.00,0.00,0.00,Matches,ddf94b38
208,Shaun Donnellan,ie IRL,DF,Truro City FC,28,1996,26,25,2049,22.8,2,0,2,2,0,0,8,1,0.09,0.00,0.09,0.09,0.09,Matches,f71bb25e
209,Kieren Donnelly,eng ENG,FWMF,Boston United,24,2001,28,9,1085,12.1,3,1,4,3,0,0,3,0,0.25,0.08,0.33,0.25,0.33,Matches,3de6a958
210,Ben Drake,eng ENG,DFMF,Braintree Town,20,2005,22,22,1918,21.3,1,2,3,1,0,0,7,0,0.05,0.09,0.14,0.05,0.14,Matches,556d25e5
211,Aaron Drewe,eng ENG,DF,Woking,24,2001,45,43,3934,43.7,4,8,12,4,0,0,10,0,0.09,0.18,0.27,0.09,0.27,Matches,c5eb08ca
212,Thomas Dryer,eng ENG,FW,Woking,18,2007,1,0,8,0.1,0,0,0,0,0,0,0,0,0.00,0.00,0.00,0.00,0.00,Matches,c62b91b8
213,Harrison Dudziak,eng ENG,MF,Braintree Town,19,2006,5,5,439,4.9,0,0,0,0,0,0,0,0,0.00,0.00,0.00,0.00,0.00,Matches,cba1d4cd
214,Immanuelson Duku,nl NED,FW,Tamworth,32,1992,25,17,1360,15.1,6,2,8,6,0,1,1,0,0.40,0.13,0.53,0.40,0.53,Matches,a339a158
215,Immanuelson Duku,nl NED,FW,Rochdale,32,1992,3,2,131,1.5,1,0,1,1,0,0,0,0,0.69,0.00,0.69,0.69,0.69,Matches,a339a158
216,Ryan East,eng ENG,MF,Rochdale,27,1998,44,43,3603,40.0,6,7,13,6,0,0,2,0,0.15,0.17,0.32,0.15,0.32,Matches,7112c6a6
217,Ethan Ebanks-Landell,eng ENG,DF,Rochdale,32,1992,43,41,3756,41.7,2,1,3,2,0,0,5,0,0.05,0.02,0.07,0.05,0.07,Matches,a2cf6cbc
218,Junior Eccleston,eng ENG,DFMF,Sutton United,18,2007,35,28,2553,28.4,1,1,2,1,0,0,7,1,0.04,0.04,0.07,0.04,0.07,Matches,41c3fac1
219,Curtis Edwards,eng ENG,MF,Gateshead,31,1994,18,12,1127,12.5,0,3,3,0,0,0,1,0,0.00,0.24,0.24,0.00,0.24,Matches,3480cb6b
220,Gwion Edwards,wls WAL,MFDF,Morecambe,32,1993,34,31,2450,27.2,6,3,9,6,0,0,7,0,0.22,0.11,0.33,0.22,0.33,Matches,9a60d8f4
221,Michee Efete,cg CGO,DFMF,Yeovil Town,26,1999,9,6,620,6.9,0,0,0,0,0,0,0,0,0.00,0.00,0.00,0.00,0.00,Matches,b20208b7
222,Inih Effiong,eng ENG,FW,Eastleigh,34,1991,9,9,684,7.6,1,1,2,1,0,0,0,0,0.13,0.13,0.26,0.13,0.26,Matches,ae9aadb8
223,Inih Effiong,eng ENG,DFFW,Woking,34,1991,2,0,28,0.3,0,0,0,0,0,0,0,0,0.00,0.00,0.00,0.00,0.00,Matches,ae9aadb8
224,Aidan Elliott-Wheeler,eng ENG,DF,Gateshead,18,2006,8,7,675,7.5,0,1,1,0,0,0,3,0,0.00,0.13,0.13,0.00,0.13,Matches,8f2b5ab4
225,Aidan Elliott-Wheeler,eng ENG,MF,Brackley Town,18,2006,13,10,938,10.4,2,1,3,2,0,0,4,0,0.19,0.10,0.29,0.19,0.29,Matches,8f2b5ab4
226,Jack Ellis,eng ENG,MFDF,Carlisle United,21,2003,43,28,2678,29.8,2,7,9,2,0,0,5,0,0.07,0.24,0.30,0.07,0.30,Matches,510aefd6
227,Dan Ellison,eng ENG,DF,Yeovil Town,20,2005,6,4,428,4.8,1,0,1,1,0,0,3,0,0.21,0.00,0.21,0.21,0.21,Matches,9c94fb5d
228,Elliot Embleton,eng ENG,MFFW,Carlisle United,26,1999,13,10,796,8.8,2,1,3,2,0,0,4,0,0.23,0.11,0.34,0.23,0.34,Matches,e8a427a3
229,Jay Emmanuel-Thomas,eng ENG,FWMF,Braintree Town,34,1990,10,0,182,2.0,1,0,1,1,0,0,0,0,0.49,0.00,0.49,0.49,0.49,Matches,b5f1c3c8
230,Zak Emmerson,eng ENG,MF,FC Halifax Town,20,2004,1,0,2,0.0,0,0,0,0,0,0,0,0,0.00,0.00,0.00,0.00,0.00,Matches,bc69c7a0
231,Yassine En-Neyah,ie IRL,MF,Truro City FC,25,2000,23,17,1519,16.9,0,0,0,0,0,0,1,0,0.00,0.00,0.00,0.00,0.00,Matches,9bb553a0
232,Beck-Ray Enoru,cm CMR,MFFW,Tamworth,22,2002,24,19,1655,18.4,3,3,6,3,0,0,1,0,0.16,0.16,0.33,0.16,0.33,Matches,ad74274e
233,Sean Etaluku,eng ENG,MF,Forest Green,21,2003,2,2,98,1.1,0,0,0,0,0,0,0,0,0.00,0.00,0.00,0.00,0.00,Matches,0a3efe93
234,George Evans,eng ENG,GK,Hartlepool,20,2005,13,13,1170,13.0,0,0,0,0,0,0,0,0,0.00,0.00,0.00,0.00,0.00,Matches,9fa5c6c5
235,Kieron Evans,wls WAL,MFFW,Eastleigh,23,2001,41,26,2445,27.2,3,0,3,3,0,0,5,0,0.11,0.00,0.11,0.11,0.11,Matches,7ef03bf1
236,Will Evans,eng ENG,DF,Scunthorpe,33,1991,28,25,2279,25.3,0,1,1,0,0,0,6,0,0.00,0.04,0.04,0.00,0.04,Matches,f74c4167
237,Temitope Eweka,eng ENG,DF,Eastleigh,26,1999,43,43,3711,41.2,4,2,6,4,0,0,13,1,0.10,0.05,0.15,0.10,0.15,Matches,98d81383
238,Oliver Ewing,wls WAL,MF,Scunthorpe,22,2003,41,38,3049,33.9,3,2,5,2,1,1,2,0,0.09,0.06,0.15,0.06,0.12,Matches,8f8c94dc
239,Dubem Eze,eng ENG,MF,Sutton United,20,2005,9,0,160,1.8,1,0,1,1,0,0,3,0,0.56,0.00,0.56,0.56,0.56,Matches,0455b788
240,Dubem Eze,eng ENG,MF,Scunthorpe,20,2005,3,0,31,0.3,0,0,0,0,0,0,0,0,0.00,0.00,0.00,0.00,0.00,Matches,0455b788
241,Mo Fadera,gm GAM,FW,York City,20,2004,2,0,26,0.3,0,0,0,0,0,0,0,0,0.00,0.00,0.00,0.00,0.00,Matches,7ece7a5a
242,Malachi Fagan-Walcott,eng ENG,DF,York City,23,2002,36,32,2823,31.4,8,4,12,8,0,0,3,0,0.26,0.13,0.38,0.26,0.38,Matches,8263d615
243,Adam Fairclough,eng ENG,MF,Morecambe,18,2007,2,0,36,0.4,0,0,0,0,0,0,0,0,0.00,0.00,0.00,0.00,0.00,Matches,fd1cebf4
244,Luke Fairlamb,eng ENG,DF,Tamworth,31,1993,38,36,3278,36.4,0,4,4,0,0,0,3,1,0.00,0.11,0.11,0.00,0.11,Matches,b16c08e9
245,Louie Fallon,eng ENG,GK,Altrincham,18,2006,3,2,182,2.0,0,0,0,0,0,0,0,0,0.00,0.00,0.00,0.00,0.00,Matches,9eca0249
246,Ryan Fallowfield,eng ENG,DF,York City,29,1996,27,4,687,7.6,2,0,2,2,0,0,3,0,0.26,0.00,0.26,0.26,0.26,Matches,c27a7dd5
247,Leo Farrell,eng ENG,FW,Scunthorpe,19,2005,7,4,355,3.9,4,1,5,4,0,0,0,0,1.01,0.25,1.27,1.01,1.27,Matches,c3fe6b52
248,Nicky Featherstone,eng ENG,DFFW,Hartlepool,36,1988,1,0,4,0.0,0,0,0,0,0,0,0,0,0.00,0.00,0.00,0.00,0.00,Matches,6db8d67b
249,Morgan Feeney,eng ENG,DF,Carlisle United,26,1999,38,33,3092,34.4,4,5,9,4,0,0,4,0,0.12,0.15,0.26,0.12,0.26,Matches,7abbf224
250,Joe Felix,eng ENG,MFDF,York City,25,1999,25,21,1755,19.5,1,1,2,1,0,0,3,0,0.05,0.05,0.10,0.05,0.10,Matches,67c1f87a
251,James Fennelow,,FW,Sutton United,,,1,0,27,0.3,0,0,0,0,0,0,0,0,0.00,0.00,0.00,0.00,0.00,Matches,afeccafe
252,David Ferguson,eng ENG,DFMF,Gateshead,31,1994,39,36,3212,35.7,0,1,1,0,0,0,3,0,0.00,0.03,0.03,0.00,0.03,Matches,821bcc32
253,Kyle Ferguson,sct SCO,DF,Yeovil Town,25,1999,34,30,2603,28.9,2,0,2,2,0,0,10,1,0.07,0.00,0.07,0.07,0.07,Matches,2061d284
254,Nathan Ferguson,gy GUY,MF,Hartlepool,29,1995,11,1,174,1.9,0,0,0,0,0,0,2,0,0.00,0.00,0.00,0.00,0.00,Matches,41f5a198
255,Luis Fernandez,eng ENG,DF,Eastleigh,23,2001,19,13,1191,13.2,1,0,1,1,0,0,6,0,0.08,0.00,0.08,0.08,0.08,Matches,06b30347
256,Dominic Fischer-Johnson,eng ENG,FWMF,Truro City FC,22,2003,34,24,2109,23.4,4,2,6,4,0,0,4,0,0.17,0.09,0.26,0.17,0.26,Matches,24b0e5e2
257,Ethan Fitzhugh,eng ENG,MF,Gateshead,22,2002,9,1,174,1.9,0,0,0,0,0,0,0,0,0.00,0.00,0.00,0.00,0.00,Matches,4acd2ebd
258,Will Flint,eng ENG,MFDF,Gateshead,19,2006,21,10,931,10.3,2,0,2,2,0,0,2,0,0.19,0.00,0.19,0.19,0.19,Matches,2ab84455
259,Louis Flower,eng ENG,FW,Woking,20,2004,3,0,54,0.6,1,0,1,1,0,0,0,0,1.67,0.00,1.67,1.67,1.67,Matches,bf5732ee
260,Tommy Fogarty,nir NIR,DF,Morecambe,21,2004,5,4,373,4.1,0,0,0,0,0,0,1,0,0.00,0.00,0.00,0.00,0.00,Matches,48dd9610
261,Tommy Fogarty,nir NIR,DF,Boston United,21,2004,11,7,640,7.1,0,0,0,0,0,0,1,0,0.00,0.00,0.00,0.00,0.00,Matches,48dd9610
262,Samuel Folarin,ng NGA,MF,Hartlepool,24,2000,18,1,310,3.4,0,0,0,0,0,0,2,0,0.00,0.00,0.00,0.00,0.00,Matches,bbe91cbf
263,Brandon Forbes,sct SCO,FW,Tamworth,19,2006,3,0,60,0.7,0,0,0,0,0,0,0,0,0.00,0.00,0.00,0.00,0.00,Matches,069da594
264,Anthony Forde,ie IRL,MF,Altrincham,31,1993,9,4,308,3.4,0,0,0,0,0,0,0,0,0.00,0.00,0.00,0.00,0.00,Matches,2d139834
265,Jake Forster-Caskey,eng ENG,MF,Woking,31,1994,30,17,1555,17.3,0,1,1,0,0,0,3,0,0.00,0.06,0.06,0.00,0.06,Matches,e9ec272c
266,Osman Foyo,eng ENG,FW,Sutton United,20,2004,10,8,642,7.1,2,1,3,2,0,0,1,0,0.28,0.14,0.42,0.28,0.42,Matches,bf551a24
267,Ludwig Francillette,gp GLP,DF,Morecambe,26,1999,24,21,1955,21.7,0,0,0,0,0,0,4,0,0.00,0.00,0.00,0.00,0.00,Matches,c8eb2b86
268,Aidan Francis,eng ENG,DF,Braintree Town,21,2004,40,40,3600,40.0,2,0,2,2,0,0,13,0,0.05,0.00,0.05,0.05,0.05,Matches,38c29201
269,Ed Francis,eng ENG,MF,Rochdale,25,1999,12,1,189,2.1,0,1,1,0,0,0,0,0,0.00,0.48,0.48,0.00,0.48,Matches,a355a77f
270,Jermaine Francis,gd GRN,MF,Hartlepool,23,2002,22,15,1413,15.7,3,3,6,3,0,0,4,1,0.19,0.19,0.38,0.19,0.38,Matches,4494c4f1
271,Jermaine Francis,gd GRN,MFFW,Sutton United,23,2002,15,15,1183,13.1,1,1,2,1,0,0,2,0,0.08,0.08,0.15,0.08,0.15,Matches,4494c4f1
272,Tyler French,eng ENG,DF,Solihull Moors,26,1999,36,34,3031,33.7,2,1,3,2,0,0,7,1,0.06,0.03,0.09,0.06,0.09,Matches,14a23ba8
273,Tyler Frost,eng ENG,MFDF,Aldershot Town,26,1999,14,5,444,4.9,1,0,1,1,0,0,1,0,0.20,0.00,0.20,0.20,0.20,Matches,2bffdc2a
274,James Gale,eng ENG,FW,Altrincham,23,2001,23,18,1419,15.8,4,0,4,4,0,0,4,0,0.25,0.00,0.25,0.25,0.25,Matches,06405142
275,Oisín Gallagher,nir NIR,MFDF,Boston United,20,2005,27,27,2369,26.3,1,1,2,1,0,0,9,0,0.04,0.04,0.08,0.04,0.08,Matches,bac80e60
276,Ryan Galvin,eng ENG,DF,Carlisle United,24,2001,18,17,1500,16.7,2,1,3,2,0,0,4,0,0.12,0.06,0.18,0.12,0.18,Matches,9595ca34
277,Ryan Galvin,eng ENG,MFDF,Rochdale,24,2001,4,2,232,2.6,0,0,0,0,0,0,0,0,0.00,0.00,0.00,0.00,0.00,Matches,9595ca34
278,Joseph Gbode,eng ENG,MF,Woking,20,2005,15,11,889,9.9,3,2,5,3,0,0,6,0,0.30,0.20,0.51,0.30,0.51,Matches,425749a4
279,Anthony Georgiou,cy CYP,MFDF,Wealdstone FC,28,1997,35,28,2521,28.0,2,4,6,2,0,0,4,1,0.07,0.14,0.21,0.07,0.21,Matches,ad28ee23
280,Owen German,,MF,Altrincham,,,3,1,21,0.2,0,0,0,0,0,0,0,1,0.00,0.00,0.00,0.00,0.00,Matches,06e5f31b
281,Harry Gettins,,MF,Gateshead,,,2,1,79,0.9,0,0,0,0,0,0,0,0,0.00,0.00,0.00,0.00,0.00,Matches,51e0c2e0
282,Hady Ghandour,lb LIB,FWMF,Aldershot Town,25,2000,30,15,1522,16.9,5,3,8,5,0,0,1,0,0.30,0.18,0.47,0.30,0.47,Matches,b07a43b7
283,Luey Giles,wls WAL,DF,Eastleigh,18,2006,7,4,368,4.1,0,2,2,0,0,0,1,0,0.00,0.49,0.49,0.00,0.49,Matches,82349a71
284,Alex Gilliead,eng ENG,MF,Carlisle United,29,1996,37,37,3025,33.6,0,1,1,0,0,0,5,0,0.00,0.03,0.03,0.00,0.03,Matches,afd24e42
285,Ciaran Gilligan,eng ENG,MF,Aldershot Town,23,2002,4,4,355,3.9,1,0,1,1,0,0,2,0,0.25,0.00,0.25,0.25,0.25,Matches,0915721c
286,Harvey Gilmour,eng ENG,MF,Rochdale,26,1998,38,36,3103,34.5,3,3,6,3,0,0,9,0,0.09,0.09,0.17,0.09,0.17,Matches,6cbd1d9d
287,Zak Gilsenan,ie IRL,MFFW,Gateshead,22,2003,6,4,345,3.8,0,1,1,0,0,0,0,0,0.00,0.26,0.26,0.00,0.26,Matches,9e256752
288,Tylor Golden,eng ENG,DFMF,Altrincham,25,1999,41,36,3237,36.0,2,4,6,2,0,0,11,2,0.06,0.11,0.17,0.06,0.17,Matches,b8e85c47
289,James Golding,ie IRL,DF,Southend United,20,2004,15,12,1027,11.4,2,1,3,2,0,0,3,0,0.18,0.09,0.26,0.18,0.26,Matches,71b3a110
290,Anthony Gomez Mancini,fr FRA,MF,Rochdale,24,2001,3,0,76,0.8,0,1,1,0,0,0,1,0,0.00,1.18,1.18,0.00,1.18,Matches,bda82fc2
291,Ben Goodliffe,eng ENG,DF,Southend United,26,1999,39,30,2708,30.1,2,2,4,2,0,0,3,1,0.07,0.07,0.13,0.07,0.13,Matches,1dcffffe
292,John-Kymani Gordon,eng ENG,FWMF,Rochdale,22,2003,4,0,64,0.7,0,0,0,0,0,0,1,0,0.00,0.00,0.00,0.00,0.00,Matches,d7e24aa1
293,Kyron Gordon,eng ENG,DF,Rochdale,23,2002,45,45,4050,45.0,6,6,12,6,0,0,11,0,0.13,0.13,0.27,0.13,0.27,Matches,f4aba1af
294,Dale Gorman,nir NIR,MF,Woking,29,1996,10,2,227,2.5,0,0,0,0,0,0,2,0,0.00,0.00,0.00,0.00,0.00,Matches,a9eb6c6b
295,Matt Gould,nz NZL,GK,Yeovil Town,31,1994,1,0,1,0.0,0,0,0,0,0,0,0,0,0.00,0.00,0.00,0.00,0.00,Matches,077f5a96
296,Josh Grant,eng ENG,MF,Carlisle United,26,1998,11,3,372,4.1,0,0,0,0,0,0,0,0,0.00,0.00,0.00,0.00,0.00,Matches,9672abe8
297,Josh Grant,eng ENG,DF,Altrincham,26,1998,12,10,853,9.5,0,0,0,0,0,0,2,0,0.00,0.00,0.00,0.00,0.00,Matches,9672abe8
298,Joe Grayson,eng ENG,DF,Gateshead,26,1999,17,11,889,9.9,0,1,1,0,0,0,1,0,0.00,0.10,0.10,0.00,0.10,Matches,d401981c
299,Cameron Green,eng ENG,DFMF,Solihull Moors,26,1999,37,33,3045,33.8,0,2,2,0,0,0,6,0,0.00,0.06,0.06,0.00,0.06,Matches,5bdc4370
300,Harvey Greenslade,eng ENG,FWMF,Yeovil Town,21,2004,41,18,1754,19.5,2,0,2,2,0,0,9,0,0.10,0.00,0.10,0.10,0.10,Matches,7cb2be9d
301,Cameron Gregory,eng ENG,GK,Brackley Town,25,2000,13,13,1170,13.0,0,0,0,0,0,0,2,0,0.00,0.00,0.00,0.00,0.00,Matches,941d6c81
302,Joe Grey,eng ENG,MFFW,York City,22,2003,42,21,2034,22.6,6,4,10,5,1,1,4,0,0.27,0.18,0.44,0.22,0.40,Matches,3bd54918
303,Jake Griffin,ie IRL,DF,FC Halifax Town,19,2005,2,0,19,0.2,0,0,0,0,0,0,1,0,0.00,0.00,0.00,0.00,0.00,Matches,fd0e019a
304,Jack Griffiths,eng ENG,MF,Rochdale,20,2005,1,1,64,0.7,0,0,0,0,0,0,0,0,0.00,0.00,0.00,0.00,0.00,Matches,daa76e1b
305,Jamie Grimes,eng ENG,DF,Boston United,34,1990,16,16,1440,16.0,1,0,1,1,0,0,3,0,0.06,0.00,0.06,0.06,0.06,Matches,97a7d953
306,Ben Grist,eng ENG,DFMF,Boston United,20,2004,19,10,914,10.2,0,0,0,0,0,0,2,0,0.00,0.00,0.00,0.00,0.00,Matches,8212dc69
307,Christy Grogan,eng ENG,DF,Aldershot Town,19,2005,15,13,1166,13.0,0,0,0,0,0,0,5,1,0.00,0.00,0.00,0.00,0.00,Matches,d4ecfa6c
308,Joe Gubbins,eng ENG,DF,Southend United,23,2001,34,31,2705,30.1,0,0,0,0,0,0,8,0,0.00,0.00,0.00,0.00,0.00,Matches,5e5437d4
309,Amir Hadi,eng ENG,MF,Braintree Town,22,2003,5,1,98,1.1,0,0,0,0,0,0,0,0,0.00,0.00,0.00,0.00,0.00,Matches,e5e11fdb
310,Chris Haigh,eng ENG,GK,Sutton United,28,1997,3,3,211,2.3,0,0,0,0,0,0,0,1,0.00,0.00,0.00,0.00,0.00,Matches,e45c2b56
311,Connor Hall,eng ENG,FW,Brackley Town,27,1998,31,12,1078,12.0,6,0,6,6,0,1,3,0,0.50,0.00,0.50,0.50,0.50,Matches,13c35dfd
312,Owen Hampson,eng ENG,MFFW,Boston United,20,2004,8,4,283,3.1,0,0,0,0,0,0,2,0,0.00,0.00,0.00,0.00,0.00,Matches,081b8cac
313,Luke Hannant,eng ENG,MFFW,Rochdale,31,1993,8,5,420,4.7,2,0,2,2,0,0,3,0,0.43,0.00,0.43,0.43,0.43,Matches,fd6816f3
314,Cameron Hargreaves,eng ENG,MF,Aldershot Town,26,1998,42,38,3447,38.3,3,1,4,3,0,0,8,1,0.08,0.03,0.10,0.08,0.10,Matches,acdec532
315,Cameron Harper,sct SCO,DF,Carlisle United,23,2001,33,26,2343,26.0,2,3,5,2,0,0,3,1,0.08,0.12,0.19,0.08,0.19,Matches,5ed72124
316,Kian Harratt,eng ENG,FW,Brackley Town,23,2002,10,4,435,4.8,1,0,1,1,0,0,0,0,0.21,0.00,0.21,0.21,0.21,Matches,51cb4026
317,Cian Harries,wls WAL,DFMF,Forest Green,28,1997,1,0,31,0.3,0,0,0,0,0,0,0,0,0.00,0.00,0.00,0.00,0.00,Matches,6ee0d5eb
318,Callum Harriott,gy GUY,FW,Braintree Town,31,1994,5,1,111,1.2,0,0,0,0,0,0,2,0,0.00,0.00,0.00,0.00,0.00,Matches,5eed3c9c
319,Archie Harris,wls WAL,DFMF,Eastleigh,20,2004,41,38,3493,38.8,0,8,8,0,0,0,1,0,0.00,0.21,0.21,0.00,0.21,Matches,8eab81d9
320,Jayden Harris,eng ENG,MFFW,Sutton United,25,1999,41,29,2476,27.5,5,5,10,5,0,0,11,0,0.18,0.18,0.36,0.18,0.36,Matches,a1f7531e
321,Taylan Harris,eng ENG,MF,Braintree Town,19,2005,5,5,380,4.2,2,0,2,2,0,0,1,0,0.47,0.00,0.47,0.47,0.47,Matches,96630213
322,William Harris,eng ENG,FW,FC Halifax Town,24,2000,43,36,3148,35.0,22,5,27,21,1,4,3,1,0.63,0.14,0.77,0.60,0.74,Matches,3d23c328
323,Tom Harrison,eng ENG,DF,Truro City FC,24,2001,23,22,1988,22.1,1,0,1,1,0,0,6,0,0.05,0.00,0.05,0.05,0.05,Matches,0dd68bf2
324,Tyler Harvey,eng ENG,FW,Truro City FC,30,1995,26,21,1952,21.7,5,2,7,4,1,1,6,0,0.23,0.09,0.32,0.18,0.28,Matches,68782709
325,Lirak Hasani,eng ENG,MF,Truro City FC,23,2002,30,24,2149,23.9,2,1,3,2,0,0,3,0,0.08,0.04,0.13,0.08,0.13,Matches,01dae66b
326,Sak Hassan,so SOM,MFFW,Wealdstone FC,24,2001,24,7,939,10.4,1,4,5,1,0,0,0,0,0.10,0.38,0.48,0.10,0.48,Matches,c5dc61f0
327,Nick Haughton,eng ENG,MF,Forest Green,30,1994,34,23,1885,20.9,7,5,12,7,0,0,2,0,0.33,0.24,0.57,0.33,0.57,Matches,7c47ac8b
328,Aaron Hayden,eng ENG,DF,Carlisle United,28,1997,19,18,1597,17.7,2,0,2,2,0,0,5,0,0.11,0.00,0.11,0.11,0.11,Matches,100d6085
329,Nicholas Hayes,eng ENG,GK,Hartlepool,26,1999,19,19,1710,19.0,0,0,0,0,0,0,1,0,0.00,0.00,0.00,0.00,0.00,Matches,7c94a189
330,Nicholas Hayes,eng ENG,GK,Southend United,26,1999,6,6,540,6.0,0,0,0,0,0,0,1,0,0.00,0.00,0.00,0.00,0.00,Matches,7c94a189
331,Ryan Haynes,eng ENG,MFDF,Brackley Town,29,1995,17,12,980,10.9,1,2,3,1,0,0,3,0,0.09,0.18,0.28,0.09,0.28,Matches,96169411
332,Jacob Hazel,kn SKN,FW,Boston United,31,1994,5,1,138,1.5,2,0,2,1,1,1,0,0,1.30,0.00,1.30,0.65,0.65,Matches,0c35e192
333,Ian Henderson,eng ENG,FW,Rochdale,40,1985,29,5,753,8.4,8,3,11,8,0,1,2,0,0.96,0.36,1.31,0.96,1.31,Matches,afb0fae3
334,Luke Hendrie,eng ENG,DF,Morecambe,30,1994,2,1,124,1.4,0,0,0,0,0,0,0,0,0.00,0.00,0.00,0.00,0.00,Matches,417134fe
335,Aaron Henry,eng ENG,MF,Boreham Wood,21,2003,5,0,92,1.0,1,0,1,1,0,0,0,0,0.98,0.00,0.98,0.98,0.98,Matches,72b12581
336,James Henry,eng ENG,MFFW,Aldershot Town,36,1989,31,18,1308,14.5,4,4,8,3,1,1,3,0,0.28,0.28,0.55,0.21,0.48,Matches,c354b50c
337,Finlay Herrick,eng ENG,GK,Boreham Wood,19,2006,10,10,900,10.0,0,0,0,0,0,0,0,0,0.00,0.00,0.00,0.00,0.00,Matches,8a764f73
338,Craig Hewitt,eng ENG,MF,York City,21,2004,8,0,80,0.9,1,1,2,1,0,0,0,0,1.13,1.13,2.25,1.13,2.25,Matches,f9b5b107
339,Scott High,sct SCO,MF,Solihull Moors,24,2001,29,29,2512,27.9,5,5,10,5,0,0,1,1,0.18,0.18,0.36,0.18,0.36,Matches,b8ec3525
340,Dylan Hill,eng ENG,MFFW,Boston United,21,2004,36,35,3077,34.2,3,3,6,3,0,0,5,0,0.09,0.09,0.18,0.09,0.18,Matches,d470029b
341,Ryan Hill,eng ENG,MFDF,Aldershot Town,27,1998,42,42,3666,40.7,9,4,13,2,7,8,13,0,0.22,0.10,0.32,0.05,0.15,Matches,297a396f
342,Jack Hinchy,eng ENG,MF,Altrincham,22,2003,4,1,115,1.3,0,1,1,0,0,0,1,0,0.00,0.78,0.78,0.00,0.78,Matches,d0a4eaf0
343,Jack Hinchy,eng ENG,MF,Wealdstone FC,22,2003,11,8,714,7.9,0,1,1,0,0,0,0,0,0.00,0.13,0.13,0.00,0.13,Matches,d0a4eaf0
344,Tariq Hinds,eng ENG,DFMF,Woking,25,2000,29,22,1902,21.1,1,2,3,1,0,0,4,0,0.05,0.09,0.14,0.05,0.14,Matches,4837f8d4
345,Jordy Hiwula,eng ENG,FWMF,Boston United,30,1994,39,19,1926,21.4,7,2,9,6,1,2,5,0,0.33,0.09,0.42,0.28,0.37,Matches,f6121039
346,Josh Hmami,eng ENG,MF,FC Halifax Town,25,2000,42,42,3523,39.1,12,6,18,9,3,4,9,0,0.31,0.15,0.46,0.23,0.38,Matches,db4d9cbc
347,Bailey Hobson,eng ENG,MF,Brackley Town,22,2002,14,2,499,5.5,0,0,0,0,0,0,0,0,0.00,0.00,0.00,0.00,0.00,Matches,25288dfe
348,Shaun Hobson,eng ENG,DF,FC Halifax Town,27,1998,37,37,3209,35.7,0,3,3,0,0,1,6,0,0.00,0.08,0.08,0.00,0.08,Matches,a2d2dbf3
349,Freddie Hockey,eng ENG,MFFW,Braintree Town,19,2005,10,2,287,3.2,0,0,0,0,0,0,0,0,0.00,0.00,0.00,0.00,0.00,Matches,7f9c902d
350,Liam Hogan,eng ENG,DF,Morecambe,36,1989,13,13,1165,12.9,0,1,1,0,0,0,2,0,0.00,0.08,0.08,0.00,0.08,Matches,7a5e2895
351,Liam Hogan,eng ENG,DF,Rochdale,36,1989,5,5,384,4.3,0,0,0,0,0,0,0,0,0.00,0.00,0.00,0.00,0.00,Matches,7a5e2895
352,Haydn Hollis,eng ENG,DF,Tamworth,32,1992,26,21,1990,22.1,2,1,3,2,0,0,3,0,0.09,0.05,0.14,0.09,0.14,Matches,3e6bea88
353,Gavan Holohan,ie IRL,MF,Hartlepool,33,1991,6,3,288,3.2,0,1,1,0,0,0,0,0,0.00,0.31,0.31,0.00,0.31,Matches,e8926839
354,Louie Holzman,eng ENG,DF,Eastleigh,21,2003,6,4,354,3.9,0,0,0,0,0,0,0,0,0.00,0.00,0.00,0.00,0.00,Matches,1a694219
355,Josh Home,eng ENG,MF,Gateshead,20,2005,39,27,2282,25.4,0,0,0,0,0,0,7,0,0.00,0.00,0.00,0.00,0.00,Matches,c2343ea9
356,Tom Hopper,eng ENG,FW,Southend United,31,1993,39,13,1376,15.3,4,0,4,4,0,0,1,0,0.26,0.00,0.26,0.26,0.26,Matches,ad8a7344
357,Branden Horton,eng ENG,DF,Scunthorpe,24,2000,37,34,2972,33.0,0,2,2,0,0,0,4,1,0.00,0.06,0.06,0.00,0.06,Matches,12144137
358,Bryce Hosannah,eng ENG,DFMF,Rochdale,26,1999,5,0,98,1.1,0,0,0,0,0,0,0,0,0.00,0.00,0.00,0.00,0.00,Matches,be3fae33
359,Florent Hoti,xk KVX,MF,FC Halifax Town,24,2000,8,0,142,1.6,1,0,1,1,0,0,1,0,0.63,0.00,0.63,0.63,0.63,Matches,fab0ae07
360,Callum Howe,eng ENG,DF,York City,31,1994,28,19,1876,20.8,1,0,1,1,0,0,1,0,0.05,0.00,0.05,0.05,0.05,Matches,a121920f
361,Declan Howe,eng ENG,FWMF,Scunthorpe,27,1998,32,16,1527,17.0,8,1,9,8,0,0,2,0,0.47,0.06,0.53,0.47,0.53,Matches,fd1d53fa
362,Declan Howe,eng ENG,FW,Altrincham,27,1998,8,7,607,6.7,4,2,6,4,0,1,2,0,0.59,0.30,0.89,0.59,0.89,Matches,fd1d53fa
363,Finn Howell,,DF,Solihull Moors,,,1,0,16,0.2,0,0,0,0,0,0,1,0,0.00,0.00,0.00,0.00,0.00,Matches,45e6ab96
364,Ryan Howley,wls WAL,MF,Tamworth,21,2003,7,5,416,4.6,0,0,0,0,0,0,0,0,0.00,0.00,0.00,0.00,0.00,Matches,fe44269d
365,Fletcher Hubbard,,MFFW,Braintree Town,,,12,7,506,5.6,0,0,0,0,0,0,0,0,0.00,0.00,0.00,0.00,0.00,Matches,0ed38e37
366,Ollie Hughes,,,Yeovil Town,,,2,0,47,0.5,0,0,0,0,0,0,0,0,0.00,0.00,0.00,0.00,0.00,Matches,172cb975
367,Will Hugill,eng ENG,MF,FC Halifax Town,21,2004,46,42,3539,39.3,2,2,4,2,0,0,7,0,0.05,0.05,0.10,0.05,0.10,Matches,37bffbb2
368,Liam Humbles,eng ENG,MF,Rochdale,21,2003,1,0,4,0.0,0,0,0,0,0,0,0,0,0.00,0.00,0.00,0.00,0.00,Matches,a21093e1
369,Liam Humbles,eng ENG,MF,Altrincham,21,2003,18,14,1145,12.7,3,0,3,3,0,0,0,0,0.24,0.00,0.24,0.24,0.24,Matches,a21093e1
370,Lloyd Humphries,wls WAL,MFDF,Eastleigh,27,1997,32,25,2340,26.0,3,1,4,2,1,2,3,0,0.12,0.04,0.15,0.08,0.12,Matches,6fa6a42e
371,Alex Hunt,eng ENG,MF,York City,25,2000,45,44,3688,41.0,9,5,14,6,3,4,8,0,0.22,0.12,0.34,0.15,0.27,Matches,c049795e
372,Jack Hunter,eng ENG,MFDF,Hartlepool,27,1997,34,29,2381,26.5,0,0,0,0,0,0,6,0,0.00,0.00,0.00,0.00,0.00,Matches,64d91580
373,Kyle Hurst,eng ENG,MF,Gateshead,23,2002,25,16,1543,17.1,4,0,4,4,0,0,1,0,0.23,0.00,0.23,0.23,0.23,Matches,0cfd2a3b
374,Kyle Hurst,eng ENG,MFFW,Scunthorpe,23,2002,5,4,246,2.7,0,0,0,0,0,0,0,0,0.00,0.00,0.00,0.00,0.00,Matches,0cfd2a3b
375,Noor Husin,af AFG,MF,Southend United,28,1997,6,6,458,5.1,0,0,0,0,0,0,2,0,0.00,0.00,0.00,0.00,0.00,Matches,9035308b
376,Dominic Hutchinson,eng ENG,MFFW,Wealdstone FC,23,2001,42,30,2668,29.6,5,4,9,5,0,0,8,0,0.17,0.13,0.30,0.17,0.30,Matches,e6514c9c
377,Luke Hutchinson,eng ENG,GK,Altrincham,,,44,44,3958,44.0,0,0,0,0,0,0,8,0,0.00,0.00,0.00,0.00,0.00,Matches,e369a3d5
378,Jake Hyde,eng ENG,FW,Woking,35,1990,2,0,12,0.1,0,0,0,0,0,0,0,0,0.00,0.00,0.00,0.00,0.00,Matches,252a4513
379,Femi Ilesanmi,eng ENG,DF,Boreham Wood,34,1991,40,31,2740,30.4,1,2,3,1,0,0,5,1,0.03,0.07,0.10,0.03,0.10,Matches,b0bc6771
380,Maria Inês,pt POR,MF,Yeovil Town,26,1999,6,3,288,3.2,0,1,1,0,0,0,1,0,0.00,0.31,0.31,0.00,0.31,Matches,c08b5dd2
381,Freddie Ingram,,,Eastleigh,,,2,0,38,0.4,0,0,0,0,0,0,0,0,0.00,0.00,0.00,0.00,0.00,Matches,69135351
382,Ryan Inniss,eng ENG,DF,Forest Green,30,1995,19,13,1254,13.9,1,0,1,1,0,0,1,0,0.07,0.00,0.07,0.07,0.07,Matches,600ae8cb
383,Sam Inwood,nir NIR,DF,Aldershot Town,19,2005,21,20,1763,19.6,0,0,0,0,0,0,6,1,0.00,0.00,0.00,0.00,0.00,Matches,f18cb843
384,Dan Isichei,,MF,Tamworth,,,9,3,244,2.7,0,0,0,0,0,0,0,0,0.00,0.00,0.00,0.00,0.00,Matches,ef377e58
385,Freddie Issaka,wls WAL,MFFW,Truro City FC,19,2006,14,12,864,9.6,2,0,2,2,0,0,1,0,0.21,0.00,0.21,0.21,0.21,Matches,f125cad0
386,Harvey Isted,eng ENG,GK,Forest Green,28,1997,29,29,2610,29.0,0,1,1,0,0,0,1,0,0.00,0.03,0.03,0.00,0.03,Matches,bbb09699
387,William Jääskeläinen,fi FIN,GK,Woking,27,1998,36,36,3240,36.0,0,1,1,0,0,0,3,0,0.00,0.03,0.03,0.00,0.03,Matches,dd6814d1
388,Ben Jackson,eng ENG,DF,Aldershot Town,21,2003,11,9,663,7.4,0,0,0,0,0,0,3,1,0.00,0.00,0.00,0.00,0.00,Matches,0cd9c796
389,Louis Jackson,sct SCO,DF,Solihull Moors,19,2005,2,2,158,1.8,0,0,0,0,0,0,1,0,0.00,0.00,0.00,0.00,0.00,Matches,06a441c4
390,Kyle Jameson,eng ENG,DF,Morecambe,26,1998,14,10,893,9.9,0,0,0,0,0,0,2,0,0.00,0.00,0.00,0.00,0.00,Matches,3e61e488
391,Peter Jameson,eng ENG,GK,Gateshead,32,1993,6,6,540,6.0,0,0,0,0,0,0,0,0,0.00,0.00,0.00,0.00,0.00,Matches,05967c7a
392,Saikou Janneh,eng ENG,MF,Truro City FC,24,2001,11,1,209,2.3,0,0,0,0,0,0,1,0,0.00,0.00,0.00,0.00,0.00,Matches,1ec38d88
393,Aaron Jarvis,eng ENG,FWMF,Yeovil Town,27,1998,32,17,1761,19.6,3,1,4,2,1,1,10,1,0.15,0.05,0.20,0.10,0.15,Matches,23a11244
394,Jack Jenkins,eng ENG,MF,FC Halifax Town,23,2002,20,2,318,3.5,0,0,0,0,0,0,2,0,0.00,0.00,0.00,0.00,0.00,Matches,3d46127c
395,Luke Jenkins,eng ENG,DF,Aldershot Town,22,2002,9,2,323,3.6,0,0,0,0,0,0,0,0,0.00,0.00,0.00,0.00,0.00,Matches,1e901274
396,Kai Jennings,,MFFW,Sutton United,,,25,23,2063,22.9,8,3,11,8,0,0,4,0,0.35,0.13,0.48,0.35,0.48,Matches,10c34e1a
397,Luke Jephcott,wls WAL,MFFW,Truro City FC,25,2000,40,29,2617,29.1,7,5,12,6,1,1,2,0,0.24,0.17,0.41,0.21,0.38,Matches,8c1384c9
398,Cameron John,eng ENG,DF,Hartlepool,25,1999,40,39,3400,37.8,2,2,4,2,0,0,5,1,0.05,0.05,0.11,0.05,0.11,Matches,6c753e99
399,Fenton John,eng ENG,MF,Gateshead,21,2003,41,32,2937,32.6,0,2,2,0,0,0,9,1,0.00,0.06,0.06,0.00,0.06,Matches,171e0b08
400,Lenell John-Lewis,eng ENG,FW,Boston United,36,1989,37,27,2230,24.8,11,2,13,9,2,3,3,0,0.44,0.08,0.52,0.36,0.44,Matches,9e4d738e
401,Callum Johnson,eng ENG,DF,Gateshead,28,1996,9,7,658,7.3,0,0,0,0,0,0,3,0,0.00,0.00,0.00,0.00,0.00,Matches,a2f8e4a0
402,Cody Johnson,eng ENG,MF,FC Halifax Town,21,2004,40,38,3400,37.8,3,2,5,3,0,0,12,0,0.08,0.05,0.13,0.08,0.13,Matches,377ceb79
403,Danny Johnson,eng ENG,FW,Hartlepool,32,1993,27,8,784,8.7,0,2,2,0,0,0,0,0,0.00,0.23,0.23,0.00,0.23,Matches,fb8c7c98
404,Sam Johnson,eng ENG,GK,FC Halifax Town,32,1992,46,46,4140,46.0,0,0,0,0,0,0,0,0,0.00,0.00,0.00,0.00,0.00,Matches,a8fe5f70
405,Zac Johnson,eng ENG,DF,York City,21,2004,25,23,2062,22.9,1,2,3,1,0,0,3,0,0.04,0.09,0.13,0.04,0.13,Matches,67cd6d8d
406,Max Jolliffe,eng ENG,MF,Yeovil Town,19,2005,10,7,612,6.8,0,0,0,0,0,0,1,0,0.00,0.00,0.00,0.00,0.00,Matches,0f243f25
407,Aaron Jones,eng ENG,DFMF,Sutton United,31,1994,19,14,1168,13.0,0,1,1,0,0,0,3,0,0.00,0.08,0.08,0.00,0.08,Matches,ab2ed7c9
408,Edward Jones,wls WAL,DF,Altrincham,23,2001,22,18,1648,18.3,0,2,2,0,0,0,1,0,0.00,0.11,0.11,0.00,0.11,Matches,86954f62
409,Jordan Jones,nir NIR,MF,Carlisle United,30,1994,8,2,225,2.5,0,0,0,0,0,0,1,0,0.00,0.00,0.00,0.00,0.00,Matches,d2bf42ba
410,Louis Jones,eng ENG,GK,Scunthorpe,26,1998,13,13,1170,13.0,0,0,0,0,0,0,0,0,0.00,0.00,0.00,0.00,0.00,Matches,c58bcf0d
411,Patrick Jones,wls WAL,FWMF,Scunthorpe,22,2003,10,7,638,7.1,1,1,2,1,0,0,1,0,0.14,0.14,0.28,0.14,0.28,Matches,90ee44a0
412,Ryan Jones,eng ENG,MF,Aldershot Town,23,2002,18,9,996,11.1,1,3,4,1,0,0,3,0,0.09,0.27,0.36,0.09,0.36,Matches,33c68da9
413,Ryan Jones,eng ENG,DFMF,Yeovil Town,23,2002,19,16,1459,16.2,2,4,6,2,0,0,0,0,0.12,0.25,0.37,0.12,0.37,Matches,33c68da9
414,Sean Jordon Adarkwa,eng ENG,FW,Wealdstone FC,24,2000,33,20,1731,19.2,7,1,8,6,1,1,2,0,0.36,0.05,0.42,0.31,0.36,Matches,bb165e36
415,Alan Judge,ie IRL,MF,Braintree Town,36,1988,6,1,160,1.8,0,1,1,0,0,0,0,0,0.00,0.56,0.56,0.00,0.56,Matches,3d9ef282
416,Maldini Kacurri,al ALB,DF,Morecambe,19,2005,18,18,1568,17.4,1,1,2,1,0,0,7,1,0.06,0.06,0.11,0.06,0.11,Matches,7be4311f
417,Dylan Kadji,eng ENG,MF,Wealdstone FC,21,2003,37,29,2513,27.9,2,4,6,2,0,0,10,0,0.07,0.14,0.21,0.07,0.21,Matches,54618013
418,Sahid Kamara,eng ENG,MFFW,Braintree Town,21,2004,35,18,1692,18.8,2,1,3,2,0,1,2,0,0.11,0.05,0.16,0.11,0.16,Matches,f7b7935e
419,Abraham Kanu,sl SLE,DF,Forest Green,19,2005,36,34,2770,30.8,0,0,0,0,0,0,4,1,0.00,0.00,0.00,0.00,0.00,Matches,86538215
420,David Kawa,eng ENG,MFFW,FC Halifax Town,21,2003,37,14,1377,15.3,5,6,11,5,0,0,3,0,0.33,0.39,0.72,0.33,0.72,Matches,7d40ebcd
421,Georgie Kelly,ie IRL,FW,Carlisle United,28,1996,36,21,2143,23.8,13,2,15,12,1,1,4,0,0.55,0.08,0.63,0.50,0.59,Matches,003db40b
422,Josh Kelly,eng ENG,FW,Woking,26,1998,18,14,1233,13.7,4,2,6,2,2,2,1,0,0.29,0.15,0.44,0.15,0.29,Matches,2ceccfe8
423,Michael Kelly,sct SCO,DF,Boston United,27,1997,8,5,439,4.9,0,0,0,0,0,0,1,0,0.00,0.00,0.00,0.00,0.00,Matches,ff040da6
424,Charlie Kendall,eng ENG,FW,Southend United,24,2000,28,16,1298,14.4,8,3,11,8,0,0,1,0,0.55,0.21,0.76,0.55,0.76,Matches,f3cb63d1
425,Neil Kengni,eng ENG,DFMF,Forest Green,25,2000,35,16,1606,17.8,1,0,1,1,0,0,2,0,0.06,0.00,0.06,0.06,0.06,Matches,1bd3013a
426,Ollie Kensdale,eng ENG,DF,Boreham Wood,25,2000,4,4,321,3.6,0,0,0,0,0,0,0,0,0.00,0.00,0.00,0.00,0.00,Matches,862fce90
427,Eddie Kettlewell,,,York City,,,1,0,5,0.1,0,0,0,0,0,0,0,0,0.00,0.00,0.00,0.00,0.00,Matches,2cbb555f
428,Otis Khan,pk PAK,MF,Altrincham,29,1995,9,7,620,6.9,1,0,1,1,0,0,1,0,0.15,0.00,0.15,0.15,0.15,Matches,013a61ae
429,Coby Killick,,MF,Eastleigh,,,1,0,9,0.1,0,0,0,0,0,0,0,0,0.00,0.00,0.00,0.00,0.00,Matches,ffd3898e
430,Jeff King,eng ENG,DF,Boreham Wood,29,1995,22,19,1505,16.7,1,3,4,1,0,0,5,0,0.06,0.18,0.24,0.06,0.24,Matches,4fb3b8e4
431,Jeff King,eng ENG,DFMF,York City,29,1995,22,19,1577,17.5,0,3,3,0,0,0,3,0,0.00,0.17,0.17,0.00,0.17,Matches,4fb3b8e4
432,Gabe Kircough,wls WAL,DF,Forest Green,21,2004,13,8,746,8.3,3,0,3,3,0,0,3,0,0.36,0.00,0.36,0.36,0.36,Matches,4e57e04f
433,Charlie Kirk,eng ENG,MFFW,Altrincham,27,1997,37,17,1603,17.8,0,2,2,0,0,0,2,0,0.00,0.11,0.11,0.00,0.11,Matches,2b90ec3a
434,Mark Kitching,eng ENG,DF,York City,29,1995,44,44,3753,41.7,2,6,8,2,0,0,7,0,0.05,0.14,0.19,0.05,0.19,Matches,9cca4f93
435,Harry Kite,eng ENG,MFFW,Truro City FC,25,2000,14,9,780,8.7,0,0,0,0,0,0,4,0,0.00,0.00,0.00,0.00,0.00,Matches,506d5e2d
436,Jimmy Knowles,eng ENG,FWMF,Altrincham,24,2001,45,34,2977,33.1,11,6,17,10,1,2,3,0,0.33,0.18,0.51,0.30,0.48,Matches,ab2e4f92
437,Tom Knowles,eng ENG,DFMF,Forest Green,26,1998,45,31,2866,31.8,10,5,15,10,0,0,10,0,0.31,0.16,0.47,0.31,0.47,Matches,05182c2c
438,Matty Kosylo,eng ENG,MFDF,Altrincham,32,1992,33,23,1986,22.1,1,2,3,1,0,0,11,0,0.05,0.09,0.14,0.05,0.14,Matches,33653967
439,Maxim Kouogun,ie IRL,DF,Hartlepool,28,1997,45,42,3779,42.0,2,1,3,2,0,0,4,1,0.05,0.02,0.07,0.05,0.07,Matches,858e114f
440,Max Kretzschmar,eng ENG,MFFW,Wealdstone FC,31,1993,13,8,648,7.2,4,0,4,3,1,1,2,0,0.56,0.00,0.56,0.42,0.42,Matches,c4ff4d0e
441,Teo Kurtaran,eng ENG,MFFW,Tamworth,23,2002,23,22,1781,19.8,0,6,6,0,0,0,5,0,0.00,0.30,0.30,0.00,0.30,Matches,c5f454e3
442,Josh Landers,sct SCO,FW,Boreham Wood,18,2007,6,1,105,1.2,1,0,1,1,0,0,0,0,0.86,0.00,0.86,0.86,0.86,Matches,8074bc2f
443,George Langston,eng ENG,DF,Braintree Town,22,2002,35,34,3042,33.8,0,2,2,0,0,0,5,1,0.00,0.06,0.06,0.00,0.06,Matches,5ee078da
444,Alex Lankshear,eng ENG,DFMF,Boston United,22,2002,29,24,2223,24.7,2,1,3,2,0,0,5,0,0.08,0.04,0.12,0.08,0.12,Matches,ccc52936
445,Thierry Latty Fairweather,eng ENG,DFMF,FC Halifax Town,22,2002,35,28,2191,24.3,1,2,3,1,0,0,4,0,0.04,0.08,0.12,0.04,0.12,Matches,b4073508
446,Dan Lavercombe,eng ENG,GK,Truro City FC,28,1996,13,13,1170,13.0,0,0,0,0,0,0,0,0,0.00,0.00,0.00,0.00,0.00,Matches,eab44b4b
447,Thomas Lavery,eng ENG,DFMF,FC Halifax Town,19,2005,8,4,408,4.5,1,0,1,1,0,0,1,0,0.22,0.00,0.22,0.22,0.22,Matches,404b1e8f
448,Marcel Lavinier,eng ENG,DFMF,Boston United,24,2000,28,22,1878,20.9,0,4,4,0,0,0,8,0,0.00,0.19,0.19,0.00,0.19,Matches,6b3e4b53
449,Ryan Law,eng ENG,DFMF,Truro City FC,25,1999,35,28,2629,29.2,1,0,1,1,0,0,2,0,0.03,0.00,0.03,0.03,0.03,Matches,c871fdb0
450,Paul Lewis,eng ENG,MF,Morecambe,30,1994,30,22,2018,22.4,1,1,2,1,0,0,9,1,0.04,0.04,0.09,0.04,0.09,Matches,140fb136
451,Joe Lewis-Evans,,MF,Aldershot Town,,,1,1,58,0.6,0,0,0,0,0,0,0,0,0.00,0.00,0.00,0.00,0.00,Matches,0d09c761
452,Zak Lilley,eng ENG,DF,Brackley Town,27,1998,38,34,2710,30.1,2,1,3,2,0,0,9,2,0.07,0.03,0.10,0.07,0.10,Matches,456ad270
453,Regan Linney,eng ENG,MFFW,Carlisle United,28,1997,42,40,3520,39.1,19,9,28,16,3,3,9,0,0.49,0.23,0.72,0.41,0.64,Matches,8af4ec0b
454,Darius Lipsiuc,ie IRL,MF,Solihull Moors,19,2005,33,27,2308,25.6,8,4,12,8,0,0,6,1,0.31,0.16,0.47,0.31,0.47,Matches,aae7a8d0
455,Jake Lish,,MF,Gateshead,,,1,0,12,0.1,0,0,0,0,0,0,0,0,0.00,0.00,0.00,0.00,0.00,Matches,e8e4a923
456,Calum Logan,eng ENG,MFDF,Braintree Town,18,2006,9,9,750,8.3,0,0,0,0,0,0,1,0,0.00,0.00,0.00,0.00,0.00,Matches,4492ca3d
457,Sean Long,ie IRL,DFMF,Forest Green,30,1995,1,0,18,0.2,0,0,0,0,0,0,0,0,0.00,0.00,0.00,0.00,0.00,Matches,ebfab2ea
458,Tylor Love-Holmes,eng ENG,DF,Truro City FC,20,2005,4,0,52,0.6,0,0,0,0,0,0,0,0,0.00,0.00,0.00,0.00,0.00,Matches,85208df5
459,Rhys Lovett,eng ENG,GK,Boston United,28,1997,26,26,2340,26.0,0,1,1,0,0,0,1,0,0.00,0.04,0.04,0.00,0.04,Matches,2c006bdc
460,Matt Lowe,eng ENG,FWMF,Brackley Town,29,1996,45,45,3960,44.0,4,1,5,4,0,0,7,0,0.09,0.02,0.11,0.09,0.11,Matches,817ec408
461,Lucas Lowery,eng ENG,FW,Gateshead,18,2006,6,0,110,1.2,0,0,0,0,0,0,0,0,0.00,0.00,0.00,0.00,0.00,Matches,173c4057
462,Junior Luamba,eng ENG,MF,Carlisle United,22,2003,19,12,974,10.8,4,0,4,4,0,0,2,0,0.37,0.00,0.37,0.37,0.37,Matches,0466c547
463,Josh Lundstram,eng ENG,MF,Eastleigh,26,1999,38,33,3067,34.1,1,5,6,1,0,0,4,0,0.03,0.15,0.18,0.03,0.18,Matches,62156ac0
464,Oliver Lynch,eng ENG,FW,Tamworth,20,2004,43,24,2262,25.1,12,2,14,12,0,0,0,0,0.48,0.08,0.56,0.48,0.56,Matches,4b0fb370
465,Tyler Lyttle,eng ENG,DFMF,Brackley Town,28,1996,23,18,1783,19.8,1,3,4,1,0,0,1,0,0.05,0.15,0.20,0.05,0.20,Matches,3ae1a17d
466,Harvey Macadam,eng ENG,MF,Carlisle United,24,2001,41,36,3224,35.8,7,2,9,7,0,0,5,1,0.20,0.06,0.25,0.20,0.25,Matches,e35c0427
467,Dakarai Mafico,wls WAL,MFDF,Yeovil Town,18,2006,12,11,873,9.7,0,0,0,0,0,0,1,0,0.00,0.00,0.00,0.00,0.00,Matches,3c5eb3c1
468,Frankie Maguire,eng ENG,MF,Boston United,22,2003,27,22,2017,22.4,7,9,16,5,2,2,3,1,0.31,0.40,0.71,0.22,0.62,Matches,3e5bd5e0
469,Rory Mahady,sct SCO,GK,Scunthorpe,18,2006,18,18,1620,18.0,0,0,0,0,0,0,3,0,0.00,0.00,0.00,0.00,0.00,Matches,a181b87c
470,Niall Maher,eng ENG,DF,Eastleigh,30,1995,8,7,571,6.3,0,0,0,0,0,0,2,0,0.00,0.00,0.00,0.00,0.00,Matches,419bc22a
471,Ronan Maher,ie IRL,MF,Tamworth,20,2004,17,12,1070,11.9,2,2,4,2,0,0,3,0,0.17,0.17,0.34,0.17,0.34,Matches,2f4692d1
472,Archie Mair,sct SCO,GK,Morecambe,24,2001,12,12,1080,12.0,0,0,0,0,0,0,1,0,0.00,0.00,0.00,0.00,0.00,Matches,70e9afd8
473,Archie Mair,sct SCO,GK,Carlisle United,24,2001,1,1,90,1.0,0,0,0,0,0,0,0,0,0.00,0.00,0.00,0.00,0.00,Matches,70e9afd8
474,Harrison Male,eng ENG,GK,York City,24,2000,46,46,4140,46.0,0,0,0,0,0,0,3,0,0.00,0.00,0.00,0.00,0.00,Matches,1573da4d
475,Jose Marquez,eng ENG,FW,Forest Green,19,2006,5,0,86,1.0,0,0,0,0,0,0,0,0,0.00,0.00,0.00,0.00,0.00,Matches,6c5e97a3
476,Isaac Marriott,eng ENG,MF,Altrincham,25,1999,46,40,3498,38.9,0,0,0,0,0,0,7,0,0.00,0.00,0.00,0.00,0.00,Matches,c9fdd637
477,Aiden Marsh,eng ENG,FW,Truro City FC,22,2003,5,2,188,2.1,2,0,2,2,0,0,1,0,0.96,0.00,0.96,0.96,0.96,Matches,6f300a0b
478,Marley Marshall-Miranda,eng ENG,MF,Braintree Town,22,2002,20,20,1799,20.0,1,1,2,1,0,0,10,0,0.05,0.05,0.10,0.05,0.10,Matches,4862e1cb
479,Marley Marshall-Miranda,eng ENG,MF,Boreham Wood,22,2002,15,9,871,9.7,0,0,0,0,0,0,4,1,0.00,0.00,0.00,0.00,0.00,Matches,4862e1cb
480,Owen Mason,ie IRL,GK,Southend United,21,2004,7,7,546,6.1,0,0,0,0,0,0,0,0,0.00,0.00,0.00,0.00,0.00,Matches,d160dba6
481,Alfie Massey,eng ENG,MF,Southend United,19,2006,4,2,171,1.9,0,0,0,0,0,0,0,0,0.00,0.00,0.00,0.00,0.00,Matches,d0d6cdde
482,Alfie Massey,eng ENG,MF,Wealdstone FC,19,2006,10,9,786,8.7,2,0,2,2,0,0,1,0,0.23,0.00,0.23,0.23,0.23,Matches,d0d6cdde
483,Zavier Massiah,eng ENG,MFFW,Braintree Town,18,2007,13,7,628,7.0,0,0,0,0,0,0,0,0,0.00,0.00,0.00,0.00,0.00,Matches,1a1b127d
484,Zavier Massiah,eng ENG,FW,Eastleigh,18,2007,6,4,242,2.7,1,0,1,1,0,0,0,0,0.37,0.00,0.37,0.37,0.37,Matches,1a1b127d
485,Millar Matthews-Lewis,eng ENG,FW,Yeovil Town,20,2004,6,2,123,1.4,0,0,0,0,0,0,0,0,0.00,0.00,0.00,0.00,0.00,Matches,aaf2a038
486,Noah Mawene,eng ENG,MF,Southend United,20,2005,3,0,3,0.0,0,0,0,0,0,0,0,0,0.00,0.00,0.00,0.00,0.00,Matches,3d09b8ae
487,Jonny Maxted,eng ENG,GK,Brackley Town,31,1993,26,26,2340,26.0,0,0,0,0,0,0,2,0,0.00,0.00,0.00,0.00,0.00,Matches,9fe4988d
488,Adam May,eng ENG,MF,Forest Green,27,1997,1,0,17,0.2,0,0,0,0,0,0,0,0,0.00,0.00,0.00,0.00,0.00,Matches,04f6724d
489,Kyle McAllister,sct SCO,MF,Forest Green,26,1999,42,42,3624,40.3,16,6,22,10,6,6,6,0,0.40,0.15,0.55,0.25,0.40,Matches,206d1f48
490,Connor McAvoy,sct SCO,DF,Wealdstone FC,23,2002,31,31,2657,29.5,4,0,4,4,0,0,5,0,0.14,0.00,0.14,0.14,0.14,Matches,cfdd6846
491,Connor McBride,sct SCO,FWMF,Rochdale,24,2001,30,12,1330,14.8,3,3,6,3,0,0,2,0,0.20,0.20,0.41,0.20,0.41,Matches,4d600d04
492,Paul McCallum,eng ENG,FW,Eastleigh,32,1993,16,9,871,9.7,1,0,1,1,0,0,1,1,0.10,0.00,0.10,0.10,0.10,Matches,fc3a96ed
493,Liam McCarron,sct SCO,DF,Boston United,24,2001,2,0,20,0.2,0,0,0,0,0,0,0,0,0.00,0.00,0.00,0.00,0.00,Matches,076bb352
494,Luke McCormick,eng ENG,MFFW,Yeovil Town,26,1999,32,30,2663,29.6,8,3,11,8,0,1,5,0,0.27,0.10,0.37,0.27,0.37,Matches,edd9f53f
495,Delano McCoy-Splatt,jm JAM,MFFW,Yeovil Town,20,2004,8,6,399,4.4,0,1,1,0,0,0,0,0,0.00,0.23,0.23,0.00,0.23,Matches,c59eb985
496,Callum McFarlane,eng ENG,FWMF,Solihull Moors,21,2003,23,10,851,9.5,1,1,2,1,0,0,1,0,0.11,0.11,0.21,0.11,0.21,Matches,3ad76a60
497,Brett McGavin,eng ENG,MF,Yeovil Town,25,1999,37,31,2849,31.7,3,3,6,2,1,1,1,0,0.09,0.09,0.19,0.06,0.16,Matches,f0094deb
498,Tom McGlinchey,eng ENG,MF,Tamworth,28,1996,20,2,398,4.4,0,0,0,0,0,0,1,0,0.00,0.00,0.00,0.00,0.00,Matches,e00a1edd
499,Ciaran McGuckin,nir NIR,FW,Eastleigh,21,2003,6,5,456,5.1,3,0,3,1,2,2,0,0,0.59,0.00,0.59,0.20,0.20,Matches,aa583204
500,Reiss McNally,eng ENG,DF,Hartlepool,24,2000,21,19,1755,19.5,3,0,3,3,0,0,2,0,0.15,0.00,0.15,0.15,0.15,Matches,3492f1b8
501,Joshua McNamara,eng ENG,GK,Eastleigh,21,2003,5,4,444,4.9,0,0,0,0,0,0,0,0,0.00,0.00,0.00,0.00,0.00,Matches,351991d5
502,Luke McNicholas,ie IRL,GK,Forest Green,25,2000,16,16,1440,16.0,0,0,0,0,0,0,0,0,0.00,0.00,0.00,0.00,0.00,Matches,ebd043b1
503,Ashton McWilliams,eng ENG,DF,Morecambe,18,2007,2,0,28,0.3,0,0,0,0,0,0,0,0,0.00,0.00,0.00,0.00,0.00,Matches,df7cfd6a
504,Jed Meerholz,,DFMF,Aldershot Town,,,20,19,1670,18.6,1,0,1,1,0,0,6,0,0.05,0.00,0.05,0.05,0.05,Matches,064a3b85
505,Max Melbourne,eng ENG,DFMF,Gateshead,26,1998,14,7,681,7.6,0,0,0,0,0,0,1,1,0.00,0.00,0.00,0.00,0.00,Matches,7ad65188
506,Laurent Mendy,fr FRA,DFMF,Forest Green,28,1997,44,44,3917,43.5,1,6,7,1,0,0,7,1,0.02,0.14,0.16,0.02,0.16,Matches,7a129c5c
507,Will Merry,eng ENG,FWMF,Yeovil Town,19,2005,7,6,547,6.1,1,0,1,1,0,0,0,0,0.16,0.00,0.16,0.16,0.16,Matches,3eedd2d1
508,Cavanagh Miley,eng ENG,MF,Southend United,30,1995,31,22,1823,20.3,0,0,0,0,0,0,8,0,0.00,0.00,0.00,0.00,0.00,Matches,769e0887
509,Jamie Miley,eng ENG,MF,Hartlepool,21,2004,46,38,3363,37.4,3,7,10,3,0,0,4,0,0.08,0.19,0.27,0.08,0.27,Matches,86bef93d
510,Jevon Mills,ie IRL,DF,FC Halifax Town,21,2003,24,18,1657,18.4,1,0,1,1,0,0,1,0,0.05,0.00,0.05,0.05,0.05,Matches,3bd47c13
511,Zak Mills,eng ENG,DF,Boston United,33,1992,13,13,1048,11.6,1,0,1,1,0,0,0,0,0.09,0.00,0.09,0.09,0.09,Matches,7ba9f8ee
512,Ben Milnes,eng ENG,MF,Tamworth,33,1991,27,16,1443,16.0,1,3,4,0,1,2,2,0,0.06,0.19,0.25,0.00,0.19,Matches,60f801e7
513,Jade Mingi,eng ENG,DFMF,Forest Green,24,2000,9,8,587,6.5,1,0,1,1,0,0,1,0,0.15,0.00,0.15,0.15,0.15,Matches,79ce20e2
514,Kairo Mitchell,gd GRN,FW,Forest Green,27,1997,22,13,1303,14.5,4,2,6,4,0,0,1,0,0.28,0.14,0.41,0.28,0.41,Matches,6ff4e8e9
515,Stefan Mols,es ESP,MF,Tamworth,26,1999,42,31,2681,29.8,10,4,14,8,2,2,5,0,0.34,0.13,0.47,0.27,0.40,Matches,6337db54
516,Ethan Moore,eng ENG,MFFW,Gateshead,20,2005,12,2,353,3.9,1,0,1,1,0,0,0,0,0.25,0.00,0.25,0.25,0.25,Matches,c71f86e2
517,Isaac Moore,eng ENG,MF,Solihull Moors,19,2006,13,12,1043,11.6,2,1,3,2,0,0,4,0,0.17,0.09,0.26,0.17,0.26,Matches,03b2e5dd
518,Isaac Moore,eng ENG,MF,Forest Green,19,2006,21,15,1019,11.3,1,3,4,1,0,0,2,0,0.09,0.26,0.35,0.09,0.35,Matches,03b2e5dd
519,Jayden Moore,,DF,Eastleigh,,,6,6,540,6.0,0,0,0,0,0,0,2,0,0.00,0.00,0.00,0.00,0.00,Matches,ed23d14e
520,Jordan Moore-Taylor,eng ENG,DF,Forest Green,31,1994,23,17,1515,16.8,1,0,1,1,0,0,0,0,0.06,0.00,0.06,0.06,0.06,Matches,34623941
521,Junior Morias,eng ENG,FWMF,Yeovil Town,30,1995,18,12,997,11.1,4,1,5,3,1,1,4,0,0.36,0.09,0.45,0.27,0.36,Matches,31eec725
522,Kieron Morris,eng ENG,MF,FC Halifax Town,31,1994,12,4,367,4.1,1,0,1,1,0,0,0,0,0.25,0.00,0.25,0.25,0.25,Matches,d5bb505a
523,Elijah Morrison,eng ENG,DFMF,Forest Green,19,2006,8,4,356,4.0,0,1,1,0,0,0,1,0,0.00,0.25,0.25,0.00,0.25,Matches,10311892
524,Kyle Morrison,eng ENG,DF,Brackley Town,29,1996,40,35,3211,35.7,0,1,1,0,0,0,4,0,0.00,0.03,0.03,0.00,0.03,Matches,06516c01
525,James Morton,eng ENG,MF,Southend United,25,1999,34,17,1807,20.1,0,1,1,0,0,0,1,0,0.00,0.05,0.05,0.00,0.05,Matches,c6d70d1e
526,Daniel Moss,eng ENG,MF,Rochdale,24,2000,38,20,2002,22.2,2,4,6,2,0,0,5,0,0.09,0.18,0.27,0.09,0.27,Matches,5069526f
527,Omari Mrisho,eng ENG,DF,Sutton United,19,2005,3,2,158,1.8,0,0,0,0,0,0,1,0,0.00,0.00,0.00,0.00,0.00,Matches,13d81457
528,Bevis Mugabi,ug UGA,DF,Carlisle United,30,1995,26,20,1727,19.2,2,0,2,2,0,0,2,0,0.10,0.00,0.10,0.10,0.10,Matches,5edb5c79
529,Joy Mukena,be BEL,DF,Yeovil Town,26,1999,16,14,1237,13.7,0,0,0,0,0,0,0,0,0.00,0.00,0.00,0.00,0.00,Matches,8bfcc23b
530,Hayden Muller,eng ENG,DFMF,Sutton United,23,2002,30,30,2593,28.8,2,4,6,2,0,0,10,1,0.07,0.14,0.21,0.07,0.21,Matches,78549571
531,Maxwell Mullins,eng ENG,DFMF,Aldershot Town,22,2002,10,5,414,4.6,0,0,0,0,0,0,0,0,0.00,0.00,0.00,0.00,0.00,Matches,df5e7b4b
532,Sam Murray,eng ENG,DF,Carlisle United,20,2004,3,2,156,1.7,0,0,0,0,0,0,1,0,0.00,0.00,0.00,0.00,0.00,Matches,8b2d2b50
533,Admiral Muskwe,zw ZIM,FW,Morecambe,26,1998,17,9,943,10.5,5,2,7,3,2,2,3,0,0.48,0.19,0.67,0.29,0.48,Matches,ee2b9a18
534,Omar Mussa,bi BDI,MF,Wealdstone FC,24,2000,25,16,1411,15.7,1,2,3,1,0,0,3,0,0.06,0.13,0.19,0.06,0.19,Matches,6dd42a80
535,Tom Myles,eng ENG,GK,Rochdale,19,2005,1,1,90,1.0,0,0,0,0,0,0,1,0,0.00,0.00,0.00,0.00,0.00,Matches,e56b1efc
536,Ashley Nadesan,eng ENG,FW,Sutton United,30,1994,28,18,1825,20.3,3,2,5,3,0,0,3,0,0.15,0.10,0.25,0.15,0.25,Matches,ba39248a
537,Liam Nardiello,,FW,Yeovil Town,,,1,0,5,0.1,0,0,0,0,0,0,0,0,0.00,0.00,0.00,0.00,0.00,Matches,e1c6d93b
538,Patrick Nash,eng ENG,GK,Aldershot Town,21,2004,6,5,486,5.4,0,0,0,0,0,0,0,0,0.00,0.00,0.00,0.00,0.00,Matches,a8dfb0a2
539,Ashley Nathaniel-George,ag ATG,MF,Wealdstone FC,30,1995,5,1,170,1.9,1,1,2,1,0,0,0,0,0.53,0.53,1.06,0.53,1.06,Matches,2c5dbbac
540,Ashley Nathaniel-George,ag ATG,MF,Hartlepool,30,1995,2,2,111,1.2,0,0,0,0,0,0,0,0,0.00,0.00,0.00,0.00,0.00,Matches,2c5dbbac
541,Ashley Nathaniel-George,ag ATG,DFMF,York City,30,1995,10,0,129,1.4,0,0,0,0,0,0,0,0,0.00,0.00,0.00,0.00,0.00,Matches,2c5dbbac
542,Toby Nelson,,MF,Aldershot Town,,,6,1,130,1.4,0,0,0,0,0,0,0,0,0.00,0.00,0.00,0.00,0.00,Matches,3113b4a3
543,Alex Newby,eng ENG,MFFW,York City,29,1995,40,31,2812,31.2,12,3,15,12,0,0,2,0,0.38,0.10,0.48,0.38,0.48,Matches,9f297afa
544,Danny Newton,eng ENG,FW,Brackley Town,34,1991,13,11,960,10.7,0,2,2,0,0,0,3,1,0.00,0.19,0.19,0.00,0.19,Matches,c8547dd5
545,Joe Newton,eng ENG,DFMF,Boreham Wood,24,2001,34,15,1334,14.8,1,1,2,1,0,0,1,1,0.07,0.07,0.13,0.07,0.13,Matches,1ef3c3e9
546,Tyrelle Newton,eng ENG,MF,Gateshead,20,2005,12,8,612,6.8,0,0,0,0,0,0,0,0,0.00,0.00,0.00,0.00,0.00,Matches,e0aef7b7
547,Brad Nicholson,eng ENG,DF,Gateshead,26,1998,21,20,1802,20.0,2,2,4,2,0,0,4,0,0.10,0.10,0.20,0.10,0.20,Matches,c2737cf0
548,Brad Nicholson,eng ENG,DF,Solihull Moors,26,1998,20,19,1654,18.4,1,1,2,1,0,0,2,1,0.05,0.05,0.11,0.05,0.11,Matches,c2737cf0
549,Will Nightingale,eng ENG,DF,Aldershot Town,29,1995,36,34,3136,34.8,3,1,4,3,0,0,6,0,0.09,0.03,0.11,0.09,0.11,Matches,3b3b80b2
550,Brandon Njoku,eng ENG,FWMF,Sutton United,20,2005,41,23,2182,24.2,9,3,12,9,0,0,4,0,0.37,0.12,0.49,0.37,0.49,Matches,2de99e6a
551,Daniel Nkrumah,eng ENG,FW,Wealdstone FC,21,2003,13,2,419,4.7,1,1,2,1,0,0,1,0,0.21,0.21,0.43,0.21,0.43,Matches,4b9a2c96
552,Jack Nolan,eng ENG,MFFW,Morecambe,24,2001,39,37,3227,35.9,19,8,27,17,2,2,3,0,0.53,0.22,0.75,0.47,0.70,Matches,7a3ccf60
553,Tom Norcott,eng ENG,GK,Woking,20,2004,6,6,540,6.0,0,0,0,0,0,0,0,0,0.00,0.00,0.00,0.00,0.00,Matches,d9d6879e
554,Manni Norkett,eng ENG,FW,Boston United,20,2004,8,2,220,2.4,1,0,1,1,0,0,0,0,0.41,0.00,0.41,0.41,0.41,Matches,3ea3aa2e
555,Luke Norris,eng ENG,FW,Boreham Wood,32,1993,18,6,636,7.1,5,1,6,4,1,1,3,0,0.71,0.14,0.85,0.57,0.71,Matches,6158b76c
556,Michael Nottingham,kn SKN,DFMF,Brackley Town,36,1989,29,26,2231,24.8,2,1,3,2,0,0,2,0,0.08,0.04,0.12,0.08,0.12,Matches,935def71
557,Frank Nouble,eng ENG,FW,Gateshead,33,1991,23,13,1227,13.6,3,2,5,3,0,0,2,0,0.22,0.15,0.37,0.22,0.37,Matches,0a8e46da
558,Eddy Nsasi,eng ENG,DF,Wealdstone FC,17,2007,5,2,226,2.5,0,0,0,0,0,0,0,0,0.00,0.00,0.00,0.00,0.00,Matches,2ebb2c65
559,George Nurse,eng ENG,DFMF,Solihull Moors,26,1999,3,3,270,3.0,0,0,0,0,0,0,0,0,0.00,0.00,0.00,0.00,0.00,Matches,f85a3b7b
560,George Nurse,eng ENG,MF,Yeovil Town,26,1999,3,3,270,3.0,0,0,0,0,0,0,0,0,0.00,0.00,0.00,0.00,0.00,Matches,f85a3b7b
561,Joe Nuttall,eng ENG,FW,Morecambe,28,1997,19,8,683,7.6,2,0,2,1,1,1,1,0,0.26,0.00,0.26,0.13,0.13,Matches,fd357b13
562,Chibuzo Nwoko,eng ENG,MFFW,Forest Green,19,2005,19,17,1474,16.4,1,1,2,1,0,0,3,0,0.06,0.06,0.12,0.06,0.12,Matches,fe14f93b
563,Aiden O'Brien,ie IRL,FWMF,Woking,31,1993,25,16,1440,16.0,4,3,7,4,0,0,3,0,0.25,0.19,0.44,0.25,0.44,Matches,c5cc1b13
564,Charlie O'Connell,eng ENG,MFDF,Boreham Wood,22,2002,46,46,4140,46.0,2,3,5,2,0,0,8,0,0.04,0.07,0.11,0.04,0.11,Matches,8d4e6ee2
565,Micah Obiero,ke KEN,FWMF,Wealdstone FC,24,2001,45,38,3197,35.5,14,4,18,14,0,0,4,0,0.39,0.11,0.51,0.39,0.51,Matches,6d1a159d
566,Siju Odelusi,eng ENG,MF,Sutton United,26,1998,9,3,334,3.7,0,0,0,0,0,0,0,0,0.00,0.00,0.00,0.00,0.00,Matches,067588f2
567,Oluwarotimi Odusina,eng ENG,DF,Woking,25,1999,33,28,2365,26.3,0,0,0,0,0,0,5,0,0.00,0.00,0.00,0.00,0.00,Matches,a01c4240
568,David Ogbonna,eng ENG,MFFW,Sutton United,23,2001,44,23,2164,24.0,4,5,9,4,0,0,2,0,0.17,0.21,0.37,0.17,0.37,Matches,bd8cb985
569,Daniel Ogwuru,eng ENG,FWDF,Morecambe,20,2004,14,3,391,4.3,2,0,2,2,0,0,0,0,0.46,0.00,0.46,0.46,0.46,Matches,39f00d09
570,Miracle Okafor,eng ENG,FW,Brackley Town,24,2001,7,1,142,1.6,0,0,0,0,0,0,0,0,0.00,0.00,0.00,0.00,0.00,Matches,04d7a416
571,Calvin Okike,,DF,Hartlepool,,,5,0,119,1.3,1,0,1,1,0,0,1,0,0.76,0.00,0.76,0.76,0.76,Matches,c12d619b
572,Chinwike Okoli,eng ENG,DF,Woking,21,2003,43,38,3442,38.2,3,1,4,3,0,0,9,0,0.08,0.03,0.10,0.08,0.10,Matches,3145b6e2
573,Emmanuel Okunowo,eng ENG,MFFW,Braintree Town,19,2005,12,6,575,6.4,0,1,1,0,0,0,3,0,0.00,0.16,0.16,0.00,0.16,Matches,dc1b6c68
574,Vadaine Oliver,eng ENG,FW,Hartlepool,33,1991,21,3,499,5.5,4,0,4,4,0,0,0,0,0.72,0.00,0.72,0.72,0.72,Matches,b00ec28d
575,Greg Olley,eng ENG,FWMF,York City,29,1996,25,10,959,10.7,4,2,6,4,0,0,1,0,0.38,0.19,0.56,0.38,0.56,Matches,784b9507
576,Olufela Olomola,eng ENG,FWMF,Wealdstone FC,27,1997,34,18,1602,17.8,4,1,5,4,0,0,1,0,0.22,0.06,0.28,0.22,0.28,Matches,313ba4ae
577,Andrew Oluwabori,ng NGA,FWMF,Yeovil Town,23,2001,12,7,668,7.4,1,1,2,1,0,0,1,0,0.13,0.13,0.27,0.13,0.27,Matches,73c61a18
578,Joshua Oluwole,eng ENG,MF,Woking,26,1999,25,2,641,7.1,4,0,4,4,0,0,1,0,0.56,0.00,0.56,0.56,0.56,Matches,042b285b
579,Joshua Oluwole,eng ENG,FW,Forest Green,26,1999,4,0,111,1.2,0,0,0,0,0,0,0,1,0.00,0.00,0.00,0.00,0.00,Matches,042b285b
580,Manny Omrore,eng ENG,DFMF,Braintree Town,26,1998,23,11,1108,12.3,0,1,1,0,0,0,2,0,0.00,0.08,0.08,0.00,0.08,Matches,6dcd51e5
581,Elliot Osborne,eng ENG,MF,Altrincham,29,1996,20,14,1295,14.4,1,3,4,0,1,1,5,0,0.07,0.21,0.28,0.00,0.21,Matches,a50c1fe4
582,Jamey Osborne,eng ENG,MF,Solihull Moors,33,1992,32,26,1905,21.2,1,3,4,1,0,0,8,0,0.05,0.14,0.19,0.05,0.19,Matches,6ace445f
583,Aramide Oteh,eng ENG,FW,Braintree Town,26,1998,4,3,227,2.5,1,0,1,1,0,0,0,0,0.40,0.00,0.40,0.40,0.40,Matches,3e4c5102
584,Christian Oxlade-Chamberlain,eng ENG,DFMF,Truro City FC,27,1998,46,39,3579,39.8,2,3,5,2,0,0,7,0,0.05,0.08,0.13,0.05,0.13,Matches,3735d5b3
585,Fiachra Pagel,ie IRL,GK,Forest Green,21,2004,1,1,90,1.0,0,0,0,0,0,0,0,0,0.00,0.00,0.00,0.00,0.00,Matches,0f7cf6d5
586,Billy Palfrey,eng ENG,MF,Truro City FC,27,1997,3,2,204,2.3,0,0,0,0,0,0,0,0,0.00,0.00,0.00,0.00,0.00,Matches,3b515973
587,Ash Palmer,eng ENG,DF,FC Halifax Town,32,1992,10,10,900,10.0,0,0,0,0,0,0,1,0,0.00,0.00,0.00,0.00,0.00,Matches,4f0f830e
588,Ash Palmer,eng ENG,DF,York City,32,1992,6,6,445,4.9,0,0,0,0,0,0,1,0,0.00,0.00,0.00,0.00,0.00,Matches,4f0f830e
589,Harry Panayiotou,kn SKN,FW,Morecambe,30,1994,15,5,454,5.0,0,0,0,0,0,0,2,0,0.00,0.00,0.00,0.00,0.00,Matches,422dc494
590,Connor Pani,eng ENG,DF,Gateshead,21,2003,13,13,1053,11.7,2,0,2,2,0,0,2,1,0.17,0.00,0.17,0.17,0.17,Matches,896bb26e
591,Hugh Parker,ie IRL,FW,Carlisle United,19,2006,13,2,227,2.5,0,1,1,0,0,0,0,0,0.00,0.40,0.40,0.00,0.40,Matches,8ed9d6c4
592,Tom Parkes,eng ENG,DF,Hartlepool,33,1992,30,25,2027,22.5,0,1,1,0,0,0,4,0,0.00,0.04,0.04,0.00,0.04,Matches,87a8e452
593,Rio Patterson-Powell,eng ENG,FW,Gateshead,19,2005,1,0,20,0.2,0,0,0,0,0,0,0,0,0.00,0.00,0.00,0.00,0.00,Matches,c20d26d8
594,Sean Patton,ie IRL,FW,Aldershot Town,19,2006,6,6,473,5.3,5,1,6,5,0,0,0,0,0.95,0.19,1.14,0.95,1.14,Matches,aa352006
595,Jack Payne,eng ENG,DFMF,Boreham Wood,33,1991,1,0,3,0.0,0,0,0,0,0,0,0,0,0.00,0.00,0.00,0.00,0.00,Matches,c7010c0b
596,Lewis Payne,eng ENG,DFMF,Morecambe,21,2004,33,32,2810,31.2,4,5,9,4,0,0,10,1,0.13,0.16,0.29,0.13,0.29,Matches,32e9d210
597,Ollie Pearce,eng ENG,FW,York City,29,1995,46,45,3925,43.6,34,8,42,28,6,9,3,0,0.78,0.18,0.96,0.64,0.83,Matches,3490fef0
598,Sam Pearson,wls WAL,FWMF,Eastleigh,23,2001,14,10,904,10.0,2,1,3,2,0,0,0,0,0.20,0.10,0.30,0.20,0.30,Matches,8ade0e46
599,Brody Peart,eng ENG,MFFW,Aldershot Town,19,2005,17,10,981,10.9,3,2,5,3,0,0,3,0,0.28,0.18,0.46,0.28,0.46,Matches,6d36da36
600,Tre Pemberton,eng ENG,DFMF,Forest Green,26,1999,30,18,1758,19.5,0,2,2,0,0,0,6,0,0.00,0.10,0.10,0.00,0.10,Matches,5685a10e
601,Byron Pendleton,eng ENG,DFMF,Brackley Town,19,2005,12,12,931,10.3,0,0,0,0,0,0,2,0,0.00,0.00,0.00,0.00,0.00,Matches,030a0b0b
602,Byron Pendleton,eng ENG,DFFW,Yeovil Town,19,2005,14,10,969,10.8,0,0,0,0,0,0,4,0,0.00,0.00,0.00,0.00,0.00,Matches,030a0b0b
603,Charlie Penman,eng ENG,DF,Aldershot Town,19,2005,7,6,426,4.7,0,0,0,0,0,0,3,0,0.00,0.00,0.00,0.00,0.00,Matches,2fe07631
604,Kian Pennant,eng ENG,MF,Woking,21,2004,10,3,319,3.5,1,0,1,1,0,0,0,0,0.28,0.00,0.28,0.28,0.28,Matches,9b2b8711
605,Kian Pennant,eng ENG,FWMF,Gateshead,21,2004,10,7,612,6.8,1,0,1,1,0,0,1,0,0.15,0.00,0.15,0.15,0.15,Matches,9b2b8711
606,Matt Penney,eng ENG,DFMF,Aldershot Town,27,1998,18,10,919,10.2,2,1,3,2,0,0,2,0,0.20,0.10,0.29,0.20,0.29,Matches,b74a0f79
607,Troy Perret,wls WAL,MFFW,Yeovil Town,18,2006,17,10,872,9.7,0,1,1,0,0,0,0,1,0.00,0.10,0.10,0.00,0.10,Matches,42656b2f
608,Callum Perry,,DF,Rochdale,,,24,24,2131,23.7,0,0,0,0,0,0,0,0,0.00,0.00,0.00,0.00,0.00,Matches,b50efed4
609,Casey Pettit,eng ENG,MF,Rochdale,22,2002,40,11,1387,15.4,2,1,3,2,0,0,3,0,0.13,0.06,0.19,0.13,0.19,Matches,02f607ba
610,Harry Phipps,eng ENG,DF,Sutton United,26,1998,11,11,935,10.4,0,0,0,0,0,0,4,0,0.00,0.00,0.00,0.00,0.00,Matches,380a180f
611,Aaron Pierre,gd GRN,DF,Eastleigh,32,1993,28,25,2236,24.8,3,1,4,3,0,0,12,1,0.12,0.04,0.16,0.12,0.16,Matches,a42ee10f
612,Jacob Pinnington,eng ENG,DFMF,Braintree Town,20,2004,28,26,2373,26.4,0,3,3,0,0,0,5,0,0.00,0.11,0.11,0.00,0.11,Matches,1e9c9743
613,James Plant,eng ENG,MFFW,Yeovil Town,20,2004,20,19,1448,16.1,0,0,0,0,0,0,3,0,0.00,0.00,0.00,0.00,0.00,Matches,09b62860
614,Scott Pollock,eng ENG,MFFW,Brackley Town,24,2001,35,25,2324,25.8,1,4,5,1,0,0,7,0,0.04,0.15,0.19,0.04,0.19,Matches,56f5d657
615,Jordan Ponticelli,eng ENG,MFFW,Tamworth,26,1998,21,8,831,9.2,1,0,1,1,0,0,1,0,0.11,0.00,0.11,0.11,0.11,Matches,667ad6cb
616,Christopher Popov,wls WAL,FW,Morecambe,20,2004,18,17,1517,16.9,7,4,11,7,0,0,3,0,0.42,0.24,0.65,0.42,0.65,Matches,1860d243
617,Jack Price,eng ENG,MF,Brackley Town,32,1992,33,21,1828,20.3,0,2,2,0,0,0,6,0,0.00,0.10,0.10,0.00,0.10,Matches,6217c92d
618,Joe Pritchard,eng ENG,MF,Rochdale,28,1996,21,11,841,9.3,2,2,4,2,0,1,2,0,0.21,0.21,0.43,0.21,0.43,Matches,05f6be0b
619,Edon Pruti,al ALB,DF,Sutton United,23,2002,35,35,3058,34.0,3,1,4,3,0,0,5,1,0.09,0.03,0.12,0.09,0.12,Matches,2f580996
620,Tom Pugh,eng ENG,MF,FC Halifax Town,24,2000,6,0,34,0.4,0,0,0,0,0,0,0,0,0.00,0.00,0.00,0.00,0.00,Matches,f9c186bd
621,Rekeil Pyke,eng ENG,FWMF,Truro City FC,27,1997,20,10,933,10.4,2,0,2,2,0,0,0,0,0.19,0.00,0.19,0.19,0.19,Matches,4e93da96
622,Ben Radcliffe,eng ENG,DF,Gateshead,21,2004,13,11,1011,11.2,1,0,1,1,0,0,2,0,0.09,0.00,0.09,0.09,0.09,Matches,c1824876
623,Kiban Rai,wls WAL,MFFW,Aldershot Town,20,2005,18,4,463,5.1,0,0,0,0,0,0,1,0,0.00,0.00,0.00,0.00,0.00,Matches,0c9ed560
624,Arjan Raikhy,eng ENG,MF,Morecambe,22,2002,10,4,321,3.6,0,0,0,0,0,0,0,0,0.00,0.00,0.00,0.00,0.00,Matches,5f364ecd
625,Arjan Raikhy,eng ENG,FW,Boston United,22,2002,8,2,169,1.9,0,0,0,0,0,0,0,0,0.00,0.00,0.00,0.00,0.00,Matches,5f364ecd
626,Nathan Ralph,eng ENG,DF,Southend United,32,1993,23,22,1870,20.8,2,2,4,2,0,0,5,0,0.10,0.10,0.19,0.10,0.19,Matches,2dec3014
627,Remi Raymond,,MF,Altrincham,,,2,0,7,0.1,0,0,0,0,0,0,0,0,0.00,0.00,0.00,0.00,0.00,Matches,aa75123d
628,Kahrel Reddin,eng ENG,MFFW,Altrincham,21,2004,36,26,2372,26.4,3,3,6,3,0,0,3,1,0.11,0.11,0.23,0.11,0.23,Matches,f7e7eb81
629,Samuel Reed,,DF,Altrincham,,,21,11,1089,12.1,0,2,2,0,0,0,6,0,0.00,0.17,0.17,0.00,0.17,Matches,6ed9e9f6
630,Ricardo Rees,wls WAL,FWMF,Forest Green,25,1999,13,11,947,10.5,6,1,7,6,0,0,2,1,0.57,0.10,0.67,0.57,0.67,Matches,500067b7
631,Alex Reid,eng ENG,FW,Hartlepool,29,1995,41,37,3148,35.0,12,2,14,10,2,2,5,0,0.34,0.06,0.40,0.29,0.34,Matches,b3502edd
632,Tommy Reid,eng ENG,GK,Sutton United,20,2005,5,5,450,5.0,0,0,0,0,0,0,1,0,0.00,0.00,0.00,0.00,0.00,Matches,9cba5b1a
633,Michael Reindorf,eng ENG,FW,Tamworth,20,2005,9,1,213,2.4,0,0,0,0,0,0,1,0,0.00,0.00,0.00,0.00,0.00,Matches,aa4c9777
634,Callum Reynolds,eng ENG,DF,Boreham Wood,35,1989,34,27,2505,27.8,0,2,2,0,0,0,6,0,0.00,0.07,0.07,0.00,0.07,Matches,dd46bb28
635,Harrison Rhone,eng ENG,GK,Brackley Town,20,2005,7,7,630,7.0,0,0,0,0,0,0,0,0,0.00,0.00,0.00,0.00,0.00,Matches,966a26ce
636,Caleb Richards,eng ENG,DF,Woking,26,1998,46,46,4140,46.0,0,1,1,0,0,0,1,0,0.00,0.02,0.02,0.00,0.02,Matches,0023854f
637,Jordan Richards,eng ENG,MF,Boston United,28,1997,41,41,3618,40.2,0,1,1,0,0,0,10,0,0.00,0.02,0.02,0.00,0.02,Matches,ed4a6fc0
638,Kenton Richardson,eng ENG,DFMF,Gateshead,26,1999,32,29,2427,27.0,1,1,2,1,0,0,8,0,0.04,0.04,0.07,0.04,0.07,Matches,6ee319a2
639,Lewis Richardson,eng ENG,MF,Boreham Wood,22,2003,36,17,1483,16.5,11,4,15,11,0,0,1,0,0.67,0.24,0.91,0.67,0.91,Matches,4fa62ae4
640,Joe Riley,eng ENG,MFDF,Tamworth,28,1996,22,11,956,10.6,1,0,1,0,1,1,4,0,0.09,0.00,0.09,0.00,0.00,Matches,4d4e417c
641,Connor Riley-Lowe,eng ENG,DFMF,Truro City FC,29,1996,39,37,3219,35.8,1,6,7,1,0,0,6,0,0.03,0.17,0.20,0.03,0.20,Matches,6094374b
642,Cal Roberts,eng ENG,MFFW,Scunthorpe,28,1997,40,37,3228,35.9,18,9,27,13,5,6,4,0,0.50,0.25,0.75,0.36,0.61,Matches,8e9caf48
643,Caleb Roberts,eng ENG,MF,Truro City FC,19,2005,6,6,482,5.4,0,0,0,0,0,0,0,0,0.00,0.00,0.00,0.00,0.00,Matches,639ec231
644,Morgan Roberts,eng ENG,MFFW,Brackley Town,24,2000,45,37,3392,37.7,5,2,7,5,0,0,9,0,0.13,0.05,0.19,0.13,0.19,Matches,06692767
645,Tyler Roberts,jm JAM,MFFW,Tamworth,21,2003,23,10,955,10.6,1,3,4,1,0,0,6,0,0.09,0.28,0.38,0.09,0.38,Matches,91ac3046
646,Junior Robinson,eng ENG,DF,Boreham Wood,21,2004,5,3,178,2.0,0,0,0,0,0,0,1,0,0.00,0.00,0.00,0.00,0.00,Matches,ecb01ccb
647,Ethan Robson,eng ENG,MF,Carlisle United,28,1996,3,0,43,0.5,1,0,1,1,0,0,0,0,2.09,0.00,2.09,2.09,2.09,Matches,961a5164
648,Max Robson,eng ENG,DF,Forest Green,22,2002,6,0,87,1.0,0,0,0,0,0,0,0,0,0.00,0.00,0.00,0.00,0.00,Matches,e498c8b0
649,Davide Rodari,it ITA,FW,Sutton United,26,1999,13,3,413,4.6,1,0,1,1,0,0,2,0,0.22,0.00,0.22,0.22,0.22,Matches,31bbf63b
650,Devante Rodney,eng ENG,FWMF,Rochdale,27,1998,43,37,2791,31.0,8,9,17,8,0,1,1,0,0.26,0.29,0.55,0.26,0.55,Matches,9ca54653
651,Daniel Rooney,nir NIR,MFDF,Truro City FC,26,1998,20,18,1559,17.3,0,1,1,0,0,0,5,0,0.00,0.06,0.06,0.00,0.06,Matches,e62f0a98
652,Jake Rooney,eng ENG,DF,Boston United,21,2003,16,16,1401,15.6,3,0,3,3,0,0,4,0,0.19,0.00,0.19,0.19,0.19,Matches,9842b4b1
653,Oliver Rose,eng ENG,MF,Scunthorpe,20,2004,6,1,129,1.4,1,0,1,1,0,0,1,0,0.70,0.00,0.70,0.70,0.70,Matches,2865a527
654,Craig Ross,eng ENG,GK,Woking,35,1990,4,4,360,4.0,0,0,0,0,0,0,0,0,0.00,0.00,0.00,0.00,0.00,Matches,74eda47c
655,Joe Rowley,eng ENG,MF,Scunthorpe,26,1999,44,44,3795,42.2,1,3,4,1,0,0,12,0,0.02,0.07,0.09,0.02,0.09,Matches,73a5190e
656,Ronny Ruiz,,MF,Sutton United,,,4,1,125,1.4,0,0,0,0,0,0,1,0,0.00,0.00,0.00,0.00,0.00,Matches,9786042f
657,Matt Rush,eng ENG,FW,Boreham Wood,24,2001,46,41,3712,41.2,25,3,28,25,0,0,2,0,0.61,0.07,0.68,0.61,0.68,Matches,2bed795e
658,Oscar Rutherford,eng ENG,DFMF,Solihull Moors,21,2003,34,19,1737,19.3,1,4,5,1,0,0,0,0,0.05,0.21,0.26,0.05,0.26,Matches,bdb42e2c
659,Joe Rye,eng ENG,DF,Tamworth,21,2004,26,22,1983,22.0,2,0,2,2,0,0,3,0,0.09,0.00,0.09,0.09,0.09,Matches,54649cde
660,Kian Ryley,eng ENG,MF,Solihull Moors,20,2005,1,0,43,0.5,0,0,0,0,0,0,0,0,0.00,0.00,0.00,0.00,0.00,Matches,9ca8292f
661,Samuel Sanders,eng ENG,DF,Truro City FC,23,2001,15,13,1216,13.5,0,0,0,0,0,0,3,0,0.00,0.00,0.00,0.00,0.00,Matches,287bef81
662,Oliver Sanderson,eng ENG,FW,Woking,21,2003,40,36,2837,31.5,16,3,19,16,0,0,5,0,0.51,0.10,0.60,0.51,0.60,Matches,0b1b2fcc
663,Mohammed Sangare,lr LBR,MFDF,Morecambe,26,1998,30,16,1378,15.3,1,1,2,1,0,0,3,0,0.07,0.07,0.13,0.07,0.13,Matches,184f9fb5
664,Seidou Sanogo,eng ENG,MF,Truro City FC,25,2000,1,0,2,0.0,0,0,0,0,0,0,0,0,0.00,0.00,0.00,0.00,0.00,Matches,e7f43291
665,Dan Sassi,eng ENG,DF,Altrincham,21,2003,41,37,3307,36.7,0,2,2,0,0,0,7,2,0.00,0.05,0.05,0.00,0.05,Matches,e70e6657
666,Harvey Saunders,eng ENG,FWMF,Eastleigh,28,1997,38,35,3099,34.4,9,7,16,9,0,0,5,0,0.26,0.20,0.46,0.26,0.46,Matches,1022b2a6
667,Harvey Sayer,eng ENG,MF,Tamworth,22,2003,12,6,516,5.7,2,1,3,2,0,0,0,0,0.35,0.17,0.52,0.35,0.52,Matches,aeac5314
668,Joe Sbarra,eng ENG,FWMF,Solihull Moors,26,1998,27,22,1881,20.9,10,3,13,10,0,0,4,0,0.48,0.14,0.62,0.48,0.62,Matches,9f866258
669,Kian Scales,eng ENG,DFMF,Scunthorpe,22,2002,23,6,827,9.2,0,0,0,0,0,0,4,0,0.00,0.00,0.00,0.00,0.00,Matches,ad7bbea9
670,Jacob Scott,eng ENG,DF,Boston United,19,2005,4,1,123,1.4,0,0,0,0,0,0,0,0,0.00,0.00,0.00,0.00,0.00,Matches,d50648de
671,Oliver Scott,eng ENG,DFMF,Aldershot Town,24,2000,14,14,1190,13.2,1,0,1,1,0,0,6,1,0.08,0.00,0.08,0.08,0.08,Matches,4df4375e
672,Gus Scott-Morriss,eng ENG,DFMF,Southend United,28,1997,41,40,3438,38.2,15,4,19,15,0,1,12,0,0.39,0.10,0.50,0.39,0.50,Matches,16540629
673,Tyrell Sellars-Fleming,eng ENG,FWMF,Scunthorpe,20,2005,14,9,794,8.8,5,0,5,5,0,0,3,0,0.57,0.00,0.57,0.57,0.57,Matches,4f20f4af
674,Alie Sesay,sl SLE,DF,Morecambe,30,1994,11,8,701,7.8,0,1,1,0,0,0,2,0,0.00,0.13,0.13,0.00,0.13,Matches,1b327efe
675,Max Sheaf,eng ENG,MF,Gateshead,25,2000,7,1,217,2.4,0,0,0,0,0,0,3,0,0.00,0.00,0.00,0.00,0.00,Matches,d1c09e4e
676,Ryheem Sheckleford,eng ENG,DF,Aldershot Town,28,1997,17,14,1111,12.3,0,1,1,0,0,0,4,0,0.00,0.08,0.08,0.00,0.08,Matches,c21a1079
677,George Shelvey,eng ENG,GK,Gateshead,24,2001,5,5,405,4.5,0,0,0,0,0,0,0,0,0.00,0.00,0.00,0.00,0.00,Matches,5ab61aea
678,Nathan Sheron,eng ENG,MF,Hartlepool,27,1997,44,44,3850,42.8,2,1,3,2,0,0,7,0,0.05,0.02,0.07,0.05,0.07,Matches,dec9eb3d
679,Harry Shipstone,eng ENG,MF,Scunthorpe,21,2004,1,0,45,0.5,0,0,0,0,0,0,0,0,0.00,0.00,0.00,0.00,0.00,Matches,e97d1899
680,Tobi Sho-Silva,eng ENG,FW,Solihull Moors,30,1995,7,4,315,3.5,0,0,0,0,0,0,0,0,0.00,0.00,0.00,0.00,0.00,Matches,d4c9b726
681,Lewis Simper,eng ENG,MFFW,Sutton United,23,2001,45,43,3742,41.6,12,6,18,10,2,2,13,0,0.29,0.14,0.43,0.24,0.38,Matches,3a3088b2
682,Jack Sims,eng ENG,GK,Sutton United,26,1999,36,36,3240,36.0,0,1,1,0,0,0,3,0,0.00,0.03,0.03,0.00,0.03,Matches,5e7dc92c
683,Josh Sims,eng ENG,MFFW,Yeovil Town,28,1997,35,33,2522,28.0,2,3,5,2,0,0,4,0,0.07,0.11,0.18,0.07,0.18,Matches,6d6f09dc
684,Tyrese Sinclair,eng ENG,MF,Solihull Moors,24,2001,10,8,666,7.4,3,2,5,3,0,0,0,0,0.41,0.27,0.68,0.41,0.68,Matches,501dedfd
685,Tyrese Sinclair,eng ENG,MFFW,York City,24,2001,12,10,691,7.7,0,1,1,0,0,0,2,0,0.00,0.13,0.13,0.00,0.13,Matches,501dedfd
686,Tyrese Sinclair,eng ENG,MFFW,Hartlepool,24,2001,15,14,1170,13.0,5,1,6,5,0,0,2,0,0.38,0.08,0.46,0.38,0.46,Matches,501dedfd
687,Jasbir Singh,eng ENG,GK,Tamworth,35,1990,46,46,4140,46.0,0,0,0,0,0,0,3,0,0.00,0.00,0.00,0.00,0.00,Matches,4cd6bd09
688,Luke Skinner,eng ENG,FW,Eastleigh,17,2007,6,2,244,2.7,2,1,3,2,0,0,2,0,0.74,0.37,1.11,0.74,1.11,Matches,808ef9fc
689,Declan Skura,eng ENG,DF,Yeovil Town,23,2002,6,5,471,5.2,1,0,1,1,0,0,0,0,0.19,0.00,0.19,0.19,0.19,Matches,d618f2bb
690,Greg Sloggett,ie IRL,MF,Boston United,29,1996,39,33,2910,32.3,3,3,6,3,0,0,8,0,0.09,0.09,0.19,0.09,0.19,Matches,d035138b
691,Adam Smith,eng ENG,GK,Hartlepool,32,1992,2,1,143,1.6,0,0,0,0,0,0,0,0,0.00,0.00,0.00,0.00,0.00,Matches,9425d9bf
692,Connor Smith,sct SCO,MFFW,Scunthorpe,23,2002,14,5,459,5.1,0,0,0,0,0,0,1,0,0.00,0.00,0.00,0.00,0.00,Matches,a3b63b8a
693,Kyle Smith,,DF,Braintree Town,,,5,5,347,3.9,0,0,0,0,0,0,2,0,0.00,0.00,0.00,0.00,0.00,Matches,1540860a
694,Tommy Smith,nz NZL,DF,Braintree Town,35,1990,17,14,1217,13.5,0,1,1,0,0,0,2,0,0.00,0.07,0.07,0.00,0.07,Matches,26a48676
695,Tyler Smith,eng ENG,FWMF,Rochdale,26,1998,22,6,661,7.3,5,1,6,5,0,0,1,0,0.68,0.14,0.82,0.68,0.82,Matches,c4cd16e5
696,Will Smith,eng ENG,DF,FC Halifax Town,26,1998,23,20,1741,19.3,4,1,5,4,0,0,8,0,0.21,0.05,0.26,0.21,0.26,Matches,2a29198c
697,Jay Smith-Sway,eng ENG,DF,Hartlepool,18,2007,5,1,174,1.9,0,1,1,0,0,0,0,0,0.00,0.52,0.52,0.00,0.52,Matches,b5ea1e7f
698,Yann Songo'o,cm CMR,MFDF,Morecambe,33,1991,35,30,2521,28.0,0,0,0,0,0,0,5,0,0.00,0.00,0.00,0.00,0.00,Matches,e50bf6ce
699,Emmanuel Sonupe,eng ENG,MF,Solihull Moors,29,1996,30,10,1129,12.5,4,0,4,4,0,0,4,0,0.32,0.00,0.32,0.32,0.32,Matches,1a00d00d
700,Érico Sousa,pt POR,MF,Boreham Wood,30,1995,27,20,1714,19.0,5,7,12,5,0,0,1,0,0.26,0.37,0.63,0.26,0.63,Matches,cb48b0d0
701,Slavi Spasov,eng ENG,FW,Southend United,23,2001,27,10,1061,11.8,7,2,9,7,0,0,1,0,0.59,0.17,0.76,0.59,0.76,Matches,c86050ee
702,Shay Spencer,,MF,Wealdstone FC,,,12,5,502,5.6,0,0,0,0,0,0,0,0,0.00,0.00,0.00,0.00,0.00,Matches,171df959
703,Will Spiers,,DFMF,Eastleigh,,,4,3,271,3.0,0,0,0,0,0,0,0,0,0.00,0.00,0.00,0.00,0.00,Matches,38536744
704,Joseph Starbuck,eng ENG,DF,Scunthorpe,22,2002,36,29,2544,28.3,1,2,3,1,0,0,3,1,0.04,0.07,0.11,0.04,0.11,Matches,742d8117
705,Ben Starkie,tz TAN,MF,Truro City FC,23,2002,10,3,392,4.4,0,0,0,0,0,0,1,0,0.00,0.00,0.00,0.00,0.00,Matches,68138c10
706,Bradley Stevenson,eng ENG,FWMF,Solihull Moors,26,1998,33,15,1385,15.4,5,2,7,5,0,1,6,1,0.32,0.13,0.45,0.32,0.45,Matches,a5766b9e
707,Callum Stewart,eng ENG,FWMF,Aldershot Town,23,2001,10,8,737,8.2,1,1,2,1,0,0,1,0,0.12,0.12,0.24,0.12,0.24,Matches,05fffa8e
708,Callum Stewart,eng ENG,FWMF,Brackley Town,23,2001,7,3,262,2.9,0,0,0,0,0,0,0,0,0.00,0.00,0.00,0.00,0.00,Matches,05fffa8e
709,Aidan Stone,eng ENG,GK,Truro City FC,26,1999,33,33,2970,33.0,0,0,0,0,0,0,0,0,0.00,0.00,0.00,0.00,0.00,Matches,1fd14651
710,Barney Stone,,FW,Eastleigh,,,3,0,30,0.3,0,0,0,0,0,0,0,0,0.00,0.00,0.00,0.00,0.00,Matches,18dc51e9
711,Josh Stones,eng ENG,FW,York City,21,2003,40,28,2469,27.4,18,6,24,17,1,1,11,1,0.66,0.22,0.87,0.62,0.84,Matches,b55820e5
712,Louis Storey,eng ENG,DF,Gateshead,31,1993,16,13,1170,13.0,2,0,2,2,0,0,4,1,0.15,0.00,0.15,0.15,0.15,Matches,cf07d192
713,Jack Stretton,eng ENG,FW,Truro City FC,23,2001,13,8,787,8.7,2,0,2,2,0,0,0,0,0.23,0.00,0.23,0.23,0.23,Matches,e462fbb9
714,Will Sullivan,eng ENG,GK,Solihull Moors,19,2005,1,0,43,0.5,0,0,0,0,0,0,0,0,0.00,0.00,0.00,0.00,0.00,Matches,c511fb1e
715,Emmerson Sutton,eng ENG,MFDF,Morecambe,18,2006,16,8,790,8.8,1,0,1,1,0,0,1,0,0.11,0.00,0.11,0.11,0.11,Matches,08967efc
716,Will Sutton,eng ENG,DFMF,Solihull Moors,22,2002,3,0,58,0.6,0,0,0,0,0,0,0,0,0.00,0.00,0.00,0.00,0.00,Matches,2d74fdac
717,Roy Syla,al ALB,MF,Woking,25,2000,9,7,564,6.3,0,0,0,0,0,0,0,0,0.00,0.00,0.00,0.00,0.00,Matches,a38cfb62
718,Jake Tabor,eng ENG,FW,Eastleigh,21,2003,9,4,380,4.2,2,0,2,2,0,0,0,0,0.47,0.00,0.47,0.47,0.47,Matches,a5f2b461
719,Zain Tahir,eng ENG,DF,Scunthorpe,18,2006,4,4,318,3.5,0,0,0,0,0,0,0,0,0.00,0.00,0.00,0.00,0.00,Matches,150ec940
720,Sean Tarima,eng ENG,DF,FC Halifax Town,20,2004,13,11,904,10.0,0,1,1,0,0,0,1,0,0.00,0.10,0.10,0.00,0.10,Matches,e04cde81
721,Archy Taylor,eng ENG,MFDF,Aldershot Town,21,2003,21,17,1594,17.7,2,2,4,2,0,0,6,1,0.11,0.11,0.23,0.11,0.23,Matches,49a444fa
722,Harry Taylor,eng ENG,DF,Southend United,28,1997,43,43,3870,43.0,0,0,0,0,0,0,8,0,0.00,0.00,0.00,0.00,0.00,Matches,7945a45f
723,Jack Taylor,eng ENG,DF,Sutton United,19,2005,22,22,1955,21.7,2,1,3,2,0,0,3,0,0.09,0.05,0.14,0.09,0.14,Matches,3b10aaca
724,Jake Taylor,wls WAL,MF,Eastleigh,33,1991,14,11,987,11.0,1,1,2,1,0,0,2,0,0.09,0.09,0.18,0.09,0.18,Matches,999185eb
725,Jake Taylor,eng ENG,MF,Truro City FC,26,1998,8,3,292,3.2,0,2,2,0,0,0,0,0,0.00,0.62,0.62,0.00,0.62,Matches,c4732c6f
726,Jake Taylor,wls WAL,MF,Sutton United,33,1991,24,24,1983,22.0,0,0,0,0,0,0,9,0,0.00,0.00,0.00,0.00,0.00,Matches,999185eb
727,Tom Taylor,,MF,Woking,,,6,0,65,0.7,0,0,0,0,0,0,0,0,0.00,0.00,0.00,0.00,0.00,Matches,648a86b4
728,Connor Teale,eng ENG,DFMF,Boston United,22,2002,41,39,3517,39.1,2,2,4,2,0,0,3,0,0.05,0.05,0.10,0.05,0.10,Matches,84a50ca4
729,Dom Telford,eng ENG,FWMF,Gateshead,28,1996,16,7,613,6.8,2,0,2,2,0,0,3,0,0.29,0.00,0.29,0.29,0.29,Matches,f830bae5
730,Frankie Terry,eng ENG,DF,Braintree Town,21,2004,21,19,1816,20.2,2,0,2,2,0,0,5,1,0.10,0.00,0.10,0.10,0.10,Matches,bb6a8b34
731,Mason Terry,eng ENG,GK,Braintree Town,20,2004,37,37,3330,37.0,0,1,1,0,0,0,1,0,0.00,0.03,0.03,0.00,0.03,Matches,e5a8bf28
732,Dejan Tetek,rs SRB,MF,Aldershot Town,22,2002,28,22,1923,21.4,1,2,3,1,0,0,5,0,0.05,0.09,0.14,0.05,0.14,Matches,0eb32994
733,George Thomas,wls WAL,MFFW,Morecambe,28,1997,25,10,1154,12.8,3,0,3,3,0,0,0,0,0.23,0.00,0.23,0.23,0.23,Matches,7ef24097
734,Kwame Thomas,kn SKN,FW,Aldershot Town,29,1995,36,16,1754,19.5,7,2,9,7,0,0,2,1,0.36,0.10,0.46,0.36,0.46,Matches,42971f4b
735,Terell Thomas,lc LCA,DF,Carlisle United,29,1995,28,22,1918,21.3,1,1,2,1,0,0,3,0,0.05,0.05,0.09,0.05,0.09,Matches,d41d3d7b
736,Jack Thompson,eng ENG,GK,Braintree Town,18,2006,7,7,630,7.0,0,0,0,0,0,0,2,0,0.00,0.00,0.00,0.00,0.00,Matches,35c6f024
737,Olly Thompson,,MF,Gateshead,,,3,0,12,0.1,0,0,0,0,0,0,0,0,0.00,0.00,0.00,0.00,0.00,Matches,d22bfa74
738,Elliot Thorpe,wls WAL,MF,Braintree Town,24,2000,26,15,1227,13.6,0,3,3,0,0,0,2,0,0.00,0.22,0.22,0.00,0.22,Matches,9b1da146
739,Junior Tiensia,eng ENG,MFDF,Wealdstone FC,24,2000,31,23,1981,22.0,1,2,3,1,0,0,2,0,0.05,0.09,0.14,0.05,0.14,Matches,abd2fcd3
740,Oliver Tipton,eng ENG,MFDF,Solihull Moors,21,2003,35,13,1495,16.6,0,1,1,0,0,0,4,0,0.00,0.06,0.06,0.00,0.06,Matches,d967d9c3
741,Will Tizzard,eng ENG,DF,Sutton United,22,2002,18,12,1118,12.4,2,0,2,2,0,0,3,0,0.16,0.00,0.16,0.16,0.16,Matches,7bf61f59
742,Joshua Tobin,eng ENG,MF,Yeovil Town,21,2003,5,3,235,2.6,0,0,0,0,0,0,1,0,0.00,0.00,0.00,0.00,0.00,Matches,148d44fa
743,Ben Tollitt,eng ENG,MFFW,Morecambe,30,1994,45,23,2248,25.0,5,4,9,5,0,0,5,0,0.20,0.16,0.36,0.20,0.36,Matches,34f2c69e
744,Tom Tonks,eng ENG,MF,Tamworth,33,1991,40,28,2510,27.9,0,2,2,0,0,1,8,0,0.00,0.07,0.07,0.00,0.07,Matches,ded9e7cc
745,Besart Topalloj,eng ENG,DF,Sutton United,24,2001,20,20,1792,19.9,0,2,2,0,0,0,5,0,0.00,0.10,0.10,0.00,0.10,Matches,2a2338d3
746,Besart Topalloj,eng ENG,MFDF,Hartlepool,24,2001,21,16,1375,15.3,1,2,3,1,0,0,4,0,0.07,0.13,0.20,0.07,0.20,Matches,2a2338d3
747,Nick Townsend,ag ATG,GK,Eastleigh,30,1994,42,42,3695,41.1,0,1,1,0,0,0,2,1,0.00,0.02,0.02,0.00,0.02,Matches,a989a8c9
748,Callum Tripp,eng ENG,MF,Brackley Town,18,2006,6,5,511,5.7,0,0,0,0,0,0,0,0,0.00,0.00,0.00,0.00,0.00,Matches,4c480be6
749,Callum Tripp,eng ENG,DF,Sutton United,18,2006,2,2,90,1.0,0,0,0,0,0,0,0,0,0.00,0.00,0.00,0.00,0.00,Matches,4c480be6
750,Nathan Tshikuna,eng ENG,MFFW,Wealdstone FC,26,1999,42,35,3027,33.6,8,4,12,8,0,0,4,0,0.24,0.12,0.36,0.24,0.36,Matches,e9629736
751,Jack Turner,eng ENG,MF,Woking,22,2002,29,15,1463,16.3,4,3,7,4,0,0,4,0,0.25,0.18,0.43,0.25,0.43,Matches,25d614d1
752,Steven Turner,eng ENG,MF,Woking,19,2006,6,3,326,3.6,0,1,1,0,0,0,0,0,0.00,0.28,0.28,0.00,0.28,Matches,c9b28588
753,Steven Turner,eng ENG,MFDF,Wealdstone FC,19,2006,7,2,184,2.0,0,0,0,0,0,0,0,0,0.00,0.00,0.00,0.00,0.00,Matches,c9b28588
754,Jay Turner-Cooke,eng ENG,MF,FC Halifax Town,21,2003,37,32,2925,32.5,4,4,8,3,1,2,12,0,0.12,0.12,0.25,0.09,0.22,Matches,794b60b6
755,David Tutonda,eng ENG,DF,Rochdale,29,1995,10,1,165,1.8,0,0,0,0,0,0,1,0,0.00,0.00,0.00,0.00,0.00,Matches,224422cc
756,Tom Tweedy,wls WAL,FW,Morecambe,20,2004,1,0,7,0.1,0,0,0,0,0,0,0,0,0.00,0.00,0.00,0.00,0.00,Matches,5b464f44
757,Carlton Ubaezuonu,za RSA,FWMF,Scunthorpe,27,1998,30,5,904,10.0,4,0,4,4,0,1,3,0,0.40,0.00,0.40,0.40,0.40,Matches,23d34881
758,Connor Underhill,,MF,Eastleigh,,,9,1,146,1.6,0,0,0,0,0,0,0,0,0.00,0.00,0.00,0.00,0.00,Matches,fe80698e
759,Daniel Urpens,,DF,Sutton United,,,8,2,361,4.0,0,0,0,0,0,0,1,0,0.00,0.00,0.00,0.00,0.00,Matches,b595521c
760,Eduino Vaz,gw GNB,MF,Sutton United,21,2003,4,1,121,1.3,0,1,1,0,0,0,1,0,0.00,0.74,0.74,0.00,0.74,Matches,1fc0a437
761,James Vennings,eng ENG,MF,Braintree Town,25,2000,44,37,3373,37.5,0,1,1,0,0,1,7,1,0.00,0.03,0.03,0.00,0.03,Matches,f3c5191c
762,Liam Vincent,eng ENG,DFMF,Sutton United,22,2003,9,8,681,7.6,0,1,1,0,0,0,1,1,0.00,0.13,0.13,0.00,0.13,Matches,84be0009
763,Jake Vokins,eng ENG,MFDF,Eastleigh,25,2000,23,13,1174,13.0,1,1,2,1,0,0,6,0,0.08,0.08,0.15,0.08,0.15,Matches,d484c261
764,George Vorster,,FW,Sutton United,,,1,0,1,0.0,0,0,0,0,0,0,0,0,0.00,0.00,0.00,0.00,0.00,Matches,cf5b42e5
765,Jack Wadham,eng ENG,MF,Sutton United,22,2003,11,9,782,8.7,0,1,1,0,0,0,3,0,0.00,0.12,0.12,0.00,0.12,Matches,4e7c5034
766,James Waite,wls WAL,MFFW,Eastleigh,26,1999,14,6,681,7.6,1,0,1,1,0,0,1,0,0.13,0.00,0.13,0.13,0.13,Matches,fed0a7dd
767,Jacob Wakeling,eng ENG,FWMF,Solihull Moors,23,2001,29,20,1848,20.5,9,5,14,9,0,0,5,0,0.44,0.24,0.68,0.44,0.68,Matches,a3d93f8a
768,Liam Waldock,eng ENG,MF,Boston United,24,2000,12,4,441,4.9,1,0,1,1,0,0,0,0,0.20,0.00,0.20,0.20,0.20,Matches,7da35cbe
769,Danny Waldron,eng ENG,FW,Brackley Town,29,1996,20,5,585,6.5,1,0,1,1,0,0,0,0,0.15,0.00,0.15,0.15,0.15,Matches,3dedf88f
770,Adriel Walker,eng ENG,MF,Forest Green,19,2005,3,0,32,0.4,0,0,0,0,0,0,0,0,0.00,0.00,0.00,0.00,0.00,Matches,b54f0cd0
771,Brad Walker,eng ENG,MF,Hartlepool,29,1996,18,4,597,6.6,0,0,0,0,0,0,0,0,0.00,0.00,0.00,0.00,0.00,Matches,0861bc1a
772,Josh Walker,eng ENG,FW,Southend United,27,1997,28,9,878,9.8,6,3,9,6,0,0,5,0,0.62,0.31,0.92,0.62,0.92,Matches,9def2eb4
773,Laurie Walker,eng ENG,GK,Solihull Moors,35,1989,46,46,4097,45.5,0,0,0,0,0,0,3,0,0.00,0.00,0.00,0.00,0.00,Matches,f23b5903
774,Lewis Walker,eng ENG,FWMF,Braintree Town,27,1998,35,27,2334,25.9,10,0,10,10,0,0,5,0,0.39,0.00,0.39,0.39,0.39,Matches,07240809
775,Charlie Waller,eng ENG,DFMF,Rochdale,20,2005,3,3,243,2.7,0,0,0,0,0,0,0,0,0.00,0.00,0.00,0.00,0.00,Matches,9f630ff6
776,Charlie Waller,eng ENG,DF,Wealdstone FC,20,2005,8,6,563,6.3,0,0,0,0,0,0,0,0,0.00,0.00,0.00,0.00,0.00,Matches,9f630ff6
777,Jake Wannell,eng ENG,DF,Yeovil Town,31,1994,40,39,3425,38.1,2,1,3,2,0,0,15,1,0.05,0.03,0.08,0.05,0.08,Matches,3c67d98c
778,AJ Warburton,eng ENG,DFMF,FC Halifax Town,19,2005,29,23,2195,24.4,0,1,1,0,0,0,1,0,0.00,0.04,0.04,0.00,0.04,Matches,1f3e759a
779,Jed Ward,eng ENG,GK,Yeovil Town,22,2003,46,46,4139,46.0,0,0,0,0,0,0,5,0,0.00,0.00,0.00,0.00,0.00,Matches,edb2744d
780,Keaton Ward,eng ENG,MFFW,Altrincham,25,2000,22,11,1100,12.2,2,3,5,2,0,0,1,0,0.16,0.25,0.41,0.16,0.41,Matches,7079be00
781,Keaton Ward,eng ENG,MFDF,Gateshead,25,2000,18,18,1592,17.7,5,6,11,3,2,2,3,0,0.28,0.34,0.62,0.17,0.51,Matches,7079be00
782,Matt Ward,eng ENG,MF,Woking,21,2003,30,20,1806,20.1,3,3,6,3,0,0,6,0,0.15,0.15,0.30,0.15,0.30,Matches,83f6fed1
783,Charlie Warren,eng ENG,FWMF,Aldershot Town,18,2006,22,18,1710,19.0,7,0,7,7,0,0,4,0,0.37,0.00,0.37,0.37,0.37,Matches,6b12b32e
784,Angel Waruih,eng ENG,MFFW,Eastleigh,21,2003,32,14,1266,14.1,0,0,0,0,0,0,2,0,0.00,0.00,0.00,0.00,0.00,Matches,ef3438ea
785,Billy Waters,eng ENG,FWMF,Altrincham,30,1994,1,0,19,0.2,0,0,0,0,0,0,1,0,0.00,0.00,0.00,0.00,0.00,Matches,19dc8fb7
786,Billy Waters,eng ENG,MF,FC Halifax Town,30,1994,9,1,186,2.1,0,1,1,0,0,0,0,0,0.00,0.48,0.48,0.00,0.48,Matches,19dc8fb7
787,Noah Watson,eng ENG,DF,Aldershot Town,22,2003,2,0,36,0.4,0,0,0,0,0,0,0,0,0.00,0.00,0.00,0.00,0.00,Matches,95560110
788,Rory Watson,eng ENG,GK,Scunthorpe,29,1996,10,10,900,10.0,0,0,0,0,0,0,0,0,0.00,0.00,0.00,0.00,0.00,Matches,73cb6785
789,Stephen Wearne,eng ENG,MF,Carlisle United,24,2000,37,27,2344,26.0,3,5,8,3,0,0,6,0,0.12,0.19,0.31,0.12,0.31,Matches,c43701a0
790,Lucas Weaver,,FWMF,Altrincham,,,30,8,842,9.4,5,1,6,5,0,0,2,1,0.53,0.11,0.64,0.53,0.64,Matches,4079ad1e
791,Maxwell Wellings,eng ENG,DF,Truro City FC,20,2005,14,12,1101,12.2,0,1,1,0,0,0,0,0,0.00,0.08,0.08,0.00,0.08,Matches,ed46ab76
792,Jack Wells-Morrison,eng ENG,MF,Wealdstone FC,21,2004,9,8,664,7.4,1,0,1,1,0,0,1,0,0.14,0.00,0.14,0.14,0.14,Matches,a71ebcc8
793,Zain Westbrooke,eng ENG,MF,Scunthorpe,28,1996,34,31,2789,31.0,3,3,6,3,0,0,6,0,0.10,0.10,0.19,0.10,0.19,Matches,bcbc7688
794,Oliver Whatmuff,eng ENG,GK,Rochdale,17,2007,39,39,3510,39.0,0,0,0,0,0,0,2,0,0.00,0.00,0.00,0.00,0.00,Matches,54253f35
795,Callum Whelan,eng ENG,MFFW,Carlisle United,26,1998,21,9,837,9.3,0,2,2,0,0,0,2,0,0.00,0.22,0.22,0.00,0.22,Matches,4bc65f1a
796,Tom Whelan,eng ENG,DFMF,Boreham Wood,29,1996,2,0,51,0.6,0,1,1,0,0,0,0,0,0.00,1.76,1.76,0.00,1.76,Matches,911ce3f0
797,Jaiden White,eng ENG,FW,Sutton United,23,2002,3,1,70,0.8,0,0,0,0,0,0,0,0,0.00,0.00,0.00,0.00,0.00,Matches,1471ff84
798,Tom White,eng ENG,MF,Boreham Wood,28,1997,33,29,2599,28.9,1,2,3,1,0,0,5,0,0.03,0.07,0.10,0.03,0.10,Matches,4e67f277
799,Danny Whitehall,eng ENG,FW,Scunthorpe,29,1995,40,35,2735,30.4,18,6,24,13,5,5,8,0,0.59,0.20,0.79,0.43,0.63,Matches,1eefed22
800,Tommy Whitehead,,FW,Eastleigh,,,1,0,1,0.0,0,0,0,0,0,0,0,0,0.00,0.00,0.00,0.00,0.00,Matches,ce2301a1
801,Alex Whitmore,eng ENG,DF,Solihull Moors,29,1995,46,46,4140,46.0,2,2,4,2,0,0,7,0,0.04,0.04,0.09,0.04,0.09,Matches,a5d52702
802,Alex Whittle,eng ENG,DFMF,Yeovil Town,32,1993,25,13,1260,14.0,0,1,1,0,0,0,2,0,0.00,0.07,0.07,0.00,0.07,Matches,d8c93f7e
803,Harry Whitwell,eng ENG,MF,Forest Green,19,2005,23,20,1865,20.7,2,0,2,2,0,0,6,0,0.10,0.00,0.10,0.10,0.10,Matches,df554821
804,Szhem Whyte Hall,,MFFW,Solihull Moors,,,13,2,372,4.1,1,1,2,1,0,0,2,0,0.24,0.24,0.48,0.24,0.48,Matches,be950ce7
805,Theo Widdrington,eng ENG,MFDF,Aldershot Town,26,1999,24,20,1617,18.0,2,1,3,2,0,0,5,1,0.11,0.06,0.17,0.11,0.17,Matches,f5f5a843
806,Conor Wilkinson,ie IRL,FW,Solihull Moors,30,1995,25,14,1204,13.4,9,1,10,8,1,2,4,1,0.67,0.07,0.75,0.60,0.67,Matches,c547c634
807,Ben Williams,eng ENG,DF,Gateshead,20,2004,9,5,495,5.5,0,1,1,0,0,0,2,0,0.00,0.18,0.18,0.00,0.18,Matches,20693a0a
808,Ben Williams,wls WAL,DF,Morecambe,26,1999,23,11,1088,12.1,0,0,0,0,0,0,3,0,0.00,0.00,0.00,0.00,0.00,Matches,7410e1e8
809,Josh Williams,eng ENG,DFMF,Carlisle United,22,2002,23,20,1678,18.6,0,3,3,0,0,0,5,0,0.00,0.16,0.16,0.00,0.16,Matches,108a7f3e
810,Morgan Williams,eng ENG,DF,Yeovil Town,25,1999,24,24,2160,24.0,1,1,2,1,0,0,6,0,0.04,0.04,0.08,0.04,0.08,Matches,9c7f34ef
811,Morgan Williams,eng ENG,DF,York City,25,1999,15,11,995,11.1,1,0,1,1,0,0,3,0,0.09,0.00,0.09,0.09,0.09,Matches,9c7f34ef
812,Kieran Wilson,,MFFW,Truro City FC,,,7,3,247,2.7,2,0,2,2,0,0,0,0,0.73,0.00,0.73,0.73,0.73,Matches,216a453b
813,George Wind,eng ENG,MF,Southend United,22,2002,2,2,140,1.6,0,0,0,0,0,0,0,0,0.00,0.00,0.00,0.00,0.00,Matches,b2cb71e5
814,Ben Winterbottom,eng ENG,GK,Rochdale,24,2001,2,2,180,2.0,0,0,0,0,0,0,0,0,0.00,0.00,0.00,0.00,0.00,Matches,ad6fb9eb
815,Ben Wodskou,eng ENG,FWMF,Brackley Town,18,2006,21,16,1183,13.1,4,0,4,4,0,0,2,0,0.30,0.00,0.30,0.30,0.30,Matches,bce85734
816,Ben Wodskou,eng ENG,FW,Yeovil Town,18,2006,9,1,243,2.7,1,0,1,1,0,0,0,0,0.37,0.00,0.37,0.37,0.37,Matches,bce85734
817,Andrew Wogan,ie IRL,GK,Boston United,19,2005,6,6,540,6.0,0,0,0,0,0,0,1,0,0.00,0.00,0.00,0.00,0.00,Matches,4210b23e
818,Deon Woodman,ke KEN,DF,Wealdstone FC,22,2002,40,39,3488,38.8,2,2,4,2,0,0,6,0,0.05,0.05,0.10,0.05,0.10,Matches,16cf322d
819,Alex Woodyard,eng ENG,MF,Sutton United,32,1993,4,2,161,1.8,0,0,0,0,0,0,0,0,0.00,0.00,0.00,0.00,0.00,Matches,f9daf48b
820,Terrell Works,eng ENG,MF,Braintree Town,20,2004,15,14,1121,12.5,4,1,5,4,0,0,1,0,0.32,0.08,0.40,0.32,0.40,Matches,fc7dfdcf
821,Terrell Works,eng ENG,FW,Yeovil Town,20,2004,15,11,898,10.0,4,3,7,4,0,0,2,0,0.40,0.30,0.70,0.40,0.70,Matches,fc7dfdcf
822,Ben Worman,eng ENG,MFFW,Solihull Moors,23,2001,44,34,2790,31.0,0,11,11,0,0,0,4,1,0.00,0.35,0.35,0.00,0.35,Matches,17f33c4d
823,Max Wright,eng ENG,MFDF,FC Halifax Town,27,1998,7,2,222,2.5,0,0,0,0,0,0,1,0,0.00,0.00,0.00,0.00,0.00,Matches,99dd3022
824,Oscar Wright,,FW,Morecambe,,,3,1,96,1.1,0,0,0,0,0,0,0,0,0.00,0.00,0.00,0.00,0.00,Matches,f7e269ba
825,Charlie Wyke,eng ENG,FW,Carlisle United,32,1992,8,0,104,1.2,0,0,0,0,0,0,1,0,0.00,0.00,0.00,0.00,0.00,Matches,c205e165
826,Ephraim Yeboah,gh GHA,MF,Carlisle United,19,2006,6,1,151,1.7,0,0,0,0,0,0,0,0,0.00,0.00,0.00,0.00,0.00,Matches,0aa37dc2
827,Nathan Young-Coombes,eng ENG,FW,Wealdstone FC,22,2003,4,0,65,0.7,0,0,0,0,0,0,0,0,0.00,0.00,0.00,0.00,0.00,Matches,f9682888