,,,,,,,Playing Time,Playing Time,Playing Time,Playing Time,Performance,Performance,Performance,Performance,Performance,Performance,Performance,Performance,Per 90 Minutes,Per 90 Minutes,Per 90 Minutes,Per 90 Minutes,Per 90 Minutes,,-additional
Rk,Player,Nation,Pos,Squad,Age,Born,MP,Starts,Min,90s,Gls,Ast,G+A,G-PK,PK,PKatt,CrdY,CrdR,Gls,Ast,G+A,G-PK,G+A-PK,Matches,-9999
1,George Abbott,eng ENG,MFDF,Tottenham,17,2005,12,9,852,9.5,2,1,3,2,0,0,2,0,0.21,0.11,0.32,0.21,0.32,Matches,56628958
2,Zach Abbott,eng ENG,DFMF,Nottingham,17,2006,20,20,1800,20.0,1,0,1,1,0,0,4,0,0.05,0.00,0.05,0.05,0.05,Matches,c103921a
3,Hamid Abdul-Salam,SUD,MFDF,Reading FC,19,2003,10,5,549,6.1,0,0,0,0,0,0,3,0,0.00,0.00,0.00,0.00,0.00,Matches,d85252e3
4,Ken Aboh,eng ENG,FW,Norwich City,18,2004,15,14,1228,13.6,11,0,11,8,3,3,3,0,0.81,0.00,0.81,0.59,0.59,Matches,282cee33
5,Kelvin Abrefa,eng ENG,DF,Reading FC,19,2003,8,6,575,6.4,0,0,0,0,0,0,3,0,0.00,0.00,0.00,0.00,0.00,Matches,ceabce33
6,Derrick Abu,eng ENG,DFMF,Southampton,19,2003,11,10,813,9.0,0,1,1,0,0,0,2,0,0.00,0.11,0.11,0.00,0.11,Matches,a6f0688b
7,Joshua Acheampong,eng ENG,MF,Chelsea,17,2006,3,1,126,1.4,0,0,0,0,0,0,0,0,0.00,0.00,0.00,0.00,0.00,Matches,b7e62e1d
8,Josh Adam,sct SCO,MFFW,Manchester City,19,2004,16,12,1083,12.0,2,1,3,2,0,0,2,0,0.17,0.08,0.25,0.17,0.25,Matches,6ab21101
9,Tayo Adaramola,ie IRL,DF,Crystal Palace,19,2003,4,3,298,3.3,0,1,1,0,0,0,0,0,0.00,0.30,0.30,0.00,0.30,Matches,c150b220
10,Emmanuel Adegboyega,ie IRL,DF,Norwich City,19,2003,9,8,765,8.5,2,0,2,2,0,0,1,0,0.24,0.00,0.24,0.24,0.24,Matches,45dde494
11,Dean Adekoya,eng ENG,FW,Stoke City,17,2006,1,0,30,0.3,0,0,0,0,0,0,0,0,0.00,0.00,0.00,0.00,0.00,Matches,ff060d9f
12,Emeka Adiele,,MF,West Ham,,,2,1,126,1.4,0,0,0,0,0,0,1,0,0.00,0.00,0.00,0.00,0.00,Matches,fb28e0ea
13,Mohamed Adli,jo JOR,GK,Southampton,18,2004,6,6,540,6.0,0,0,0,0,0,0,0,0,0.00,0.00,0.00,0.00,0.00,Matches,ce178e4c
14,Chisom Afoka,eng ENG,MFFW,Aston Villa,19,2003,13,6,562,6.2,0,0,0,0,0,0,0,0,0.00,0.00,0.00,0.00,0.00,Matches,515507a7
15,Asher Agbinone,eng ENG,MF,Crystal Palace,17,2005,2,0,46,0.5,0,0,0,0,0,0,0,0,0.00,0.00,0.00,0.00,0.00,Matches,6a10efb3
16,Brandon Aguilera,cr CRC,FWMF,Nottingham,20,2003,7,7,573,6.4,3,1,4,3,0,0,1,0,0.47,0.16,0.63,0.47,0.63,Matches,938fa024
17,Terrell Agyemang,eng ENG,MFDF,Middlesbrough,20,2002,9,9,718,8.0,0,2,2,0,0,0,1,0,0.00,0.25,0.25,0.00,0.25,Matches,3f7700d8
18,Joshua Ajala,eng ENG,FW,West Ham,16,2006,4,0,30,0.3,0,0,0,0,0,0,0,0,0.00,0.00,0.00,0.00,0.00,Matches,1efb5369
19,Oyindamola Ajayi,eng ENG,MF,Tottenham,17,2005,6,4,388,4.3,3,2,5,3,0,0,1,0,0.70,0.46,1.16,0.70,1.16,Matches,d3a6f5a3
20,Adrian Akande,ng NGA,MF,Reading FC,19,2003,14,14,1210,13.4,3,6,9,3,0,0,2,0,0.22,0.45,0.67,0.22,0.67,Matches,981c64ea
21,Yusuf Akhamrich,eng ENG,MFDF,Tottenham,17,2005,2,1,85,0.9,0,0,0,0,0,0,0,0,0.00,0.00,0.00,0.00,0.00,Matches,e19dc888
22,Victor Akinwale,eng ENG,MFFW,Crystal Palace,18,2004,13,6,547,6.1,0,0,0,0,0,0,3,0,0.00,0.00,0.00,0.00,0.00,Matches,e47e2386
23,Zane Albarus,eng ENG,MF,Brighton,17,2005,3,0,27,0.3,0,0,0,0,0,0,0,0,0.00,0.00,0.00,0.00,0.00,Matches,128c81a4
24,Todd Alcock,eng ENG,MF,Aston Villa,18,2004,16,15,1290,14.3,0,4,4,0,0,0,3,0,0.00,0.28,0.28,0.00,0.28,Matches,8c66b157
25,Ajibola Alese,eng ENG,DF,Sunderland,22,2001,2,1,135,1.5,0,0,0,0,0,0,0,0,0.00,0.00,0.00,0.00,0.00,Matches,182a8b9d
26,Kyle Alex John,eng ENG,DFFW,Everton,22,2001,15,13,1088,12.1,0,1,1,0,0,0,1,0,0.00,0.08,0.08,0.00,0.08,Matches,c9093a1a
27,Farid Alfa-Ruprecht,de GER,MF,Manchester City,17,2006,4,0,114,1.3,1,0,1,1,0,0,0,0,0.79,0.00,0.79,0.79,0.79,Matches,5f3abfe6
28,Mirsad Ali,eng ENG,DFMF,Leicester City,17,2006,12,7,597,6.6,0,1,1,0,0,0,1,0,0.00,0.15,0.15,0.00,0.15,Matches,7c79cc59
29,Sonny Aljofree,eng ENG,DF,Manchester Utd,18,2004,19,19,1701,18.9,0,1,1,0,0,0,4,1,0.00,0.05,0.05,0.00,0.05,Matches,bd44b52f
30,Charlie Allen,nir NIR,MFFW,Leeds United,19,2003,11,11,888,9.9,3,2,5,3,0,0,5,0,0.30,0.20,0.51,0.30,0.51,Matches,30841b9b
31,Cruz Allen,wls WAL,MF,Derby County,16,2007,9,6,612,6.8,3,0,3,3,0,0,0,0,0.44,0.00,0.44,0.44,0.44,Matches,7a5b542a
32,Max Alleyne,eng ENG,DFMF,Manchester City,18,2005,11,10,896,10.0,0,0,0,0,0,0,3,0,0.00,0.00,0.00,0.00,0.00,Matches,defcfd32
33,Olabade Aluko,,DF,Leicester City,,,1,1,90,1.0,0,0,0,0,0,0,0,0,0.00,0.00,0.00,0.00,0.00,Matches,12bb637a
34,Will Alves,eng ENG,MF,Leicester City,18,2005,5,5,369,4.1,2,2,4,2,0,0,0,0,0.49,0.49,0.98,0.49,0.98,Matches,39ef5a7b
35,Bobby Amartey,eng ENG,MFDF,Leicester City,17,2006,7,5,487,5.4,0,0,0,0,0,0,1,0,0.00,0.00,0.00,0.00,0.00,Matches,7e188f3d
36,Harry Amass,eng ENG,MFDF,Manchester Utd,16,2007,3,3,270,3.0,0,1,1,0,0,0,1,0,0.00,0.33,0.33,0.00,0.33,Matches,7b47100c
37,Samuel Amissah,eng ENG,DF,Fulham,16,2007,7,4,421,4.7,2,0,2,2,0,0,0,0,0.43,0.00,0.43,0.43,0.43,Matches,2835bfe1
38,Samuel Amo-Ameyaw,eng ENG,FW,Southampton,17,2006,12,12,1030,11.4,6,5,11,6,0,0,3,0,0.52,0.44,0.96,0.52,0.96,Matches,9eedf0e0
39,Freddie Anderson,eng ENG,DF,Stoke City,16,2006,9,6,587,6.5,0,0,0,0,0,0,1,0,0.00,0.00,0.00,0.00,0.00,Matches,27e95c19
40,William Andiyapan,wls WAL,DF,Tottenham,18,2005,2,1,92,1.0,0,0,0,0,0,0,0,0,0.00,0.00,0.00,0.00,0.00,Matches,1b68c553
41,Jamie Andrews,eng ENG,MF,West Brom,20,2002,2,2,180,2.0,2,0,2,2,0,0,0,0,1.00,0.00,1.00,1.00,1.00,Matches,cbb8faac
42,Joseph Andrews,wls WAL,MF,Southampton,17,2006,1,0,10,0.1,0,0,0,0,0,0,0,0,0.00,0.00,0.00,0.00,0.00,Matches,d0eec957
43,Danny Anijsko,eng ENG,MF,Nottingham,17,2006,2,0,52,0.6,0,0,0,0,0,0,0,0,0.00,0.00,0.00,0.00,0.00,Matches,997f9101
44,Caleb Ansen,eng ENG,GK,Norwich City,17,2005,1,1,90,1.0,0,0,0,0,0,0,0,0,0.00,0.00,0.00,0.00,0.00,Matches,5be1a1f3
45,Genesis Antwi,se SWE,MF,Chelsea,16,2007,2,1,63,0.7,0,1,1,0,0,0,0,0,0.00,1.43,1.43,0.00,1.43,Matches,aaa96db5
46,Adil Aouchiche,dz ALG,MF,Sunderland,21,2002,2,2,114,1.3,1,0,1,1,0,0,0,0,0.79,0.00,0.79,0.79,0.79,Matches,b94b8be1
47,Paul Appiah,eng ENG,DF,Leicester City,20,2002,3,3,216,2.4,0,0,0,0,0,0,0,1,0.00,0.00,0.00,0.00,0.00,Matches,3f40559b
48,Keenan Appiah-Forson,eng ENG,MF,West Ham,21,2001,4,0,71,0.8,0,0,0,0,0,0,0,0,0.00,0.00,0.00,0.00,0.00,Matches,270c700c
49,Matthew Apter,eng ENG,MF,Everton,17,2005,5,3,277,3.1,0,0,0,0,0,0,3,0,0.00,0.00,0.00,0.00,0.00,Matches,d79005ff
50,Harvey Araujo,,DF,Fulham,,,18,16,1384,15.4,0,1,1,0,0,0,7,0,0.00,0.07,0.07,0.00,0.07,Matches,eeda6489
51,Daniel Armer,sct SCO,DF,Manchester Utd,15,2007,1,0,2,0.0,0,0,0,0,0,0,0,0,0.00,0.00,0.00,0.00,0.00,Matches,f94abf1b
52,Will Armitage,eng ENG,DF,Southampton,18,2005,9,8,697,7.7,0,1,1,0,0,0,0,0,0.00,0.13,0.13,0.00,0.13,Matches,08d45bf7
53,Harrison Armstrong,eng ENG,FWMF,Everton,16,2007,9,5,490,5.4,1,0,1,1,0,0,0,0,0.18,0.00,0.18,0.18,0.18,Matches,de59e609
54,Tyrell Ashcroft,eng ENG,DF,Tottenham,19,2004,20,17,1473,16.4,1,0,1,1,0,0,0,0,0.06,0.00,0.06,0.06,0.06,Matches,c7675488
55,Finlay Ashworth,wls WAL,MF,Wolves,17,2005,3,1,114,1.3,0,0,0,0,0,0,0,0,0.00,0.00,0.00,0.00,0.00,Matches,3d19acc8
56,Ryan Astley,wls WAL,DFMF,Everton,21,2001,9,9,748,8.3,0,0,0,0,0,0,2,1,0.00,0.00,0.00,0.00,0.00,Matches,0eb884e1
57,Tom Atcheson,nir NIR,DFMF,Blackburn,16,2006,14,14,1134,12.6,1,1,2,1,0,0,0,0,0.08,0.08,0.16,0.08,0.16,Matches,1dd307a6
58,Bigo Atom,de GER,DFMF,Brighton,18,2005,12,9,775,8.6,0,1,1,0,0,0,3,1,0.00,0.12,0.12,0.00,0.12,Matches,966f64a3
59,Caelan Avenall,eng ENG,DF,Fulham,18,2004,4,2,138,1.5,0,0,0,0,0,0,0,0,0.00,0.00,0.00,0.00,0.00,Matches,1bc578be
60,Zach Awe,eng ENG,DF,Southampton,19,2004,17,16,1386,15.4,1,0,1,1,0,0,6,0,0.06,0.00,0.06,0.06,0.06,Matches,7a0ae4f0
61,Yasin Ayari,se SWE,MF,Blackburn,19,2003,1,1,55,0.6,0,0,0,0,0,0,0,0,0.00,0.00,0.00,0.00,0.00,Matches,f173303a
62,Alvin Ayman,,DF,Wolves,,,2,0,12,0.1,0,0,0,0,0,0,1,0,0.00,0.00,0.00,0.00,0.00,Matches,0ef5036a
63,Miguel Azeez,eng ENG,MF,Arsenal,20,2002,2,0,66,0.7,0,0,0,0,0,0,1,0,0.00,0.00,0.00,0.00,0.00,Matches,660e71be
64,Luke Badley-Morgan,jm JAM,DF,Stoke City,19,2003,3,1,168,1.9,0,0,0,0,0,0,0,0,0.00,0.00,0.00,0.00,0.00,Matches,fd2b7b25
65,Oliver Bainbridge,eng ENG,DF,Sunderland,18,2005,16,13,1242,13.8,1,3,4,1,0,0,3,0,0.07,0.22,0.29,0.07,0.29,Matches,f4bbe2ed
66,Stefan Bajcetic,es ESP,MF,Liverpool,18,2004,3,2,137,1.5,0,1,1,0,0,0,0,0,0.00,0.66,0.66,0.00,0.66,Matches,32e8417f
67,Lewis Baker,eng ENG,MF,Stoke City,28,1995,1,1,90,1.0,0,1,1,0,0,0,0,0,0.00,1.00,1.00,0.00,1.00,Matches,1b278bf5
68,Matthew Baker,wls WAL,DF,Stoke City,20,2003,1,1,45,0.5,0,0,0,0,0,0,0,0,0.00,0.00,0.00,0.00,0.00,Matches,2506b716
69,Dominic Ballard,eng ENG,FW,Southampton,18,2005,3,3,240,2.7,6,0,6,5,1,1,0,0,2.25,0.00,2.25,1.87,1.87,Matches,ed8d597c
70,Jayden Barber,eng ENG,DF,Aston Villa,18,2005,2,1,116,1.3,0,0,0,0,0,0,0,0,0.00,0.00,0.00,0.00,0.00,Matches,217455f4
71,Max Bardell,eng ENG,DF,Derby County,20,2002,6,5,351,3.9,0,1,1,0,0,0,3,0,0.00,0.26,0.26,0.00,0.26,Matches,c683914c
72,Daniel Barden,wls WAL,GK,Norwich City,22,2001,4,4,297,3.3,0,0,0,0,0,0,0,0,0.00,0.00,0.00,0.00,0.00,Matches,f670e314
73,Owen Barker,eng ENG,MF,Everton,18,2005,3,0,78,0.9,0,0,0,0,0,0,1,0,0.00,0.00,0.00,0.00,0.00,Matches,67156ae3
74,Mikell Barnes,eng ENG,MF,Aston Villa,18,2004,6,4,397,4.4,0,0,0,0,0,0,1,0,0.00,0.00,0.00,0.00,0.00,Matches,a321179f
75,Ty Barnett,eng ENG,MF,Wolves,18,2005,9,8,648,7.2,3,2,5,3,0,0,0,0,0.42,0.28,0.69,0.42,0.69,Matches,c68c6838
76,Fraser Barnsley,nir NIR,GK,Everton,18,2004,8,8,720,8.0,0,0,0,0,0,0,0,0,0.00,0.00,0.00,0.00,0.00,Matches,794b7bf9
77,Joseph Barough,eng ENG,FW,Reading FC,17,2006,2,0,50,0.6,0,0,0,0,0,0,0,0,0.00,0.00,0.00,0.00,0.00,Matches,388012c7
78,Jack Barrett,eng ENG,GK,Everton,21,2002,3,3,270,3.0,0,0,0,0,0,0,0,0,0.00,0.00,0.00,0.00,0.00,Matches,6217792f
79,Luca Barrington,eng ENG,MFFW,Brighton,18,2004,17,15,1320,14.7,2,7,9,2,0,1,1,0,0.14,0.48,0.61,0.14,0.61,Matches,85d7679f
80,Ryan Bartley,eng ENG,DF,Derby County,19,2003,12,12,1063,11.8,2,0,2,2,0,0,1,0,0.17,0.00,0.17,0.17,0.17,Matches,b381ce3d
81,Lewis Bate,eng ENG,MF,Leeds United,20,2002,5,5,450,5.0,0,0,0,0,0,0,2,0,0.00,0.00,0.00,0.00,0.00,Matches,cd4256d3
82,Callum Bates,eng ENG,MF,Everton,17,2005,6,1,220,2.4,0,0,0,0,0,0,0,0,0.00,0.00,0.00,0.00,0.00,Matches,b2010f35
83,Jack Bates,eng ENG,MF,Derby County,19,2003,5,0,101,1.1,0,0,0,0,0,0,1,0,0.00,0.00,0.00,0.00,0.00,Matches,06167292
84,Danny Batth,eng ENG,DF,Norwich City,32,1990,2,2,165,1.8,0,0,0,0,0,0,1,0,0.00,0.00,0.00,0.00,0.00,Matches,f1d0fa63
85,Ryan Battrum,eng ENG,MF,West Ham,17,2005,5,2,182,2.0,0,0,0,0,0,0,1,0,0.00,0.00,0.00,0.00,0.00,Matches,1791f9a4
86,Jake Batty,eng ENG,MFDF,Blackburn,18,2005,10,10,765,8.5,1,1,2,1,0,0,1,0,0.12,0.12,0.24,0.12,0.24,Matches,79f29835
87,Zachary Baumann,ua UKR,MFDF,Manchester Utd,16,2007,5,5,373,4.1,1,0,1,1,0,0,0,0,0.24,0.00,0.24,0.24,0.24,Matches,7a361d1c
88,Eddie Beach,wls WAL,GK,Chelsea,19,2003,5,5,450,5.0,0,0,0,0,0,0,0,0,0.00,0.00,0.00,0.00,0.00,Matches,7cbd6d68
89,Boyd Beacroft,eng ENG,DF,Reading FC,20,2003,2,2,178,2.0,0,0,0,0,0,0,0,0,0.00,0.00,0.00,0.00,0.00,Matches,12b39eae
90,Ben Beals,eng ENG,DF,Middlesbrough,19,2003,3,2,148,1.6,0,0,0,0,0,0,1,0,0.00,0.00,0.00,0.00,0.00,Matches,653a8a85
91,Jacob Beaumont-Clark,eng ENG,FW,Everton,17,2005,3,1,130,1.4,0,0,0,0,0,0,0,0,0.00,0.00,0.00,0.00,0.00,Matches,16430796
92,Lewis Bell,eng ENG,MF,Blackburn,17,2005,1,0,15,0.2,0,0,0,0,0,0,0,0,0.00,0.00,0.00,0.00,0.00,Matches,381bff9c
93,Luke Bell,eng ENG,DF,Sunderland,17,2006,10,8,728,8.1,0,1,1,0,0,0,2,1,0.00,0.12,0.12,0.00,0.12,Matches,4b007307
94,Steven Benda,de GER,GK,Fulham,24,1998,1,1,90,1.0,0,0,0,0,0,0,0,0,0.00,0.00,0.00,0.00,0.00,Matches,caaa7fab
95,Lewys Benjamin,wls WAL,GK,Wolves,16,2006,1,1,90,1.0,0,0,0,0,0,0,0,0,0.00,0.00,0.00,0.00,0.00,Matches,41b36757
96,Omari Benjamin,wls WAL,FW,Arsenal,17,2005,1,0,12,0.1,0,0,0,0,0,0,1,0,0.00,0.00,0.00,0.00,0.00,Matches,eb4365e6
97,Omari Benjamin,wls WAL,FW,Everton,17,2005,1,1,73,0.8,1,0,1,1,0,0,0,0,1.23,0.00,1.23,1.23,1.23,Matches,eb4365e6
98,Rhys Bennett,eng ENG,DF,Manchester Utd,19,2003,9,9,750,8.3,0,0,0,0,0,0,3,0,0.00,0.00,0.00,0.00,0.00,Matches,e4588897
99,Jewison Bennette,cr CRC,MFFW,Sunderland,19,2004,5,5,434,4.8,1,2,3,1,0,0,0,0,0.21,0.41,0.62,0.21,0.62,Matches,58f5704e
100,Gabriele Biancheri,wls WAL,FW,Manchester Utd,16,2006,3,1,100,1.1,1,0,1,1,0,0,0,0,0.90,0.00,0.90,0.90,0.90,Matches,6e68626f
101,Giulian Biancone,fr FRA,DF,Nottingham,23,2000,1,1,61,0.7,0,0,0,0,0,0,0,0,0.00,0.00,0.00,0.00,0.00,Matches,de40e38c
102,Josh Bickerton,eng ENG,DF,Stoke City,17,2005,2,2,180,2.0,0,0,0,0,0,0,0,0,0.00,0.00,0.00,0.00,0.00,Matches,22c9900b
103,Bryant Bilongo,eng ENG,DFMF,Middlesbrough,21,2001,9,9,764,8.5,2,2,4,2,0,0,2,0,0.24,0.24,0.47,0.24,0.47,Matches,647ebdec
104,Tyler Bindon,nz NZL,DF,Reading FC,18,2005,1,1,78,0.9,0,0,0,0,0,0,1,0,0.00,0.00,0.00,0.00,0.00,Matches,3575e5eb
105,Dominik Biniek,pl POL,FW,Blackburn,18,2004,8,6,556,6.2,3,0,3,3,0,0,2,0,0.49,0.00,0.49,0.49,0.49,Matches,a4beb9c5
106,Harry Birtwistle,sg SIN,DFMF,Wolves,19,2003,12,11,979,10.9,0,1,1,0,0,0,3,0,0.00,0.09,0.09,0.00,0.09,Matches,a683726f
107,Nathan Bishop,eng ENG,GK,Sunderland,23,1999,4,4,360,4.0,0,0,0,0,0,0,0,0,0.00,0.00,0.00,0.00,0.00,Matches,bf713136
108,Leo Black,eng ENG,MF,Tottenham,17,2006,1,0,21,0.2,0,0,0,0,0,0,0,0,0.00,0.00,0.00,0.00,0.00,Matches,d7f02829
109,Harvey Blair,eng ENG,FW,Liverpool,19,2003,4,1,120,1.3,0,0,0,0,0,0,0,0,0.00,0.00,0.00,0.00,0.00,Matches,f6c16dd2
110,Thomas Bloxham,ie IRL,FWMF,Blackburn,18,2005,7,6,529,5.9,2,0,2,2,0,0,1,0,0.34,0.00,0.34,0.34,0.34,Matches,c27580c4
111,Benicio Boaitey,eng ENG,MFFW,Brighton,19,2004,10,7,546,6.1,0,0,0,0,0,0,1,0,0.00,0.00,0.00,0.00,0.00,Matches,4c5835e6
112,Kingsford Boakye,gh GHA,FW,Everton,18,2004,3,1,126,1.4,0,0,0,0,0,0,0,0,0.00,0.00,0.00,0.00,0.00,Matches,175bc3e4
113,Lamare Bogarde,nl NED,DFMF,Aston Villa,19,2004,8,8,697,7.7,0,1,1,0,0,0,5,1,0.00,0.13,0.13,0.00,0.13,Matches,bca5c4a7
114,Joe Boggan,,MF,Blackburn,,,1,0,20,0.2,0,0,0,0,0,0,0,0,0.00,0.00,0.00,0.00,0.00,Matches,08116e2e
115,Ma'kel Bogle-Campbell,eng ENG,MF,Fulham,17,2006,1,0,7,0.1,0,0,0,0,0,0,0,0,0.00,0.00,0.00,0.00,0.00,Matches,b42fc4b5
116,Somto Boniface,eng ENG,MF,Chelsea,17,2006,4,3,295,3.3,1,0,1,1,0,0,0,0,0.31,0.00,0.31,0.31,0.31,Matches,6115a18a
117,Zach Booth,us USA,FW,Leicester City,19,2004,2,1,115,1.3,2,0,2,2,0,0,0,0,1.57,0.00,1.57,1.57,1.57,Matches,7e47a132
118,Jacob Borgnis,eng ENG,MFDF,Reading FC,20,2003,14,6,665,7.4,0,0,0,0,0,0,0,0,0.00,0.00,0.00,0.00,0.00,Matches,eb4425b4
119,Aidan Borland,sct SCO,MF,Aston Villa,16,2007,14,12,1043,11.6,1,0,1,1,0,0,3,0,0.09,0.00,0.09,0.09,0.09,Matches,634c58a6
120,Alexander Borto,us USA,GK,Fulham,19,2003,7,7,630,7.0,0,0,0,0,0,0,0,0,0.00,0.00,0.00,0.00,0.00,Matches,85c20be9
121,Ollie Bostock,wls WAL,FWMF,West Brom,16,2007,12,7,714,7.9,0,2,2,0,0,0,0,0,0.00,0.25,0.25,0.00,0.25,Matches,52f8322e
122,Aaron Bott,eng ENG,GK,Nottingham,18,2004,12,12,1080,12.0,0,0,0,0,0,0,1,0,0.00,0.00,0.00,0.00,0.00,Matches,854521ca
123,Dean Bouzanis,au AUS,GK,Reading FC,32,1990,1,1,45,0.5,0,0,0,0,0,0,0,0,0.00,0.00,0.00,0.00,0.00,Matches,0248e806
124,Coniah Boyce-Clarke,jm JAM,GK,Reading FC,20,2003,8,8,720,8.0,0,0,0,0,0,0,1,0,0.00,0.00,0.00,0.00,0.00,Matches,94a01643
125,Cameron Bragg,eng ENG,MF,Southampton,18,2005,20,20,1764,19.6,2,1,3,1,1,1,4,0,0.10,0.05,0.15,0.05,0.10,Matches,a596a82a
126,Sammy Braybrooke,eng ENG,MFDF,Leicester City,19,2004,6,5,401,4.5,2,1,3,2,0,0,1,0,0.45,0.22,0.67,0.45,0.67,Matches,9f684e25
127,Joe Brayson,eng ENG,MF,Newcastle,16,2007,5,0,63,0.7,0,0,0,0,0,0,0,0,0.00,0.00,0.00,0.00,0.00,Matches,d97bba30
128,Kian Breckin,eng ENG,MF,Manchester City,19,2003,8,6,600,6.7,0,2,2,0,0,0,1,0,0.00,0.30,0.30,0.00,0.30,Matches,ce3ed70d
129,James Bree,eng ENG,DF,Southampton,25,1997,1,1,45,0.5,0,0,0,0,0,0,0,0,0.00,0.00,0.00,0.00,0.00,Matches,c07b7c5c
130,AJ Bridge,eng ENG,MFDF,Middlesbrough,18,2005,18,15,1267,14.1,1,1,2,1,0,0,6,0,0.07,0.07,0.14,0.07,0.14,Matches,76f24ab5
131,Joshua Briggs,nir NIR,DF,West Ham,17,2006,3,0,49,0.5,0,0,0,0,0,0,0,0,0.00,0.00,0.00,0.00,0.00,Matches,880979fb
132,Logan Briggs,eng ENG,FW,Leicester City,18,2005,2,1,123,1.4,0,1,1,0,0,0,0,0,0.00,0.73,0.73,0.00,0.73,Matches,2dd26f66
133,Logan Briggs,sct SCO,MFFW,Leicester City,18,2005,11,6,625,6.9,1,1,2,1,0,0,1,0,0.14,0.14,0.29,0.14,0.29,Matches,48e141b2
134,Benjamin Broggio,eng ENG,MFFW,Aston Villa,16,2007,6,2,256,2.8,1,0,1,1,0,0,1,0,0.35,0.00,0.35,0.35,0.35,Matches,cdf9e86a
135,Will Brook,eng ENG,GK,Nottingham,19,2003,4,4,360,4.0,0,0,0,0,0,0,0,0,0.00,0.00,0.00,0.00,0.00,Matches,b75fd27e
136,Harry Brooke,eng ENG,MF,Norwich City,19,2004,13,11,908,10.1,0,3,3,0,0,0,2,0,0.00,0.30,0.30,0.00,0.30,Matches,6b4c1067
137,Joshua Brooking,eng ENG,DF,Chelsea,20,2002,3,3,270,3.0,1,1,2,1,0,0,1,0,0.33,0.33,0.67,0.33,0.67,Matches,330f638c
138,Alfie Brooks,rs SRB,GK,Stoke City,19,2003,4,4,360,4.0,0,0,0,0,0,0,0,0,0.00,0.00,0.00,0.00,0.00,Matches,aaf61e0d
139,Dajaune Brown,jm JAM,FW,Derby County,17,2005,9,9,740,8.2,6,1,7,6,0,0,1,0,0.73,0.12,0.85,0.73,0.85,Matches,b4d24801
140,Luis Brown,eng ENG,DF,Arsenal,17,2005,1,0,1,0.0,0,0,0,0,0,0,0,0,0.00,0.00,0.00,0.00,0.00,Matches,5b2a7c84
141,Will Brown,eng ENG,GK,Newcastle,21,2002,7,6,541,6.0,0,0,0,0,0,0,0,0,0.00,0.00,0.00,0.00,0.00,Matches,446d217d
142,Brandon Bryan-Waugh,eng ENG,DF,Reading FC,18,2004,2,0,19,0.2,0,0,0,0,0,0,0,0,0.00,0.00,0.00,0.00,0.00,Matches,553b6754
143,Santiago Bueno,uy URU,DF,Wolves,24,1998,1,1,90,1.0,0,0,0,0,0,0,0,0,0.00,0.00,0.00,0.00,0.00,Matches,edc98fac
144,Ajani Burchall,bm BER,FW,Aston Villa,18,2004,1,0,32,0.4,0,0,0,0,0,0,0,0,0.00,0.00,0.00,0.00,0.00,Matches,914477e2
145,Marshall Burke,eng ENG,MFDF,Sunderland,18,2005,15,12,1038,11.5,1,0,1,1,0,0,5,0,0.09,0.00,0.09,0.09,0.09,Matches,e7086088
146,Mason Burstow,eng ENG,MFFW,Sunderland,19,2003,2,2,180,2.0,0,0,0,0,0,0,0,0,0.00,0.00,0.00,0.00,0.00,Matches,dab84ad2
147,Jack Butler,eng ENG,DFFW,Everton,17,2005,7,5,468,5.2,0,0,0,0,0,0,1,0,0.00,0.00,0.00,0.00,0.00,Matches,0ee944d1
148,Nathan Butler-Oyedeji,eng ENG,FW,Arsenal,20,2003,12,11,974,10.8,3,1,4,3,0,0,1,0,0.28,0.09,0.37,0.28,0.37,Matches,3a686640
149,Luke Butterfield,sct SCO,MFFW,Everton,19,2003,7,7,470,5.2,0,0,0,0,0,0,0,0,0.00,0.00,0.00,0.00,0.00,Matches,ffdb1087
150,Jack Bycroft,eng ENG,GK,Southampton,21,2001,1,1,90,1.0,0,0,0,0,0,0,0,0,0.00,0.00,0.00,0.00,0.00,Matches,c4d5db08
151,Reece Byrne,ie IRL,GK,Newcastle,18,2004,2,2,180,2.0,0,0,0,0,0,0,0,0,0.00,0.00,0.00,0.00,0.00,Matches,521cf1fd
152,Adam Caddick,eng ENG,MFDF,Blackburn,18,2004,10,7,556,6.2,0,1,1,0,0,0,2,0,0.00,0.16,0.16,0.00,0.16,Matches,8dfdc59c
153,Killian Cahill,ie IRL,GK,Brighton,19,2003,12,12,1080,12.0,0,0,0,0,0,0,0,0,0.00,0.00,0.00,0.00,0.00,Matches,4352b7be
154,Mamadi Camará,gw GNB,MF,Reading FC,19,2003,5,5,354,3.9,0,1,1,0,0,0,0,0,0.00,0.25,0.25,0.00,0.25,Matches,cb8564f8
155,Daniel Cameron,eng ENG,GK,Sunderland,18,2004,2,2,180,2.0,0,0,0,0,0,0,0,0,0.00,0.00,0.00,0.00,0.00,Matches,1b7ecf68
156,Chem Campbell,wls WAL,MF,Wolves,20,2002,2,2,180,2.0,0,0,0,0,0,0,1,0,0.00,0.00,0.00,0.00,0.00,Matches,6f711f67
157,Elijah Campbell,eng ENG,DF,Everton,18,2004,6,6,540,6.0,0,0,0,0,0,0,0,0,0.00,0.00,0.00,0.00,0.00,Matches,48ba3f58
158,Tyrese Campbell,eng ENG,MF,Stoke City,23,1999,2,2,135,1.5,0,2,2,0,0,0,1,0,0.00,1.33,1.33,0.00,1.33,Matches,38aefb74
159,Ted Cann,eng ENG,GK,West Brom,22,2000,4,4,360,4.0,0,0,0,0,0,0,0,0,0.00,0.00,0.00,0.00,0.00,Matches,f738734d
160,Oakley Cannonier,eng ENG,FW,Liverpool,19,2004,5,3,225,2.5,0,0,0,0,0,0,1,0,0.00,0.00,0.00,0.00,0.00,Matches,70fed764
161,Rio Cardines,tt TRI,MF,Crystal Palace,17,2006,2,1,115,1.3,0,0,0,0,0,0,0,0,0.00,0.00,0.00,0.00,0.00,Matches,702812fe
162,Nathan Carlyon,eng ENG,MFDF,Newcastle,20,2002,9,8,684,7.6,1,0,1,1,0,0,3,1,0.13,0.00,0.13,0.13,0.13,Matches,57328802
163,Keenan Carole,fr FRA,MFFW,Leeds United,18,2004,9,3,368,4.1,0,0,0,0,0,0,1,0,0.00,0.00,0.00,0.00,0.00,Matches,94a4b688
164,Ezra Carrington,eng ENG,DF,Manchester City,17,2005,1,1,90,1.0,0,0,0,0,0,0,0,0,0.00,0.00,0.00,0.00,0.00,Matches,2c5633c5
165,Matthew Carson,eng ENG,DF,Reading FC,20,2002,10,9,717,8.0,2,1,3,1,1,1,4,0,0.25,0.13,0.38,0.13,0.25,Matches,a6993801
166,Matthew Carson,nir NIR,DFMF,Southampton,19,2004,5,3,362,4.0,0,0,0,0,0,0,0,0,0.00,0.00,0.00,0.00,0.00,Matches,ad617b5e
167,Henry Cartwright,eng ENG,MFDF,Leicester City,18,2004,16,13,1231,13.7,1,0,1,0,1,1,0,0,0.07,0.00,0.07,0.00,0.00,Matches,0b6dfc4f
168,Kaelan Casey,eng ENG,DF,West Ham,18,2004,18,18,1557,17.3,2,0,2,2,0,0,4,0,0.12,0.00,0.12,0.12,0.12,Matches,cd4b2c5f
169,Dante Cassanova,jm JAM,DFMF,Tottenham,19,2004,15,10,921,10.2,0,0,0,0,0,0,0,0,0.00,0.00,0.00,0.00,0.00,Matches,0b8373bb
170,Leo Castledine,eng ENG,MFFW,Chelsea,17,2005,18,16,1426,15.8,10,8,18,9,1,2,5,0,0.63,0.50,1.14,0.57,1.07,Matches,1c86192d
171,Joel Castro Pereira,pt POR,GK,Reading FC,27,1996,1,1,90,1.0,0,0,0,0,0,0,0,0,0.00,0.00,0.00,0.00,0.00,Matches,881e5db7
172,Joel Catesby,,FW,Everton,,,2,0,30,0.3,0,0,0,0,0,0,0,0,0.00,0.00,0.00,0.00,0.00,Matches,f7b6d374
173,Rhys Chadwick-Chaplin,eng ENG,MF,Leeds United,16,2007,8,5,506,5.6,0,0,0,0,0,0,1,0,0.00,0.00,0.00,0.00,0.00,Matches,1fb22c14
174,Oliver Challinor,eng ENG,FW,Stoke City,17,2006,1,0,15,0.2,0,0,0,0,0,0,0,0,0.00,0.00,0.00,0.00,0.00,Matches,999e3ac5
175,Nathaniel Chalobah,eng ENG,MF,West Brom,28,1994,1,1,45,0.5,0,0,0,0,0,0,0,0,0.00,0.00,0.00,0.00,0.00,Matches,422862ea
176,Luke Chambers,eng ENG,DF,Liverpool,19,2004,7,7,630,7.0,0,0,0,0,0,0,1,0,0.00,0.00,0.00,0.00,0.00,Matches,7d6af698
177,Samuel Chambers,eng ENG,MF,Leeds United,15,2007,8,7,564,6.3,1,2,3,1,0,0,4,0,0.16,0.32,0.48,0.16,0.48,Matches,30b33655
178,Archie Chaplin,eng ENG,DF,Tottenham,17,2005,1,0,45,0.5,0,0,0,0,0,0,1,0,0.00,0.00,0.00,0.00,0.00,Matches,8b366d58
179,Dylan Charlton,eng ENG,DF,Newcastle,17,2006,11,10,856,9.5,0,0,0,0,0,0,0,0,0.00,0.00,0.00,0.00,0.00,Matches,7d0f679f
180,Daniel Chesters,eng ENG,MFFW,West Ham,21,2002,9,7,670,7.4,0,3,3,0,0,0,1,0,0.00,0.40,0.40,0.00,0.40,Matches,240c8ab6
181,Tom Chiabi,eng ENG,MFDF,Sunderland,20,2003,15,6,723,8.0,2,0,2,2,0,0,1,0,0.25,0.00,0.25,0.25,0.25,Matches,f28e66e1
182,Kelechi Chibueze,eng ENG,GK,Sunderland,19,2003,1,1,90,1.0,0,0,0,0,0,0,0,0,0.00,0.00,0.00,0.00,0.00,Matches,3ee7d472
183,Jeremiah Chilokoa-Mullen,sct SCO,DF,Leeds United,19,2004,9,8,732,8.1,0,0,0,0,0,0,4,0,0.00,0.00,0.00,0.00,0.00,Matches,3b57a494
184,Tawanda Chirewa,zw ZIM,MF,Wolves,19,2003,7,7,592,6.6,5,0,5,4,1,1,3,0,0.76,0.00,0.76,0.61,0.61,Matches,34721c11
185,Leon Chiwome,eng ENG,FW,Wolves,17,2006,9,7,597,6.6,3,2,5,3,0,0,0,0,0.45,0.30,0.75,0.45,0.75,Matches,a2852b4f
186,Samy Chouchane,tn TUN,MF,Brighton,19,2003,17,16,1457,16.2,3,3,6,3,0,0,1,0,0.19,0.19,0.37,0.19,0.37,Matches,6c1ebbc8
187,Benjamin Chrisene,eng ENG,DF,Blackburn,19,2004,1,1,45,0.5,0,0,0,0,0,0,0,0,0.00,0.00,0.00,0.00,0.00,Matches,b17008fc
188,Benjamin Chrisene,eng ENG,DF,Aston Villa,19,2004,1,1,90,1.0,0,0,0,0,0,0,0,0,0.00,0.00,0.00,0.00,0.00,Matches,b17008fc
189,Harry Christy,eng ENG,GK,Leeds United,19,2003,8,8,672,7.5,0,0,0,0,0,0,1,0,0.00,0.00,0.00,0.00,0.00,Matches,e4cc3020
190,Lenni Cirino,ms MSR,MF,Blackburn,20,2003,1,1,80,0.9,0,1,1,0,0,0,0,0,0.00,1.13,1.13,0.00,1.13,Matches,b6eb4bc9
191,Ben Cisse,eng ENG,GK,West Brom,17,2005,7,7,630,7.0,0,0,0,0,0,0,0,0,0.00,0.00,0.00,0.00,0.00,Matches,df1eaf9d
192,Billie Clark,eng ENG,MFFW,Reading FC,19,2004,8,3,311,3.5,0,0,0,0,0,0,0,0,0.00,0.00,0.00,0.00,0.00,Matches,a98b5cae
193,Bobby Clark,eng ENG,MFFW,Liverpool,18,2005,11,10,913,10.1,2,4,6,2,0,0,4,0,0.20,0.39,0.59,0.20,0.59,Matches,73341ace
194,Ciaran Clark,ie IRL,DF,Stoke City,33,1989,3,3,200,2.2,1,0,1,1,0,0,0,0,0.45,0.00,0.45,0.45,0.45,Matches,2b91cf8e
195,Flynn Clarke,sct SCO,MF,Norwich City,22,2000,1,1,74,0.8,0,0,0,0,0,0,1,0,0.00,0.00,0.00,0.00,0.00,Matches,e0dd8dfe
196,Jahmari Clarke,jm JAM,FW,Reading FC,19,2003,6,2,229,2.5,1,1,2,1,0,1,0,0,0.39,0.39,0.79,0.39,0.79,Matches,ccb62b10
197,John Clarke,ie IRL,MFDF,Reading FC,19,2004,7,3,300,3.3,1,0,1,1,0,0,1,0,0.30,0.00,0.30,0.30,0.30,Matches,0c3df334
198,Matthew Clarke,eng ENG,DF,Middlesbrough,26,1996,2,2,153,1.7,0,0,0,0,0,0,0,0,0.00,0.00,0.00,0.00,0.00,Matches,8ea2227a
199,James Clarridge,eng ENG,DF,Nottingham,19,2004,1,0,33,0.4,0,0,0,0,0,0,1,0,0.00,0.00,0.00,0.00,0.00,Matches,f1eec5bd
200,Regan Clayton,eng ENG,MFDF,West Ham,18,2004,13,7,727,8.1,0,4,4,0,0,0,2,0,0.00,0.50,0.50,0.00,0.50,Matches,97855227
201,Reyes Cleary,eng ENG,MF,West Brom,19,2004,2,1,87,1.0,0,0,0,0,0,0,0,0,0.00,0.00,0.00,0.00,0.00,Matches,d8e563fb
202,Kenny Coker,eng ENG,FW,Norwich City,19,2003,9,0,90,1.0,0,0,0,0,0,0,0,0,0.00,0.00,0.00,0.00,0.00,Matches,17abca20
203,Cian Coleman,ie IRL,MFDF,Leeds United,18,2004,16,11,1111,12.3,1,0,1,1,0,0,3,0,0.08,0.00,0.08,0.08,0.08,Matches,f3e0b3c4
204,Séamus Coleman,ie IRL,DF,Everton,34,1988,1,1,45,0.5,0,0,0,0,0,0,0,0,0.00,0.00,0.00,0.00,0.00,Matches,0420d84f
205,Harvey Collins,eng ENG,GK,Reading FC,20,2002,9,8,763,8.5,0,0,0,0,0,0,1,0,0.00,0.00,0.00,0.00,0.00,Matches,536b2ace
206,Sam Collins,wls WAL,MF,Nottingham,19,2003,6,6,507,5.6,0,0,0,0,0,0,1,0,0.00,0.00,0.00,0.00,0.00,Matches,cd7d432b
207,Toby Collyer,eng ENG,MF,Manchester Utd,19,2004,9,7,703,7.8,0,1,1,0,0,0,1,0,0.00,0.13,0.13,0.00,0.13,Matches,4f9091bc
208,Shea Connor,eng ENG,GK,Middlesbrough,17,2005,11,11,990,11.0,0,0,0,0,0,0,0,0,0.00,0.00,0.00,0.00,0.00,Matches,500ed7a9
209,Mason Cotcher,eng ENG,MF,Leeds United,16,2006,1,1,45,0.5,0,0,0,0,0,0,0,0,0.00,0.00,0.00,0.00,0.00,Matches,1f0beaab
210,Frankie Coulson,,MF,Middlesbrough,,,1,0,15,0.2,0,0,0,0,0,0,0,0,0.00,0.00,0.00,0.00,0.00,Matches,1fd2ef91
211,Hayden Coulson,eng ENG,MF,Middlesbrough,25,1998,1,1,90,1.0,0,0,0,0,0,0,1,0,0.00,0.00,0.00,0.00,0.00,Matches,de83e2e0
212,Conor Coventry,ie IRL,MF,West Ham,23,2000,4,4,360,4.0,1,1,2,1,0,0,1,0,0.25,0.25,0.50,0.25,0.50,Matches,a5ca9127
213,Brandon Cover,jm JAM,DFMF,Leicester City,19,2003,20,20,1800,20.0,0,0,0,0,0,0,3,0,0.00,0.00,0.00,0.00,0.00,Matches,ceb3632f
214,Daniel Cox,wls WAL,DF,Derby County,17,2006,12,11,977,10.9,0,2,2,0,0,0,3,0,0.00,0.18,0.18,0.00,0.18,Matches,c05eb01e
215,Amario Cozier-Duberry,eng ENG,FWMF,Arsenal,18,2005,17,17,1528,17.0,9,5,14,7,2,4,0,0,0.53,0.29,0.82,0.41,0.71,Matches,04eb7d82
216,Matthew Craig,sct SCO,MF,Tottenham,20,2003,7,5,458,5.1,0,0,0,0,0,0,1,0,0.00,0.00,0.00,0.00,0.00,Matches,bc914523
217,Michael Craig,sct SCO,MF,Reading FC,20,2003,4,3,268,3.0,0,0,0,0,0,0,1,0,0.00,0.00,0.00,0.00,0.00,Matches,efa00ecf
218,Ellis Craven,eng ENG,GK,Norwich City,18,2004,7,5,513,5.7,0,0,0,0,0,0,2,0,0.00,0.00,0.00,0.00,0.00,Matches,259feedc
219,William Crellin,eng ENG,GK,Everton,23,2000,6,6,540,6.0,0,0,0,0,0,0,0,0,0.00,0.00,0.00,0.00,0.00,Matches,1a85a237
220,Alfie Cresswell,eng ENG,DF,Leeds United,16,2007,3,2,201,2.2,0,0,0,0,0,0,0,0,0.00,0.00,0.00,0.00,0.00,Matches,67cc36ba
221,Charlie Cresswell,eng ENG,DF,Leeds United,20,2002,2,2,180,2.0,0,0,0,0,0,0,0,0,0.00,0.00,0.00,0.00,0.00,Matches,4654e5f5
222,Charlie Crew,wls WAL,MF,Leeds United,17,2006,14,13,1085,12.1,0,1,1,0,0,0,3,0,0.00,0.08,0.08,0.00,0.08,Matches,e8392083
223,Ben Crompton,eng ENG,DF,Sunderland,19,2003,8,5,472,5.2,0,0,0,0,0,0,2,0,0.00,0.00,0.00,0.00,0.00,Matches,51d0587c
224,Kyle Crossley,eng ENG,FW,Newcastle,19,2004,15,7,690,7.7,7,0,7,7,0,0,1,0,0.91,0.00,0.91,0.91,0.91,Matches,e4b19161
225,Ted Curd,eng ENG,GK,Chelsea,17,2006,4,4,360,4.0,0,0,0,0,0,0,0,0,0.00,0.00,0.00,0.00,0.00,Matches,d9bd6f58
226,Tom Curl,eng ENG,DF,Stoke City,18,2004,13,10,1000,11.1,0,0,0,0,0,0,1,0,0.00,0.00,0.00,0.00,0.00,Matches,451a049e
227,Ruben Curley,eng ENG,MF,Manchester Utd,17,2005,9,7,524,5.8,1,2,3,1,0,0,0,0,0.17,0.34,0.52,0.17,0.52,Matches,e8fb9be7
228,Luciano D'Auria-Henry,eng ENG,DF,Fulham,20,2002,2,2,152,1.7,0,1,1,0,0,0,0,0,0.00,0.59,0.59,0.00,0.59,Matches,cb63eec9
229,Bradley Dack,eng ENG,MFFW,Sunderland,29,1993,3,3,202,2.2,1,1,2,1,0,0,0,0,0.45,0.45,0.89,0.45,0.89,Matches,542d4f02
230,Isaiah Dada-Mascoll,eng ENG,MF,Manchester City,17,2006,3,3,270,3.0,0,0,0,0,0,0,0,0,0.00,0.00,0.00,0.00,0.00,Matches,7edf54f7
231,Arnaut Danjuma,nl NED,MF,Everton,26,1997,1,1,90,1.0,0,0,0,0,0,0,0,0,0.00,0.00,0.00,0.00,0.00,Matches,f08490a6
232,Jayden Danns,eng ENG,FW,Liverpool,17,2006,7,7,563,6.3,3,2,5,3,0,0,0,0,0.48,0.32,0.80,0.48,0.80,Matches,003cf4d1
233,Matteo Dashi,al ALB,MF,Crystal Palace,16,2007,1,0,2,0.0,0,0,0,0,0,0,0,0,0.00,0.00,0.00,0.00,0.00,Matches,3496557c
234,Jayden Davidson,eng ENG,FW,Derby County,16,2006,2,0,75,0.8,1,0,1,1,0,0,0,0,1.20,0.00,1.20,1.20,1.20,Matches,7681bfe8
235,Josh Davidson,eng ENG,DFMF,Liverpool,17,2005,16,8,932,10.4,0,1,1,0,0,0,2,1,0.00,0.10,0.10,0.00,0.10,Matches,c9382cb6
236,Max Davies,,DF,Blackburn,,,7,5,500,5.6,0,0,0,0,0,0,0,0,0.00,0.00,0.00,0.00,0.00,Matches,204f1527
237,Sonnie Davis,eng ENG,DF,Southampton,18,2005,17,11,1157,12.9,3,3,6,3,0,0,1,0,0.23,0.23,0.47,0.23,0.47,Matches,5b51fcc9
238,Lucas De Bolle,eng ENG,MFFW,Newcastle,20,2002,8,5,517,5.7,0,0,0,0,0,0,2,1,0.00,0.00,0.00,0.00,0.00,Matches,430e09c0
239,Luc De Fougerolles,ca CAN,DF,Fulham,17,2005,11,11,918,10.2,0,0,0,0,0,0,2,0,0.00,0.00,0.00,0.00,0.00,Matches,45c427ff
240,James Debayo,eng ENG,DFMF,Leeds United,18,2005,13,8,742,8.2,1,0,1,1,0,0,1,0,0.12,0.00,0.12,0.12,0.12,Matches,3b9bf650
241,Cole Deeming,,MF,West Brom,,,7,4,404,4.5,1,0,1,1,0,0,1,0,0.22,0.00,0.22,0.22,0.22,Matches,c62af1ae
242,Dani van den Heuvel,nl NED,GK,Leeds United,20,2003,11,10,948,10.5,0,0,0,0,0,0,0,0,0.00,0.00,0.00,0.00,0.00,Matches,8952e826
243,Jacob Devaney,ie IRL,MF,Manchester Utd,16,2007,4,1,167,1.9,0,1,1,0,0,0,2,0,0.00,0.54,0.54,0.00,0.54,Matches,7bb853b2
244,Justin Devenny,nir NIR,MF,Crystal Palace,19,2003,14,12,1136,12.6,4,1,5,4,0,0,4,1,0.32,0.08,0.40,0.32,0.40,Matches,6c2b66fc
245,Alfie Devine,eng ENG,MF,Tottenham,18,2004,1,1,85,0.9,0,1,1,0,0,0,1,0,0.00,1.06,1.06,0.00,1.06,Matches,ba08056d
246,Amadou Diallo,eng ENG,FWMF,Newcastle,20,2003,18,18,1598,17.8,2,2,4,0,2,2,4,0,0.11,0.11,0.23,0.00,0.11,Matches,e31708b2
247,Matt Dibley-Dias,nz NZL,MF,Fulham,19,2004,12,10,857,9.5,2,3,5,2,0,1,4,0,0.21,0.32,0.53,0.21,0.53,Matches,979cb300
248,Tyler Dibling,eng ENG,MFFW,Southampton,17,2006,16,16,1401,15.6,4,3,7,4,0,0,3,0,0.26,0.19,0.45,0.26,0.45,Matches,bdcc89ae
249,Cuba Diboe,eng ENG,DF,Leeds United,18,2004,6,5,411,4.6,0,0,0,0,0,0,0,0,0.00,0.00,0.00,0.00,0.00,Matches,a6570e66
250,William Dickson,eng ENG,FWMF,Manchester City,18,2004,6,5,458,5.1,2,0,2,2,0,0,0,0,0.39,0.00,0.39,0.39,0.39,Matches,e4acebb3
251,Thomas Dickson-Peters,sct SCO,FW,Norwich City,20,2002,2,2,129,1.4,1,0,1,1,0,0,0,0,0.70,0.00,0.70,0.70,0.70,Matches,f119a610
252,Anfernee Dijksteel,sr SUR,DF,Middlesbrough,26,1996,1,1,45,0.5,0,0,0,0,0,0,0,0,0.00,0.00,0.00,0.00,0.00,Matches,1ecc03bc
253,Jaden Dixon,eng ENG,DF,Stoke City,16,2007,17,16,1463,16.3,0,0,0,0,0,0,5,1,0.00,0.00,0.00,0.00,0.00,Matches,437f821e
254,Roman Dixon,eng ENG,DF,Everton,18,2004,17,16,1485,16.5,0,1,1,0,0,0,1,0,0.00,0.06,0.06,0.00,0.06,Matches,6fba4dba
255,Ussumane Djaló,pt POR,MF,Southampton,18,2005,7,4,414,4.6,0,0,0,0,0,0,0,0,0.00,0.00,0.00,0.00,0.00,Matches,e3786b62
256,Halid Djankpata,tg TOG,MFFW,Everton,18,2005,17,10,982,10.9,1,0,1,1,0,0,10,0,0.09,0.00,0.09,0.09,0.09,Matches,34cdfe93
257,Uriah Djedje,eng ENG,MF,Norwich City,17,2006,5,4,284,3.2,0,0,0,0,0,0,2,0,0.00,0.00,0.00,0.00,0.00,Matches,47a43e82
258,Lewis Dobbin,eng ENG,MF,Everton,20,2003,2,2,147,1.6,1,0,1,1,0,0,0,0,0.61,0.00,0.61,0.61,0.61,Matches,e814e1cf
259,Rhys Doherty,eng ENG,DFMF,Blackburn,17,2005,11,5,560,6.2,0,0,0,0,0,0,1,0,0.00,0.00,0.00,0.00,0.00,Matches,b4477149
260,Trent Doherty,ie IRL,FWMF,Liverpool,17,2006,13,9,730,8.1,3,0,3,3,0,0,0,0,0.37,0.00,0.37,0.37,0.37,Matches,55f40df2
261,Jamie Donley,nir NIR,MF,Tottenham,18,2005,17,17,1475,16.4,5,10,15,4,1,1,5,0,0.31,0.61,0.92,0.24,0.85,Matches,5e4d9b48
262,Chris Donnell,au AUS,MFDF,Fulham,21,2001,11,6,675,7.5,1,0,1,1,0,0,0,0,0.13,0.00,0.13,0.13,0.13,Matches,5e5153f2
263,Julian Donnery,us USA,FW,Blackburn,18,2005,2,0,65,0.7,0,0,0,0,0,0,0,0,0.00,0.00,0.00,0.00,0.00,Matches,5e24c7e2
264,Alfie Dorrington,eng ENG,DF,Tottenham,18,2005,14,14,1213,13.5,0,1,1,0,0,0,3,0,0.00,0.07,0.07,0.00,0.07,Matches,ac1ef440
265,Jeriel Dorsett,ms MSR,DF,Reading FC,21,2002,6,6,475,5.3,1,0,1,1,0,0,2,0,0.19,0.00,0.19,0.19,0.19,Matches,7b40e8ae
266,Connor Douglas,eng ENG,MFFW,Leeds United,17,2005,9,7,590,6.6,2,0,2,2,0,0,3,0,0.31,0.00,0.31,0.31,0.31,Matches,6ba8e5b0
267,Alfie Doy,eng ENG,DF,Norwich City,17,2005,2,0,33,0.4,0,0,0,0,0,0,0,0,0.00,0.00,0.00,0.00,0.00,Matches,19ca4a02
268,Kami Doyle,eng ENG,MFFW,Brighton,17,2005,7,6,493,5.5,1,0,1,1,0,0,2,0,0.18,0.00,0.18,0.18,0.18,Matches,65983e4d
269,Kami Doyle,eng ENG,MFFW,Southampton,17,2005,4,4,360,4.0,3,2,5,3,0,0,0,0,0.75,0.50,1.25,0.75,1.25,Matches,65983e4d
270,Leke Drake,eng ENG,DF,Manchester City,15,2007,1,0,12,0.1,0,0,0,0,0,0,0,0,0.00,0.00,0.00,0.00,0.00,Matches,e8f8859b
271,Phillip Duah,gh GHA,DF,Reading FC,16,2006,1,0,20,0.2,0,0,0,0,0,0,0,0,0.00,0.00,0.00,0.00,0.00,Matches,556634ea
272,Harrison Dudziak,eng ENG,MF,Arsenal,17,2006,5,1,108,1.2,0,0,0,0,0,0,1,0,0.00,0.00,0.00,0.00,0.00,Matches,cba1d4cd
273,Josh Duffus,eng ENG,FWMF,Brighton,18,2005,14,7,692,7.7,2,3,5,2,0,0,3,0,0.26,0.39,0.65,0.26,0.65,Matches,6224214f
274,Joe Duffy,eng ENG,FW,Norwich City,19,2004,14,6,633,7.0,5,1,6,5,0,0,0,0,0.71,0.14,0.85,0.71,0.85,Matches,c4ad69f8
275,Leo Duru,eng ENG,MFDF,Blackburn,18,2005,18,17,1528,17.0,1,4,5,1,0,0,4,0,0.06,0.24,0.29,0.06,0.29,Matches,ca9e1a50
276,Kiano Dyer,eng ENG,MF,Chelsea,16,2006,12,12,1080,12.0,0,0,0,0,0,0,1,0,0.00,0.00,0.00,0.00,0.00,Matches,b43204f6
277,Frankie Ealing,eng ENG,DF,Aston Villa,19,2004,9,1,251,2.8,0,0,0,0,0,0,1,1,0.00,0.00,0.00,0.00,0.00,Matches,76047fda
278,George Earthy,eng ENG,MFFW,West Ham,18,2004,19,19,1590,17.7,9,7,16,9,0,1,3,0,0.51,0.40,0.91,0.51,0.91,Matches,123d2733
279,Jordan Eastham,eng ENG,GK,Blackburn,21,2001,5,5,450,5.0,0,0,0,0,0,0,0,0,0.00,0.00,0.00,0.00,0.00,Matches,06ac878b
280,Coby Ebere,de GER,MF,Everton,17,2005,1,0,11,0.1,0,0,0,0,0,0,0,0,0.00,0.00,0.00,0.00,0.00,Matches,61a42f10
281,Malcolm Ebiowei,eng ENG,MF,Crystal Palace,19,2003,4,3,259,2.9,0,2,2,0,0,0,1,0,0.00,0.69,0.69,0.00,0.69,Matches,fa9fa773
282,James Edmondson,eng ENG,MFDF,Blackburn,17,2005,8,7,584,6.5,0,0,0,0,0,0,0,0,0.00,0.00,0.00,0.00,0.00,Matches,2770b692
283,Tom Edozie,eng ENG,MFFW,Wolves,17,2006,6,5,386,4.3,2,0,2,2,0,0,0,0,0.47,0.00,0.47,0.47,0.47,Matches,3354ea94
284,Diamond Edwards,,FW,Southampton,19,2003,8,3,340,3.8,0,1,1,0,0,0,2,0,0.00,0.26,0.26,0.00,0.26,Matches,9d96bcca
285,Khayon Edwards,eng ENG,FW,Arsenal,19,2003,11,10,873,9.7,7,2,9,7,0,0,1,0,0.72,0.21,0.93,0.72,0.93,Matches,c25b2143
286,Kelvin Ehibhatiomhan,eng ENG,FW,Reading FC,20,2003,1,1,90,1.0,1,0,1,1,0,0,0,0,1.00,0.00,1.00,1.00,1.00,Matches,786ee995
287,Princewill Ehibhatiomhan,eng ENG,FWMF,Southampton,17,2005,13,10,872,9.7,3,1,4,3,0,0,0,0,0.31,0.10,0.41,0.31,0.41,Matches,a932fe31
288,Ovie Ejeheri,eng ENG,GK,Arsenal,20,2003,13,13,1125,12.5,0,0,0,0,0,0,2,0,0.00,0.00,0.00,0.00,0.00,Matches,5c407847
289,Pierre Ekwah Elimby,fr FRA,MF,Sunderland,21,2002,1,1,59,0.7,0,0,0,0,0,0,0,0,0.00,0.00,0.00,0.00,0.00,Matches,830371be
290,Noam Emeran,fr FRA,MF,Manchester Utd,20,2002,1,1,90,1.0,1,0,1,1,0,0,1,0,1.00,0.00,1.00,1.00,1.00,Matches,6e83c3f0
291,Lander Emery,eng ENG,GK,Aston Villa,20,2003,6,6,540,6.0,0,0,0,0,0,0,1,0,0.00,0.00,0.00,0.00,0.00,Matches,b5f7fd45
292,Ethan Ennis,eng ENG,MFFW,Manchester Utd,18,2004,6,4,281,3.1,1,0,1,1,0,0,0,0,0.32,0.00,0.32,0.32,0.32,Matches,143c022e
293,Niall Ennis,eng ENG,FW,Blackburn,24,1999,1,1,62,0.7,0,1,1,0,0,1,1,0,0.00,1.45,1.45,0.00,1.45,Matches,74cae353
294,Luke Enright,,FW,Stoke City,,,1,0,29,0.3,0,0,0,0,0,0,0,0,0.00,0.00,0.00,0.00,0.00,Matches,390ab9ec
295,Josh Esen,wls WAL,MF,Wolves,18,2004,10,4,482,5.4,0,0,0,0,0,0,0,1,0.00,0.00,0.00,0.00,0.00,Matches,5b14e145
296,Jonathan Esenga,eng ENG,DF,Fulham,16,2007,9,8,777,8.6,1,2,3,1,0,0,4,0,0.12,0.23,0.35,0.12,0.35,Matches,cb3edef2
297,Corry Evans,nir NIR,MFDF,Sunderland,33,1990,2,2,90,1.0,1,0,1,1,0,0,0,0,1.00,0.00,1.00,1.00,1.00,Matches,3e38b72f
298,Harry Evans,eng ENG,GK,Derby County,18,2004,7,7,630,7.0,0,0,0,0,0,0,0,0,0.00,0.00,0.00,0.00,0.00,Matches,95e1cb53
299,Reece Evans,nir NIR,FW,Leicester City,17,2005,2,0,48,0.5,0,0,0,0,0,0,0,0,0.00,0.00,0.00,0.00,0.00,Matches,b3fdc524
300,Oliver Ewing,wls WAL,MFFW,Leicester City,20,2003,9,6,488,5.4,2,1,3,2,0,0,0,0,0.37,0.18,0.55,0.37,0.55,Matches,8f8c94dc
301,Chimaechi Eze,eng ENG,FW,Crystal Palace,20,2003,1,0,1,0.0,0,0,0,0,0,0,0,0,0.00,0.00,0.00,0.00,0.00,Matches,2e616f2b
302,Dubem Eze,eng ENG,MF,Norwich City,18,2005,6,0,108,1.2,0,0,0,0,0,0,1,0,0.00,0.00,0.00,0.00,0.00,Matches,0455b788
303,Adebayo Fapetu,eng ENG,MF,Derby County,18,2005,15,13,1048,11.6,1,1,2,1,0,0,5,1,0.09,0.09,0.17,0.09,0.17,Matches,85e74929
304,Oluwafemi Fapetu,eng ENG,MF,Manchester City,15,2007,2,1,31,0.3,0,0,0,0,0,0,0,0,0.00,0.00,0.00,0.00,0.00,Matches,b229aca3
305,Owen Farmer,eng ENG,MFFW,Wolves,18,2005,13,10,873,9.7,3,4,7,3,0,0,2,0,0.31,0.41,0.72,0.31,0.72,Matches,dbc6ada5
306,Craig Farquhar,nir NIR,DF,Crystal Palace,20,2003,8,8,720,8.0,0,0,0,0,0,0,1,0,0.00,0.00,0.00,0.00,0.00,Matches,a1430c41
307,Favour Fawunmi,eng ENG,MF,West Ham,17,2006,1,0,7,0.1,0,0,0,0,0,0,0,0,0.00,0.00,0.00,0.00,0.00,Matches,700639ef
308,Josh Feeney,eng ENG,DF,Aston Villa,18,2005,8,8,720,8.0,1,0,1,1,0,0,3,0,0.12,0.00,0.12,0.12,0.12,Matches,185321d3
309,Tom Fellows,eng ENG,MF,West Brom,20,2003,1,0,45,0.5,0,0,0,0,0,0,0,0,0.00,0.00,0.00,0.00,0.00,Matches,2fa188f2
310,Cameron Ferguson,eng ENG,FW,Newcastle,20,2003,1,0,11,0.1,0,0,0,0,0,0,0,0,0.00,0.00,0.00,0.00,0.00,Matches,edec4881
311,Connor Ferguson,eng ENG,DF,Leeds United,19,2004,12,9,790,8.8,0,0,0,0,0,0,3,0,0.00,0.00,0.00,0.00,0.00,Matches,f001448a
312,Nathan Ferguson,eng ENG,DF,Crystal Palace,22,2000,3,0,103,1.1,0,1,1,0,0,0,0,0,0.00,0.87,0.87,0.00,0.87,Matches,2f8d27bc
313,Henry Fieldson,eng ENG,DFMF,Sunderland,18,2005,16,15,1352,15.0,0,0,0,0,0,0,6,0,0.00,0.00,0.00,0.00,0.00,Matches,f4e4f11e
314,Sonny Finch,eng ENG,FW,Middlesbrough,17,2005,7,7,545,6.1,6,1,7,6,0,0,1,0,0.99,0.17,1.16,0.99,1.16,Matches,3e04dfad
315,Rory Finneran,ie IRL,MFFW,Blackburn,15,2008,7,6,544,6.0,0,1,1,0,0,0,0,0,0.00,0.17,0.17,0.00,0.17,Matches,ed1cab5a
316,Ryan Finnigan,eng ENG,MF,Southampton,19,2003,2,2,152,1.7,0,0,0,0,0,0,0,0,0.00,0.00,0.00,0.00,0.00,Matches,9610c9c1
317,Hugo Fisher,eng ENG,GK,Brighton,18,2004,3,3,270,3.0,0,0,0,0,0,0,0,0,0.00,0.00,0.00,0.00,0.00,Matches,56350399
318,Kellen Fisher,eng ENG,DFMF,Norwich City,19,2004,3,3,239,2.7,0,1,1,0,0,0,0,0,0.00,0.38,0.38,0.00,0.38,Matches,7dc1de91
319,Nathan Fisher,eng ENG,GK,Middlesbrough,18,2005,6,6,540,6.0,0,0,0,0,0,0,0,0,0.00,0.00,0.00,0.00,0.00,Matches,78e531f3
320,Isaac Fletcher,eng ENG,MFFW,Middlesbrough,21,2002,5,5,395,4.4,2,3,5,2,0,0,1,0,0.46,0.68,1.14,0.46,1.14,Matches,b21f90b0
321,Marcelo Flores,ca CAN,MF,Arsenal,19,2003,3,0,55,0.6,0,0,0,0,0,0,0,0,0.00,0.00,0.00,0.00,0.00,Matches,937b36b1
322,Louis Flower,eng ENG,FW,Brighton,18,2004,16,10,941,10.5,6,3,9,6,0,0,3,0,0.57,0.29,0.86,0.57,0.86,Matches,bf5732ee
323,Taylor Foran,eng ENG,DFMF,Arsenal,19,2003,13,8,737,8.2,1,0,1,1,0,0,1,0,0.12,0.00,0.12,0.12,0.12,Matches,29c9978a
324,Michael Forbes,nir NIR,DFMF,West Ham,19,2004,7,7,556,6.2,0,0,0,0,0,0,1,0,0.00,0.00,0.00,0.00,0.00,Matches,fbc2fce9
325,Tyrese Fornah,sl SLE,MF,Derby County,23,1999,3,3,258,2.9,0,1,1,0,0,0,1,0,0.00,0.35,0.35,0.00,0.35,Matches,205f2e2a
326,Adam Forshaw,eng ENG,MF,Norwich City,31,1991,2,2,117,1.3,0,1,1,0,0,0,0,0,0.00,0.77,0.77,0.00,0.77,Matches,9f1938ab
327,Omari Forson,eng ENG,MFFW,Manchester Utd,19,2004,6,6,472,5.2,3,2,5,3,0,0,0,0,0.57,0.38,0.95,0.57,0.95,Matches,1b9728b0
328,Gabriel Forsyth,sct SCO,MFDF,Norwich City,16,2006,15,12,977,10.9,0,5,5,0,0,0,3,0,0.00,0.46,0.46,0.00,0.46,Matches,54ba5d19
329,Bradley Foster-Theniger,eng ENG,GK,West Brom,21,2001,3,3,270,3.0,0,0,0,0,0,0,0,0,0.00,0.00,0.00,0.00,0.00,Matches,6351d472
330,Chris Francis,eng ENG,DF,Crystal Palace,20,2002,11,8,749,8.3,1,0,1,1,0,0,1,0,0.12,0.00,0.12,0.12,0.12,Matches,cffba09d
331,Tyrese Francois,au AUS,MF,Fulham,23,2000,3,3,225,2.5,0,0,0,0,0,0,1,0,0.00,0.00,0.00,0.00,0.00,Matches,6722d4f0
332,Nathan Fraser,ie IRL,FW,Wolves,18,2005,7,7,546,6.1,3,0,3,3,0,0,2,0,0.49,0.00,0.49,0.49,0.49,Matches,00b77ecf
333,Melkamu Frauendorf,de GER,MFDF,Liverpool,19,2004,10,3,363,4.0,0,1,1,0,0,0,0,0,0.00,0.25,0.25,0.00,0.25,Matches,5357221d
334,Tyler Fredricson,eng ENG,DF,Manchester Utd,18,2005,1,0,6,0.1,0,0,0,0,0,0,0,0,0.00,0.00,0.00,0.00,0.00,Matches,58630379
335,Leo Fuhr Hjelde,no NOR,DF,Leeds United,19,2003,3,3,270,3.0,0,0,0,0,0,0,0,0,0.00,0.00,0.00,0.00,0.00,Matches,d102b8a2
336,Ben Fyles,eng ENG,FW,Blackburn,19,2003,4,1,153,1.7,0,0,0,0,0,0,1,0,0.00,0.00,0.00,0.00,0.00,Matches,dedc054f
337,Tomas Galvez,fi FIN,DF,Manchester City,18,2005,18,15,1354,15.0,0,2,2,0,0,0,2,0,0.00,0.13,0.13,0.00,0.13,Matches,a1238b70
338,Patrick Gamble,eng ENG,DF,Blackburn,19,2003,9,8,745,8.3,0,0,0,0,0,0,1,0,0.00,0.00,0.00,0.00,0.00,Matches,5ba7bc40
339,Ben Gannon-Doak,sct SCO,FW,Liverpool,17,2005,1,1,27,0.3,0,0,0,0,0,0,0,0,0.00,0.00,0.00,0.00,0.00,Matches,733f1a7d
340,Harry Gardiner,eng ENG,FWMF,Sunderland,19,2003,8,6,591,6.6,5,0,5,5,0,0,0,0,0.76,0.00,0.76,0.76,0.76,Matches,8d3c217f
341,Joe Gardner,eng ENG,MFFW,Nottingham,18,2005,15,12,966,10.7,0,0,0,0,0,0,1,0,0.00,0.00,0.00,0.00,0.00,Matches,f4c17979
342,Gabriel Garside Kelly,,MF,Stoke City,,,3,1,108,1.2,0,0,0,0,0,0,0,0,0.00,0.00,0.00,0.00,0.00,Matches,fac84925
343,Dwight Gayle,eng ENG,FW,Stoke City,32,1990,1,1,61,0.7,0,0,0,0,0,0,0,0,0.00,0.00,0.00,0.00,0.00,Matches,e58a03c6
344,Billy Gee,eng ENG,DFMF,Chelsea,18,2005,16,13,1161,12.9,0,0,0,0,0,0,3,0,0.00,0.00,0.00,0.00,0.00,Matches,13f17c60
345,Georgie Gent,eng ENG,MF,Blackburn,19,2003,2,2,152,1.7,1,1,2,1,0,0,0,0,0.59,0.59,1.18,0.59,1.18,Matches,4234686a
346,Tyrique George,eng ENG,FW,Chelsea,17,2006,10,0,207,2.3,3,0,3,3,0,0,1,0,1.30,0.00,1.30,1.30,1.30,Matches,e6f7797e
347,Joseph Gibbard,ie IRL,MF,Crystal Palace,17,2005,3,0,28,0.3,0,0,0,0,0,0,1,0,0.00,0.00,0.00,0.00,0.00,Matches,6a5851c7
348,Liam Gibbs,eng ENG,MF,Norwich City,20,2002,2,2,177,2.0,0,0,0,0,0,0,2,0,0.00,0.00,0.00,0.00,0.00,Matches,e4b6d914
349,Nathan Giblin,eng ENG,DF,Liverpool,17,2005,1,0,1,0.0,0,0,0,0,0,0,0,0,0.00,0.00,0.00,0.00,0.00,Matches,2158c81f
350,Joseph Gibson,eng ENG,MF,Middlesbrough,21,2001,4,1,124,1.4,1,0,1,1,0,0,0,0,0.73,0.00,0.73,0.73,0.73,Matches,5046ca3d
351,Alexander Gibson-Hammond,eng ENG,MF,Derby County,20,2002,10,8,671,7.5,2,2,4,2,0,0,1,0,0.27,0.27,0.54,0.27,0.54,Matches,c1e56b01
352,Alfie Gilchrist,eng ENG,DF,Chelsea,19,2003,8,8,663,7.4,0,0,0,0,0,0,3,0,0.00,0.00,0.00,0.00,0.00,Matches,d91f104d
353,Tristan Gill,eng ENG,DF,Derby County,16,2006,6,6,534,5.9,0,0,0,0,0,0,1,0,0.00,0.00,0.00,0.00,0.00,Matches,ab452f32
354,Zak Gilsenan,ie IRL,FWMF,Blackburn,20,2003,9,8,726,8.1,7,2,9,6,1,1,0,0,0.87,0.25,1.12,0.74,0.99,Matches,9e256752
355,George Gitau,de GER,MFDF,Middlesbrough,19,2003,12,12,1037,11.5,4,3,7,4,0,0,2,0,0.35,0.26,0.61,0.35,0.61,Matches,3022b192
356,Paul Glatzel,eng ENG,FWMF,Liverpool,22,2001,5,5,449,5.0,3,1,4,3,0,0,1,0,0.60,0.20,0.80,0.60,0.80,Matches,aa3745bd
357,Felix Goddard,eng ENG,GK,Blackburn,19,2004,2,2,180,2.0,0,0,0,0,0,0,0,0,0.00,0.00,0.00,0.00,0.00,Matches,975dc6ea
358,Scott Godden,wls WAL,DF,Leeds United,18,2005,4,2,140,1.6,0,0,0,0,0,0,0,0,0.00,0.00,0.00,0.00,0.00,Matches,225718bf
359,Martial Godo,ci CIV,FWMF,Fulham,20,2003,3,3,270,3.0,5,0,5,3,2,3,0,0,1.67,0.00,1.67,1.00,1.00,Matches,e0eea46f
360,Harvey Godsmark-Ford,eng ENG,DFMF,Leicester City,19,2003,13,12,1048,11.6,1,0,1,1,0,0,2,0,0.09,0.00,0.09,0.09,0.09,Matches,fe00c338
361,Oliver Gofford,eng ENG,MF,Fulham,17,2005,2,0,5,0.1,0,0,0,0,0,0,0,0,0.00,0.00,0.00,0.00,0.00,Matches,248970bd
362,Airidas Golambeckis,eng ENG,DF,West Ham,15,2007,1,1,90,1.0,0,0,0,0,0,0,0,0,0.00,0.00,0.00,0.00,0.00,Matches,59149473
363,Michael Golding,eng ENG,MFDF,Chelsea,17,2006,11,7,677,7.5,0,3,3,0,0,0,1,0,0.00,0.40,0.40,0.00,0.40,Matches,67c5e0e8
364,André Gomes,pt POR,MF,Everton,30,1993,2,2,106,1.2,0,0,0,0,0,0,1,0,0.00,0.00,0.00,0.00,0.00,Matches,1961b2aa
365,Enso Gonzalez,py PAR,MF,Wolves,18,2005,6,4,366,4.1,0,0,0,0,0,0,1,0,0.00,0.00,0.00,0.00,0.00,Matches,7e5bebeb
366,John-Kymani Gordon,eng ENG,FW,Crystal Palace,20,2003,1,1,90,1.0,0,0,0,0,0,0,0,0,0.00,0.00,0.00,0.00,0.00,Matches,d7e24aa1
367,Kaide Gordon,eng ENG,FWMF,Liverpool,18,2004,13,11,1027,11.4,2,3,5,1,1,1,4,0,0.18,0.26,0.44,0.09,0.35,Matches,19a9cb70
368,Lemar Gordon,eng ENG,MFFW,Fulham,17,2005,8,2,323,3.6,1,2,3,1,0,0,1,0,0.28,0.56,0.84,0.28,0.84,Matches,ed5f8117
369,Daniel Gore,eng ENG,MF,Manchester Utd,18,2004,2,1,135,1.5,1,0,1,1,0,0,1,0,0.67,0.00,0.67,0.67,0.67,Matches,861e9b3b
370,Ronnie Gorman,ie IRL,MF,Brighton,16,2007,1,0,26,0.3,0,0,0,0,0,0,0,0,0.00,0.00,0.00,0.00,0.00,Matches,b846043c
371,Billy Gough,eng ENG,MF,Derby County,17,2006,3,0,63,0.7,0,0,0,0,0,0,0,0,0.00,0.00,0.00,0.00,0.00,Matches,369a42ee
372,Jimi Gower,eng ENG,MF,Arsenal,18,2004,18,13,1186,13.2,2,2,4,2,0,0,2,0,0.15,0.15,0.30,0.15,0.30,Matches,4571f93e
373,True Grant,eng ENG,GK,Manchester City,17,2005,13,13,1170,13.0,0,1,1,0,0,0,0,0,0.00,0.08,0.08,0.00,0.08,Matches,4b339c90
374,Jake Grante,ie IRL,MFDF,Crystal Palace,17,2006,2,2,135,1.5,0,1,1,0,0,0,0,0,0.00,0.67,0.67,0.00,0.67,Matches,418e1451
375,Sean Grehan,ie IRL,DF,Crystal Palace,19,2004,10,9,823,9.1,0,0,0,0,0,0,1,0,0.00,0.00,0.00,0.00,0.00,Matches,7ce5d180
376,Jake Griffin,ie IRL,DF,Stoke City,17,2005,5,4,376,4.2,0,0,0,0,0,0,0,0,0.00,0.00,0.00,0.00,0.00,Matches,fd0e019a
377,Harry Griffiths,eng ENG,GK,Nottingham,18,2005,2,1,135,1.5,0,0,0,0,0,0,0,0,0.00,0.00,0.00,0.00,0.00,Matches,2a3b9ade
378,Harvey Griffiths,eng ENG,MF,Wolves,19,2003,9,9,691,7.7,0,1,1,0,0,0,0,1,0.00,0.13,0.13,0.00,0.13,Matches,6e4cb264
379,Jack Griffiths,eng ENG,MFFW,Stoke City,18,2005,16,11,1035,11.5,5,3,8,5,0,0,1,0,0.43,0.26,0.70,0.43,0.70,Matches,daa76e1b
380,Ben Grist,eng ENG,DFMF,Leicester City,18,2004,10,5,572,6.4,0,0,0,0,0,0,2,0,0.00,0.00,0.00,0.00,0.00,Matches,8212dc69
381,Christy Grogan,eng ENG,DF,Stoke City,17,2005,2,1,84,0.9,0,0,0,0,0,0,0,0,0.00,0.00,0.00,0.00,0.00,Matches,d4ecfa6c
382,Nesta Guinness-Walker,eng ENG,DF,Reading FC,23,1999,2,1,130,1.4,0,0,0,0,0,0,0,0,0.00,0.00,0.00,0.00,0.00,Matches,9e724c44
383,Luca Gunter,eng ENG,GK,Tottenham,18,2005,11,10,929,10.3,0,0,0,0,0,0,0,0,0.00,0.00,0.00,0.00,0.00,Matches,4f334ed9
384,Darko Gyabi,eng ENG,MF,Leeds United,19,2004,5,5,388,4.3,0,0,0,0,0,0,0,0,0.00,0.00,0.00,0.00,0.00,Matches,56d838f7
385,Jordan Hackett,eng ENG,FWDF,Newcastle,19,2004,13,3,385,4.3,0,0,0,0,0,0,1,0,0.00,0.00,0.00,0.00,0.00,Matches,acd4a63f
386,Jay Haddow,,DFMF,Blackburn,19,2004,13,10,894,9.9,0,1,1,0,0,0,6,0,0.00,0.10,0.10,0.00,0.10,Matches,d2dd83d3
387,Reece Hall,eng ENG,DF,West Brom,19,2003,19,19,1680,18.7,1,2,3,1,0,0,2,0,0.05,0.11,0.16,0.05,0.16,Matches,4e15e6a7
388,Steven Hall,au AUS,GK,Brighton,18,2005,2,2,180,2.0,0,0,0,0,0,0,1,0,0.00,0.00,0.00,0.00,0.00,Matches,3ce10d10
389,Tyrese Hall,jm JAM,MF,Tottenham,17,2005,9,9,785,8.7,0,3,3,0,0,0,2,0,0.00,0.34,0.34,0.00,0.34,Matches,f2e48542
390,Micah Hamilton,eng ENG,FWMF,Manchester City,19,2003,19,19,1657,18.4,2,7,9,2,0,0,1,0,0.11,0.38,0.49,0.11,0.49,Matches,0b059e15
391,Ben Hammond,wls WAL,DFMF,Nottingham,19,2004,10,9,798,8.9,0,1,1,0,0,0,1,0,0.00,0.11,0.11,0.00,0.11,Matches,b1101b63
392,Oliver Hammond,wls WAL,FW,Nottingham,20,2002,1,1,90,1.0,0,0,0,0,0,0,0,0,0.00,0.00,0.00,0.00,0.00,Matches,3766178e
393,Justin Hanks,wls WAL,DFMF,Nottingham,18,2004,16,15,1225,13.6,0,0,0,0,0,0,1,0,0.00,0.00,0.00,0.00,0.00,Matches,6e9136ec
394,Grant Hanley,sct SCO,DF,Norwich City,31,1991,2,2,111,1.2,0,0,0,0,0,0,1,0,0.00,0.00,0.00,0.00,0.00,Matches,e9254eec
395,Jack Hannah,eng ENG,DF,Middlesbrough,20,2002,19,19,1710,19.0,1,0,1,1,0,0,6,0,0.05,0.00,0.05,0.05,0.05,Matches,a53224f9
396,Isak Hansen-Aarøen,no NOR,MF,Manchester Utd,18,2004,8,8,654,7.3,2,0,2,2,0,0,1,0,0.28,0.00,0.28,0.28,0.28,Matches,4f96ed39
397,Aaron Haper-Bailey,eng ENG,DFMF,West Brom,21,2001,13,12,993,11.0,0,0,0,0,0,0,5,0,0.00,0.00,0.00,0.00,0.00,Matches,9cf94b1c
398,Fraser Harper,,MF,Wolves,,,1,0,17,0.2,0,0,0,0,0,0,0,0,0.00,0.00,0.00,0.00,0.00,Matches,377754f6
399,Aidan Harris,eng ENG,GK,Newcastle,16,2006,3,3,269,3.0,0,0,0,0,0,0,0,0,0.00,0.00,0.00,0.00,0.00,Matches,49e9c2d8
400,Luke Harris,wls WAL,MF,Fulham,18,2005,6,6,501,5.6,2,2,4,2,0,0,3,0,0.36,0.36,0.72,0.36,0.72,Matches,8c3078cd
401,Taylan Harris,eng ENG,MFFW,Reading FC,17,2005,7,6,475,5.3,1,0,1,1,0,0,0,0,0.19,0.00,0.19,0.19,0.19,Matches,96630213
402,Alfie Harrison,eng ENG,MFFW,Newcastle,17,2005,10,10,805,8.9,0,3,3,0,0,0,0,0,0.00,0.34,0.34,0.00,0.34,Matches,c74bfe88
403,Alfie Harrison,eng ENG,MF,Manchester City,17,2005,1,0,66,0.7,0,0,0,0,0,0,0,0,0.00,0.00,0.00,0.00,0.00,Matches,c74bfe88
404,Elyh Harrison,eng ENG,GK,Manchester Utd,17,2006,12,12,1053,11.7,0,0,0,0,0,0,0,0,0.00,0.00,0.00,0.00,0.00,Matches,6175ebf8
405,Jack Harrison,eng ENG,MF,Everton,26,1996,1,1,45,0.5,0,0,0,0,0,0,0,0,0.00,0.00,0.00,0.00,0.00,Matches,aa849a12
406,Ollie Harrison,eng ENG,MF,Chelsea,15,2007,1,0,7,0.1,0,0,0,0,0,0,0,0,0.00,0.00,0.00,0.00,0.00,Matches,6ce635b6
407,Harry Hawkins,eng ENG,MFDF,Derby County,17,2006,14,8,786,8.7,1,2,3,1,0,0,1,0,0.11,0.23,0.34,0.11,0.34,Matches,a4424c39
408,Ali Hayder,iq IRQ,MF,Stoke City,17,2005,1,0,30,0.3,0,0,0,0,0,0,0,0,0.00,0.00,0.00,0.00,0.00,Matches,9d40299b
409,Fenton Heard,eng ENG,MFFW,West Brom,18,2004,19,17,1492,16.6,4,2,6,4,0,0,1,0,0.24,0.12,0.36,0.24,0.36,Matches,42e998df
410,Travis Hearnes,no NOR,MF,Newcastle,17,2005,1,1,88,1.0,0,0,0,0,0,0,0,0,0.00,0.00,0.00,0.00,0.00,Matches,849e071e
411,Isaac Heath,eng ENG,FWMF,Everton,18,2004,14,8,755,8.4,0,0,0,0,0,0,3,0,0.00,0.00,0.00,0.00,0.00,Matches,b54c480e
412,Ayden Heaven,eng ENG,DF,Arsenal,16,2006,13,12,1081,12.0,0,0,0,0,0,0,1,0,0.00,0.00,0.00,0.00,0.00,Matches,64e17fab
413,Cathal Heffernan,ie IRL,DF,Newcastle,18,2005,16,15,1390,15.4,1,0,1,1,0,0,1,0,0.06,0.00,0.06,0.06,0.06,Matches,7ca8cb7d
414,Matthew Henderson-Hall,eng ENG,DF,Manchester City,16,2006,5,2,193,2.1,0,0,0,0,0,0,0,0,0.00,0.00,0.00,0.00,0.00,Matches,1c18c5e2
415,Jack Henry-Francis,ie IRL,MF,Arsenal,19,2003,13,13,1057,11.7,2,2,4,2,0,0,2,0,0.17,0.17,0.34,0.17,0.34,Matches,e93d8ed1
416,Owen Hesketh,wls WAL,MF,Wolves,20,2002,12,11,1006,11.2,5,2,7,2,3,3,1,0,0.45,0.18,0.63,0.18,0.36,Matches,3f991cbb
417,Jaden Heskey,eng ENG,FW,Manchester City,17,2005,6,3,356,4.0,3,0,3,3,0,0,1,0,0.76,0.00,0.76,0.76,0.76,Matches,5281da0d
418,Reigan Heskey,eng ENG,FW,Manchester City,15,2008,1,1,85,0.9,0,0,0,0,0,0,0,0,0.00,0.00,0.00,0.00,0.00,Matches,d4ee4622
419,Jem Hewlett,eng ENG,DF,Southampton,18,2004,4,3,315,3.5,0,0,0,0,0,0,1,0,0.00,0.00,0.00,0.00,0.00,Matches,7f8615e8
420,Akeel Higgins,eng ENG,MFFW,West Brom,18,2005,20,14,1285,14.3,1,1,2,1,0,0,4,0,0.07,0.07,0.14,0.07,0.14,Matches,0e6e09b8
421,Liam Higgins,wls WAL,FW,Everton,20,2003,3,0,87,1.0,0,0,0,0,0,0,0,0,0.00,0.00,0.00,0.00,0.00,Matches,750a6aee
422,Deniche Hill,bm BER,MF,Leicester City,19,2004,7,3,332,3.7,0,0,0,0,0,0,2,0,0.00,0.00,0.00,0.00,0.00,Matches,4207d63c
423,Thomas Hill,wls WAL,MFDF,Liverpool,20,2002,8,7,596,6.6,3,2,5,3,0,0,3,0,0.45,0.30,0.76,0.45,0.76,Matches,239df013
424,James Hillson,eng ENG,GK,Arsenal,22,2001,1,1,90,1.0,0,0,0,0,0,0,0,0,0.00,0.00,0.00,0.00,0.00,Matches,df5c6206
425,Joe Hilton,eng ENG,GK,Blackburn,23,1999,3,3,270,3.0,0,0,0,0,0,0,0,0,0.00,0.00,0.00,0.00,0.00,Matches,0e18acc5
426,Jack Hinchy,eng ENG,MF,Brighton,20,2003,9,8,720,8.0,0,0,0,0,0,0,4,0,0.00,0.00,0.00,0.00,0.00,Matches,d0a4eaf0
427,Jack Hinshelwood,eng ENG,MFDF,Brighton,18,2005,4,3,315,3.5,0,0,0,0,0,0,2,0,0.00,0.00,0.00,0.00,0.00,Matches,e98211e7
428,Joe Hodge,ie IRL,MF,Wolves,20,2002,1,1,61,0.7,0,1,1,0,0,0,0,0,0.00,1.48,1.48,0.00,1.48,Matches,bd8a5d95
429,Ronnie Hollingshead,wls WAL,GK,West Brom,18,2004,6,6,540,6.0,0,0,0,0,0,0,0,0,0.00,0.00,0.00,0.00,0.00,Matches,74ab11a7
430,Fletcher Holman,eng ENG,FW,Wolves,18,2004,8,3,319,3.5,4,0,4,4,0,0,0,0,1.13,0.00,1.13,1.13,1.13,Matches,de40b95a
431,Tom Holmes,eng ENG,DF,Reading FC,23,2000,5,5,334,3.7,2,0,2,2,0,0,0,0,0.54,0.00,0.54,0.54,0.54,Matches,db317640
432,Louie Holzman,eng ENG,DF,Reading FC,19,2003,9,9,749,8.3,0,0,0,0,0,0,3,0,0.00,0.00,0.00,0.00,0.00,Matches,1a694219
433,Sydney van Hooijdonk,nl NED,FW,Norwich City,23,2000,1,1,90,1.0,0,0,0,0,0,0,0,0,0.00,0.00,0.00,0.00,0.00,Matches,5b418e15
434,Matthew Hoppe,us USA,FW,Middlesbrough,22,2001,1,1,78,0.9,0,0,0,0,0,0,0,0,0.00,0.00,0.00,0.00,0.00,Matches,1bc432b7
435,Ben Houston,eng ENG,GK,Stoke City,17,2005,1,1,90,1.0,0,0,0,0,0,0,0,0,0.00,0.00,0.00,0.00,0.00,Matches,bbfd6f68
436,Harry Howell,eng ENG,FW,Brighton,15,2008,1,1,83,0.9,2,0,2,2,0,0,0,0,2.17,0.00,2.17,2.17,2.17,Matches,d8a7e52c
437,Max Howells,eng ENG,MFFW,Middlesbrough,18,2004,15,11,981,10.9,2,1,3,2,0,0,2,0,0.18,0.09,0.28,0.18,0.28,Matches,edad9f20
438,Justin Hubner,id IDN,DF,Wolves,19,2003,12,12,1080,12.0,4,0,4,4,0,0,3,0,0.33,0.00,0.33,0.33,0.33,Matches,f233ed69
439,Tom Huddlestone,eng ENG,MFDF,Manchester Utd,36,1986,8,6,566,6.3,1,0,1,1,0,0,0,0,0.16,0.00,0.16,0.16,0.16,Matches,464cbbc9
440,Niall Huggins,wls WAL,DF,Sunderland,22,2000,2,2,180,2.0,0,1,1,0,0,0,0,0,0.00,0.50,0.50,0.00,0.50,Matches,6d646ff7
441,Brodi Hughes,eng ENG,DFMF,Chelsea,18,2004,18,18,1575,17.5,1,0,1,1,0,0,6,0,0.06,0.00,0.06,0.06,0.06,Matches,80e52a3c
442,Lestyn Hughes,wls WAL,DF,Leicester City,20,2002,1,0,26,0.3,0,0,0,0,0,0,0,0,0.00,0.00,0.00,0.00,0.00,Matches,2997dc63
443,Joe Hugill,eng ENG,FW,Manchester Utd,19,2003,9,9,727,8.1,7,0,7,4,3,3,1,0,0.87,0.00,0.87,0.50,0.50,Matches,49134eb2
444,Mackenzie Hunt,ae UAE,DF,Everton,21,2001,12,12,1080,12.0,1,2,3,1,0,0,1,0,0.08,0.17,0.25,0.08,0.25,Matches,a7a688d7
445,James Huntley,eng ENG,MFFW,Newcastle,19,2004,12,8,727,8.1,2,3,5,2,0,0,1,0,0.25,0.37,0.62,0.25,0.62,Matches,40ead05b
446,Sam Hutchinson,eng ENG,DF,Reading FC,33,1989,1,1,45,0.5,0,0,0,0,0,0,0,0,0.00,0.00,0.00,0.00,0.00,Matches,800a3404
447,Amir Ibragimov,ru RUS,FW,Manchester Utd,15,2008,2,0,42,0.5,0,0,0,0,0,0,0,0,0.00,0.00,0.00,0.00,0.00,Matches,5d2db70f
448,Bradley Ibrahim,eng ENG,MFDF,Arsenal,18,2004,8,8,626,7.0,1,3,4,1,0,0,6,0,0.14,0.43,0.58,0.14,0.58,Matches,aaab4602
449,Marcus Ifill,eng ENG,FW,Brighton,19,2003,8,1,164,1.8,0,0,0,0,0,0,1,0,0.00,0.00,0.00,0.00,0.00,Matches,236d96ba
450,Danny Imray,eng ENG,DFMF,Crystal Palace,20,2003,16,16,1399,15.5,4,5,9,4,0,0,6,0,0.26,0.32,0.58,0.26,0.58,Matches,c1395580
451,Tim Iroegbunam,eng ENG,MF,Aston Villa,20,2003,1,1,90,1.0,0,0,0,0,0,0,0,0,0.00,0.00,0.00,0.00,0.00,Matches,84c5ceea
452,Alex Iwumene,eng ENG,MF,Derby County,18,2005,4,4,326,3.6,0,1,1,0,0,0,0,0,0.00,0.28,0.28,0.00,0.28,Matches,26110349
453,Alex Iwumene,eng ENG,MF,Southampton,18,2005,3,1,109,1.2,0,0,0,0,0,0,0,0,0.00,0.00,0.00,0.00,0.00,Matches,26110349
454,Jackson Izquierdo,eng ENG,GK,Crystal Palace,18,2004,3,3,270,3.0,0,0,0,0,0,0,0,0,0.00,0.00,0.00,0.00,0.00,Matches,d806f016
455,Ben Jackson,eng ENG,DFMF,Brighton,19,2003,12,9,774,8.6,0,1,1,0,0,0,3,1,0.00,0.12,0.12,0.00,0.12,Matches,0cd9c796
456,Louis Jackson,sct SCO,DF,Manchester Utd,17,2005,7,4,396,4.4,0,0,0,0,0,0,0,0,0.00,0.00,0.00,0.00,0.00,Matches,06a441c4
457,Karl Jakob Hein,ee EST,GK,Arsenal,21,2002,3,3,270,3.0,0,0,0,0,0,0,0,0,0.00,0.00,0.00,0.00,0.00,Matches,aa81d8f8
458,Taylor Jay-Hart,eng ENG,MF,Aston Villa,19,2003,1,0,20,0.2,1,0,1,1,0,0,0,0,4.50,0.00,4.50,4.50,4.50,Matches,7bfa6dcf
459,Henry Jeffcott,eng ENG,DF,Arsenal,19,2003,3,0,55,0.6,0,0,0,0,0,0,0,0,0.00,0.00,0.00,0.00,0.00,Matches,fb798777
460,Henry Jeffcott,eng ENG,DF,Derby County,19,2003,8,8,720,8.0,0,0,0,0,0,0,2,0,0.00,0.00,0.00,0.00,0.00,Matches,fb798777
461,Rakealan Jeffers,eng ENG,FWMF,Stoke City,18,2005,17,8,851,9.5,1,0,1,1,0,0,1,0,0.11,0.00,0.11,0.11,0.11,Matches,4ed47c2c
462,Josh Jeffries,eng ENG,GK,Southampton,17,2005,3,3,225,2.5,0,0,0,0,0,0,0,0,0.00,0.00,0.00,0.00,0.00,Matches,5fe4b24e
463,Eyimofe Jemide,eng ENG,DF,Crystal Palace,16,2006,3,3,241,2.7,0,0,0,0,0,0,0,0,0.00,0.00,0.00,0.00,0.00,Matches,34ed64d2
464,Jack Jenkins,eng ENG,MFDF,Leeds United,21,2002,4,2,195,2.2,0,0,0,0,0,0,1,0,0.00,0.00,0.00,0.00,0.00,Matches,3d46127c
465,Brad de Jesus,pt POR,DF,Fulham,17,2006,3,0,32,0.4,0,0,0,0,0,0,1,0,0.00,0.00,0.00,0.00,0.00,Matches,f627cafa
466,Jamaldeen Jimoh,eng ENG,MFFW,Aston Villa,16,2006,11,8,732,8.1,3,2,5,3,0,0,2,0,0.37,0.25,0.61,0.37,0.61,Matches,1e711234
467,Fenton John,eng ENG,MFFW,Middlesbrough,19,2003,8,3,308,3.4,0,0,0,0,0,0,2,0,0.00,0.00,0.00,0.00,0.00,Matches,171e0b08
468,Nile John,eng ENG,MFFW,Tottenham,20,2003,18,14,1273,14.1,3,4,7,3,0,0,1,0,0.21,0.28,0.49,0.21,0.49,Matches,376d4a41
469,Ben Johnson,eng ENG,DF,West Ham,23,2000,1,1,90,1.0,0,0,0,0,0,0,0,0,0.00,0.00,0.00,0.00,0.00,Matches,9319781b
470,Bradley Johnson,eng ENG,MFDF,Derby County,36,1987,6,6,539,6.0,0,0,0,0,0,0,3,0,0.00,0.00,0.00,0.00,0.00,Matches,e0d9bbbe
471,Daniel Johnson,jm JAM,MF,Stoke City,30,1992,1,1,73,0.8,0,0,0,0,0,0,1,0,0.00,0.00,0.00,0.00,0.00,Matches,6d477b52
472,Pharrell Johnson,eng ENG,DF,Nottingham,19,2004,1,0,4,0.0,0,0,0,0,0,0,0,0,0.00,0.00,0.00,0.00,0.00,Matches,e94db146
473,Zac Johnson,eng ENG,DFMF,Sunderland,19,2004,4,3,329,3.7,0,0,0,0,0,0,0,0,0.00,0.00,0.00,0.00,0.00,Matches,67cd6d8d
474,Nikola Jojić,rs SRB,MF,Stoke City,19,2003,15,14,1063,11.8,4,2,6,4,0,0,1,0,0.34,0.17,0.51,0.34,0.51,Matches,56f47c4f
475,Lee Jonas,eng ENG,DF,Liverpool,19,2004,1,0,14,0.2,0,0,0,0,0,0,0,0,0.00,0.00,0.00,0.00,0.00,Matches,b21a8e68
476,Edward Jones,eng ENG,DF,Everton,18,2005,10,6,551,6.1,0,0,0,0,0,0,1,0,0.00,0.00,0.00,0.00,0.00,Matches,1baef706
477,Harrison Jones,eng ENG,MF,Sunderland,18,2004,19,18,1517,16.9,7,2,9,7,0,0,4,0,0.42,0.12,0.53,0.42,0.53,Matches,2a78981b
478,Jaydon Jones,eng ENG,MF,Sunderland,16,2006,3,0,11,0.1,0,0,0,0,0,0,1,0,0.00,0.00,0.00,0.00,0.00,Matches,3ad7599b
479,Jenson Jones,eng ENG,DF,Sunderland,22,2000,3,2,173,1.9,0,0,0,0,0,0,0,0,0.00,0.00,0.00,0.00,0.00,Matches,4776da26
480,Bruno Jordão,pt POR,MF,Wolves,24,1998,8,6,604,6.7,0,0,0,0,0,0,2,0,0.00,0.00,0.00,0.00,0.00,Matches,41ff002d
481,Jayden Joseph,eng ENG,MFFW,Leicester City,17,2006,8,5,445,4.9,1,0,1,1,0,0,2,0,0.20,0.00,0.20,0.20,0.20,Matches,f3728eee
482,Mateo Joseph,es ESP,FW,Leeds United,19,2003,2,2,180,2.0,1,1,2,1,0,0,0,0,0.50,0.50,1.00,0.50,1.00,Matches,6ad43f9a
483,Marc Jurado,es ESP,DF,Manchester Utd,19,2004,2,2,180,2.0,0,2,2,0,0,1,0,0,0.00,1.00,1.00,0.00,1.00,Matches,c1d75f69
484,Ismeal Kabia,eng ENG,FWMF,Arsenal,17,2005,11,6,559,6.2,1,1,2,1,0,0,2,0,0.16,0.16,0.32,0.16,0.32,Matches,6b15cf32
485,Maldini Kacurri,al ALB,DF,Arsenal,17,2005,4,2,186,2.1,0,0,0,0,0,0,0,0,0.00,0.00,0.00,0.00,0.00,Matches,7be4311f
486,Marvin Kaleta,eng ENG,DF,Wolves,18,2004,15,12,989,11.0,0,2,2,0,0,0,1,0,0.00,0.18,0.18,0.00,0.18,Matches,12f57ddf
487,Osman Kamara,sl SLE,MF,Arsenal,16,2006,5,3,280,3.1,1,0,1,1,0,0,0,0,0.32,0.00,0.32,0.32,0.32,Matches,59574026
488,Jaydan Kamason,eng ENG,DF,Manchester Utd,16,2006,2,2,175,1.9,0,0,0,0,0,0,0,0,0.00,0.00,0.00,0.00,0.00,Matches,62619644
489,Willy Kambwala,fr FRA,DF,Manchester Utd,18,2004,8,6,567,6.3,0,0,0,0,0,0,2,0,0.00,0.00,0.00,0.00,0.00,Matches,6a7353d7
490,Ian Kamga,eng ENG,DF,Stoke City,18,2004,3,1,168,1.9,0,0,0,0,0,0,0,0,0.00,0.00,0.00,0.00,0.00,Matches,def5009d
491,Kamran Kandola,eng ENG,DFMF,Wolves,19,2004,12,11,1006,11.2,0,2,2,0,0,0,2,0,0.00,0.18,0.18,0.00,0.18,Matches,e133ee28
492,Thierry Katsukunya,wls WAL,DF,Aston Villa,17,2005,12,11,974,10.8,0,0,0,0,0,0,0,0,0.00,0.00,0.00,0.00,0.00,Matches,9594fa51
493,Calum Kavanagh,ie IRL,FW,Middlesbrough,19,2003,8,7,638,7.1,5,1,6,4,1,2,3,0,0.71,0.14,0.85,0.56,0.71,Matches,bdcbfc2d
494,Leigh Kavanagh,ie IRL,DF,Brighton,19,2003,13,10,924,10.3,0,0,0,0,0,0,3,0,0.00,0.00,0.00,0.00,0.00,Matches,e16986b1
495,Josh Keeley,ie IRL,GK,Tottenham,20,2003,6,6,540,6.0,0,0,0,0,0,0,0,0,0.00,0.00,0.00,0.00,0.00,Matches,06dc837d
496,Caden Kelly,eng ENG,FWMF,Sunderland,19,2003,10,9,738,8.2,2,5,7,2,0,0,1,0,0.24,0.61,0.85,0.24,0.85,Matches,3f38e742
497,Kyle Kelly,kn SKN,MF,Liverpool,17,2005,1,0,7,0.1,0,0,0,0,0,0,0,0,0.00,0.00,0.00,0.00,0.00,Matches,e7319536
498,Martin Kelly,eng ENG,DFMF,West Brom,33,1990,1,0,46,0.5,0,0,0,0,0,0,0,0,0.00,0.00,0.00,0.00,0.00,Matches,d7492450
499,Oscar Kelly,eng ENG,GK,Liverpool,20,2002,2,2,180,2.0,0,0,0,0,0,0,0,0,0.00,0.00,0.00,0.00,0.00,Matches,d471a31b
500,Patrick Kelly,nir NIR,MF,West Ham,18,2004,18,18,1495,16.6,1,3,4,1,0,0,3,0,0.06,0.18,0.24,0.06,0.24,Matches,5d6e1f20
501,Omari Kellyman,eng ENG,FWMF,Aston Villa,17,2005,11,9,716,8.0,7,0,7,7,0,0,1,0,0.88,0.00,0.88,0.88,0.88,Matches,aa888da7
502,Ben Kershaw,sct SCO,MFDF,Stoke City,19,2003,9,6,591,6.6,1,0,1,1,0,0,4,0,0.15,0.00,0.15,0.15,0.15,Matches,06bfa737
503,Aaron Keto-Diyawa,eng ENG,DF,Wolves,19,2003,18,15,1434,15.9,0,2,2,0,0,0,3,0,0.00,0.13,0.13,0.00,0.13,Matches,475a88f0
504,Brendan Kiernan,eng ENG,MF,Crystal Palace,30,1992,2,1,100,1.1,1,0,1,1,0,0,0,0,0.90,0.00,0.90,0.90,0.90,Matches,7b3ca119
505,Joshua King,eng ENG,MF,Fulham,16,2007,10,10,787,8.7,3,0,3,3,0,0,0,0,0.34,0.00,0.34,0.34,0.34,Matches,86109b3b
506,Maeson King,eng ENG,DF,Tottenham,17,2005,2,2,135,1.5,0,0,0,0,0,0,0,0,0.00,0.00,0.00,0.00,0.00,Matches,b00671f2
507,Tom King,wls WAL,GK,Wolves,28,1995,1,1,90,1.0,0,0,0,0,0,0,0,0,0.00,0.00,0.00,0.00,0.00,Matches,5791b997
508,Jack Kingdon,sct SCO,DF,Manchester Utd,17,2005,3,2,185,2.1,0,1,1,0,0,0,0,0,0.00,0.49,0.49,0.00,0.49,Matches,2e1811e4
509,Archie Kirton,eng ENG,FW,West Brom,17,2005,4,1,127,1.4,0,0,0,0,0,0,1,0,0.00,0.00,0.00,0.00,0.00,Matches,e016b2ac
510,Joe Knight,eng ENG,MFDF,Brighton,17,2005,8,5,442,4.9,0,0,0,0,0,0,2,0,0.00,0.00,0.00,0.00,0.00,Matches,16168a0f
511,Jacob Knightbridge,eng ENG,GK,West Ham,19,2004,19,19,1710,19.0,0,0,0,0,0,0,0,0,0.00,0.00,0.00,0.00,0.00,Matches,145a8071
512,Gideon Kodua,eng ENG,FWMF,West Ham,18,2004,10,7,609,6.8,4,1,5,4,0,0,0,0,0.59,0.15,0.74,0.59,0.74,Matches,c8cbcfb8
513,Ateef Konaté,fr FRA,MFFW,Nottingham,22,2001,15,12,1022,11.4,5,2,7,5,0,0,3,0,0.44,0.18,0.62,0.44,0.62,Matches,12b88955
514,Cheik Koné,fr FRA,GK,Middlesbrough,25,1998,1,0,1,0.0,0,0,0,0,0,0,0,0,0.00,0.00,0.00,0.00,0.00,Matches,5b723990
515,Lewis Koumas,wls WAL,FWMF,Liverpool,17,2005,12,12,1001,11.1,8,3,11,8,0,0,0,0,0.72,0.27,0.99,0.72,0.99,Matches,d77edba6
516,Billy Koumetio,fr FRA,DF,Blackburn,20,2002,1,1,90,1.0,0,0,0,0,0,0,0,0,0.00,0.00,0.00,0.00,0.00,Matches,866c67e9
517,Katia Kouyate,eng ENG,FWMF,Everton,19,2003,16,15,1331,14.8,3,0,3,3,0,0,0,0,0.20,0.00,0.20,0.20,0.20,Matches,144a88da
518,Caleb Kporha,eng ENG,DF,Crystal Palace,17,2006,3,3,225,2.5,0,0,0,0,0,0,1,0,0.00,0.00,0.00,0.00,0.00,Matches,c80f8c9d
519,Emil Krafth,se SWE,DF,Newcastle,28,1994,1,1,45,0.5,0,0,0,0,0,0,0,0,0.00,0.00,0.00,0.00,0.00,Matches,77cf6852
520,Rio Kyerematen,eng ENG,MFDF,Tottenham,18,2005,18,8,829,9.2,2,3,5,2,0,0,4,0,0.22,0.33,0.54,0.22,0.54,Matches,04a1c050
521,Michael Laffey,eng ENG,MF,Liverpool,17,2005,1,1,90,1.0,0,0,0,0,0,0,0,0,0.00,0.00,0.00,0.00,0.00,Matches,0b253f7e
522,Levi Laing,eng ENG,DF,West Ham,20,2003,15,13,1068,11.9,0,0,0,0,0,0,0,0,0.00,0.00,0.00,0.00,0.00,Matches,90295964
523,Tariq Lamptey,gh GHA,DF,Brighton,22,2000,1,1,64,0.7,0,1,1,0,0,0,0,0,0.00,1.41,1.41,0.00,1.41,Matches,f4e433d4
524,Will Lankshear,eng ENG,FW,Tottenham,18,2005,19,15,1417,15.7,18,1,19,18,0,0,3,0,1.14,0.06,1.21,1.14,1.21,Matches,92df535b
525,Imani Lanquedoc,eng ENG,MFFW,Fulham,19,2003,7,4,344,3.8,2,0,2,2,0,0,0,0,0.52,0.00,0.52,0.52,0.52,Matches,de90009e
526,Julian Larsson,se SWE,MF,Nottingham,22,2001,5,1,178,2.0,2,1,3,2,0,0,0,0,1.01,0.51,1.52,1.01,1.52,Matches,a939c22e
527,Thomas Lavery,eng ENG,DF,Sunderland,17,2005,9,6,579,6.4,1,1,2,1,0,0,3,0,0.16,0.16,0.31,0.16,0.31,Matches,404b1e8f
528,Emilio Lawrence,sct SCO,MFFW,Manchester City,17,2005,10,7,525,5.8,2,0,2,2,0,0,0,0,0.34,0.00,0.34,0.34,0.34,Matches,fe6c9062
529,Nico Lawrence,eng ENG,DF,Southampton,19,2003,7,7,628,7.0,1,1,2,1,0,0,1,0,0.14,0.14,0.29,0.14,0.29,Matches,981b7cc2
530,Noha Lemina,ga GAB,MF,Wolves,18,2005,2,2,123,1.4,0,0,0,0,0,0,0,0,0.00,0.00,0.00,0.00,0.00,Matches,28401b55
531,Charlie Lennon,eng ENG,MF,Middlesbrough,17,2006,3,0,97,1.1,0,0,0,0,0,0,0,0,0.00,0.00,0.00,0.00,0.00,Matches,512a33eb
532,Joshua Lett,gd GRN,MFDF,Southampton,18,2004,6,4,368,4.1,0,0,0,0,0,0,1,0,0.00,0.00,0.00,0.00,0.00,Matches,578ccd2d
533,Jack Lewis,eng ENG,MF,Leicester City,18,2004,2,0,25,0.3,0,0,0,0,0,0,0,0,0.00,0.00,0.00,0.00,0.00,Matches,957de2f0
534,Myles Lewis-Skelly,eng ENG,MFDF,Arsenal,16,2006,12,10,859,9.5,1,3,4,1,0,0,1,0,0.10,0.31,0.42,0.10,0.42,Matches,5dff6c28
535,Pedro Lima,br BRA,MF,Norwich City,20,2003,14,10,954,10.6,5,2,7,5,0,0,2,0,0.47,0.19,0.66,0.47,0.66,Matches,c87e786b
536,Afonso Lindo,eng ENG,DF,Middlesbrough,19,2004,10,7,672,7.5,0,0,0,0,0,0,4,0,0.00,0.00,0.00,0.00,0.00,Matches,27faaa91
537,Charlie Lindsay,nir NIR,MFFW,Derby County,19,2004,7,2,148,1.6,0,0,0,0,0,0,1,0,0.00,0.00,0.00,0.00,0.00,Matches,0838794d
538,Jahmari Lindsay,eng ENG,DF,Leicester City,18,2004,6,3,241,2.7,0,0,0,0,0,0,0,0,0.00,0.00,0.00,0.00,0.00,Matches,81c939d9
539,Jahziah Linton,eng ENG,DF,Tottenham,18,2004,7,3,346,3.8,0,0,0,0,0,0,2,0,0.00,0.00,0.00,0.00,0.00,Matches,66c42c95
540,Darius Lipsiuc,ie IRL,MF,Stoke City,17,2005,4,3,246,2.7,0,1,1,0,0,0,1,0,0.00,0.37,0.37,0.00,0.37,Matches,aae7a8d0
541,Matty Litherland,,DF,Blackburn,,,1,0,13,0.1,0,0,0,0,0,0,0,0,0.00,0.00,0.00,0.00,0.00,Matches,a82cfbe1
542,George Long,eng ENG,GK,Norwich City,29,1993,1,1,90,1.0,0,0,0,0,0,0,0,0,0.00,0.00,0.00,0.00,0.00,Matches,754e3f2d
543,Nigel Lonwijk,nl NED,DF,Wolves,20,2002,1,1,45,0.5,0,0,0,0,0,0,0,0,0.00,0.00,0.00,0.00,0.00,Matches,17be8dc3
544,Reuben Lopata-White,eng ENG,DF,Leeds United,17,2005,4,3,266,3.0,1,0,1,1,0,0,4,1,0.34,0.00,0.34,0.34,0.34,Matches,7fa27d52
545,Leo Lopes,pt POR,MFFW,Wolves,18,2004,8,2,245,2.7,0,1,1,0,0,0,2,0,0.00,0.37,0.37,0.00,0.37,Matches,356f0f63
546,Aaron Loupalo-Bi,eng ENG,FW,Fulham,17,2005,10,6,538,6.0,0,1,1,0,0,0,0,0,0.00,0.17,0.17,0.00,0.17,Matches,55572f89
547,Layton Love,eng ENG,FW,West Brom,18,2004,13,12,1069,11.9,4,2,6,4,0,0,2,0,0.34,0.17,0.51,0.34,0.51,Matches,bb3a1360
548,Nathan Lowe,eng ENG,FW,Stoke City,17,2005,11,11,925,10.3,6,0,6,4,2,2,1,0,0.58,0.00,0.58,0.39,0.39,Matches,5567d6f5
549,Wellity Lucky,es ESP,DF,Liverpool,17,2006,1,1,45,0.5,0,0,0,0,0,0,0,0,0.00,0.00,0.00,0.00,0.00,Matches,be1cd59f
550,Luizão,br BRA,DF,West Ham,21,2002,18,16,1401,15.6,3,0,3,3,0,0,4,0,0.19,0.00,0.19,0.19,0.19,Matches,fb02fba4
551,Charlie Lutz,eng ENG,FW,Aston Villa,18,2004,3,0,46,0.5,0,0,0,0,0,0,0,0,0.00,0.00,0.00,0.00,0.00,Matches,62ca673f
552,Luka Lynch,eng ENG,FW,Aston Villa,16,2007,2,0,42,0.5,0,0,0,0,0,0,1,0,0.00,0.00,0.00,0.00,0.00,Matches,34a7127c
553,Brooklyn Lyons-Foster,eng ENG,DFMF,Tottenham,22,2000,11,11,984,10.9,0,1,1,0,0,0,0,0,0.00,0.09,0.09,0.00,0.09,Matches,1f605c5e
554,Ismail M'Hand,nl NED,MFFW,Arsenal,18,2005,9,5,485,5.4,1,2,3,1,0,0,0,0,0.19,0.37,0.56,0.19,0.56,Matches,f9125ddd
555,Isaac Mabaya,eng ENG,DF,Liverpool,18,2004,5,2,185,2.1,0,0,0,0,0,0,0,0,0.00,0.00,0.00,0.00,0.00,Matches,0d7be441
556,Filozofe Mabete,eng ENG,DF,Wolves,18,2004,7,5,384,4.3,0,0,0,0,0,0,0,0,0.00,0.00,0.00,0.00,0.00,Matches,7c71ae49
557,Lewis Macari,eng ENG,DF,Stoke City,21,2002,3,3,270,3.0,0,0,0,0,0,0,0,0,0.00,0.00,0.00,0.00,0.00,Matches,0d2fb3b8
558,Aaron Maguire,ie IRL,GK,Tottenham,19,2004,4,4,329,3.7,0,0,0,0,0,0,0,1,0.00,0.00,0.00,0.00,0.00,Matches,21a9277e
559,Rory Mahady,sct SCO,GK,Leeds United,16,2006,1,1,90,1.0,0,0,0,0,0,0,0,0,0.00,0.00,0.00,0.00,0.00,Matches,a181b87c
560,Daniel Maher,,DF,Everton,,,1,0,20,0.2,0,0,0,0,0,0,0,0,0.00,0.00,0.00,0.00,0.00,Matches,e2a6619e
561,Josh Maja,ng NGA,FW,West Brom,24,1998,2,2,140,1.6,2,1,3,2,0,0,0,0,1.29,0.64,1.93,1.29,1.93,Matches,bc0bfc64
562,Jovan Malcolm,eng ENG,FWMF,West Brom,20,2002,9,9,677,7.5,1,0,1,0,1,1,1,0,0.13,0.00,0.13,0.00,0.00,Matches,4090b0e9
563,Souleyman Mandey,at AUT,MF,West Brom,17,2006,5,1,203,2.3,0,0,0,0,0,0,1,0,0.00,0.00,0.00,0.00,0.00,Matches,dc71bb9e
564,Adian Manning,eng ENG,MF,Norwich City,19,2003,19,17,1500,16.7,5,2,7,5,0,0,3,0,0.30,0.12,0.42,0.30,0.42,Matches,4dba06bd
565,Bendito Mantato,eng ENG,MF,Manchester Utd,15,2008,1,0,6,0.1,0,0,0,0,0,0,0,0,0.00,0.00,0.00,0.00,0.00,Matches,e8a55b80
566,Genero Maragh,eng ENG,MF,Reading FC,20,2003,3,1,144,1.6,0,0,0,0,0,0,1,0,0.00,0.00,0.00,0.00,0.00,Matches,37ade377
567,Wanya Marcal-Madivadua,pt POR,MFFW,Leicester City,20,2002,8,8,681,7.6,1,0,1,1,0,0,0,0,0.13,0.00,0.13,0.13,0.13,Matches,6faae64f
568,Dilan Markanday,eng ENG,MFFW,Blackburn,21,2001,2,2,180,2.0,3,1,4,3,0,0,0,0,1.50,0.50,2.00,1.50,2.00,Matches,4f242e0e
569,Zachariah Marsh,eng ENG,FW,Crystal Palace,17,2005,2,1,86,1.0,0,0,0,0,0,0,0,0,0.00,0.00,0.00,0.00,0.00,Matches,6baa90d0
570,Callum Marshall,nir NIR,FW,West Ham,18,2004,12,12,1047,11.6,16,2,18,14,2,3,2,0,1.38,0.17,1.55,1.20,1.38,Matches,3a27f1bf
571,Tawanda Maswanhise,zw ZIM,FWMF,Leicester City,20,2002,10,7,636,7.1,3,1,4,3,0,0,5,1,0.42,0.14,0.57,0.42,0.57,Matches,4f622ca3
572,Jay Matete,eng ENG,MF,Sunderland,22,2001,1,0,45,0.5,0,0,0,0,0,0,0,0,0.00,0.00,0.00,0.00,0.00,Matches,7748a7c5
573,Sam Mather,eng ENG,MFFW,Manchester Utd,18,2004,9,7,631,7.0,6,1,7,6,0,0,1,1,0.86,0.14,1.00,0.86,1.00,Matches,a7673a15
574,Roshaun Mathurin,eng ENG,FWMF,Crystal Palace,19,2004,19,15,1344,14.9,4,6,10,3,1,1,1,0,0.27,0.40,0.67,0.20,0.60,Matches,c036048e
575,Alex Matos,eng ENG,MF,Chelsea,18,2004,7,7,589,6.5,0,0,0,0,0,0,6,0,0.00,0.00,0.00,0.00,0.00,Matches,ed383e43
576,Ajay Matthews,eng ENG,FW,Middlesbrough,17,2006,12,6,720,8.0,4,2,6,2,2,2,2,0,0.50,0.25,0.75,0.25,0.50,Matches,bddd1dec
577,Harvey Maunder,it ITA,MF,Reading FC,19,2004,3,0,39,0.4,0,0,0,0,0,0,0,0,0.00,0.00,0.00,0.00,0.00,Matches,418e9fd0
578,Eliezer Mayenda,es ESP,FWMF,Sunderland,18,2005,3,3,270,3.0,2,1,3,2,0,0,0,0,0.67,0.33,1.00,0.67,1.00,Matches,6a021e43
579,Ezra Mayers,bb BRB,DF,West Ham,16,2007,3,2,253,2.8,0,0,0,0,0,0,1,0,0.00,0.00,0.00,0.00,0.00,Matches,9a85a651
580,Kyle McAdam,eng ENG,DFMF,Nottingham,18,2004,15,10,930,10.3,2,2,4,2,0,0,0,0,0.19,0.19,0.39,0.19,0.39,Matches,6ddb8f6e
581,Finley Mcallister,eng ENG,MF,Manchester Utd,17,2006,5,2,203,2.3,0,0,0,0,0,0,1,0,0.00,0.00,0.00,0.00,0.00,Matches,0f7e9100
582,Sean McAllister,nir NIR,MF,Everton,20,2002,5,5,383,4.3,3,0,3,3,0,0,2,0,0.70,0.00,0.70,0.70,0.70,Matches,66c0246b
583,Niall McAndrews,ie IRL,MF,Derby County,16,2007,7,2,309,3.4,2,0,2,2,0,0,1,0,0.58,0.00,0.58,0.58,0.58,Matches,ee018d98
584,Charlie McArthur,sct SCO,DFMF,Newcastle,18,2005,13,8,752,8.4,0,0,0,0,0,0,0,0,0.00,0.00,0.00,0.00,0.00,Matches,25940efe
585,Connor McAvoy,sct SCO,DFMF,Fulham,21,2002,4,2,195,2.2,0,0,0,0,0,0,2,0,0.00,0.00,0.00,0.00,0.00,Matches,cfdd6846
586,Law McCabe,eng ENG,MFFW,Middlesbrough,17,2006,8,7,637,7.1,0,3,3,0,0,0,0,0,0.00,0.42,0.42,0.00,0.42,Matches,beff70f3
587,Liam McCarron,sct SCO,DF,Stoke City,22,2001,11,11,912,10.1,1,3,4,1,0,0,2,0,0.10,0.30,0.39,0.10,0.39,Matches,076bb352
588,James McConnell,eng ENG,MF,Liverpool,18,2004,12,12,939,10.4,0,0,0,0,0,0,7,0,0.00,0.00,0.00,0.00,0.00,Matches,bf973eeb
589,Ruairi Mcconville,nir NIR,DF,Brighton,18,2005,14,13,1136,12.6,2,0,2,2,0,0,2,0,0.16,0.00,0.16,0.16,0.16,Matches,1a28b886
590,George McCormick,eng ENG,DFMF,Middlesbrough,18,2005,11,11,990,11.0,0,0,0,0,0,0,0,0,0.00,0.00,0.00,0.00,0.00,Matches,9da4783b
591,Delano McCoy-Splatt,jm JAM,MF,Fulham,18,2004,11,9,789,8.8,3,1,4,3,0,0,2,0,0.34,0.11,0.46,0.34,0.46,Matches,c59eb985
592,Christian Mcdonald,eng ENG,FW,Manchester City,15,2007,2,1,96,1.1,0,0,0,0,0,0,0,0,0.00,0.00,0.00,0.00,0.00,Matches,a187cb33
593,Josh Mcdonald,sct SCO,MF,Leeds United,16,2007,1,0,45,0.5,0,0,0,0,0,0,0,0,0.00,0.00,0.00,0.00,0.00,Matches,e635e0f7
594,Jamie McDonnell,nir NIR,MFDF,Nottingham,19,2004,20,20,1800,20.0,2,2,4,2,0,0,5,0,0.10,0.10,0.20,0.10,0.20,Matches,b0df78a0
595,Max McFadden,eng ENG,MF,Leeds United,17,2005,4,3,257,2.9,0,0,0,0,0,0,0,0,0.00,0.00,0.00,0.00,0.00,Matches,4a9254f5
596,Callum McFarlane,eng ENG,FW,Fulham,19,2003,7,2,243,2.7,3,0,3,3,0,0,0,0,1.11,0.00,1.11,1.11,1.11,Matches,3ad76a60
597,Tom McGill,eng ENG,GK,Brighton,23,2000,3,3,270,3.0,0,0,0,0,0,0,0,0,0.00,0.00,0.00,0.00,0.00,Matches,4eb2d015
598,Dara McGuinness,ie IRL,MFFW,Stoke City,19,2004,13,9,802,8.9,5,2,7,5,0,0,1,0,0.56,0.22,0.79,0.56,0.79,Matches,36143126
599,Sean McGurk,eng ENG,MFFW,Leeds United,20,2003,8,7,584,6.5,4,3,7,2,2,3,3,0,0.62,0.46,1.08,0.31,0.77,Matches,33cbe5b9
600,Marcel McIntosh,eng ENG,DFMF,Norwich City,19,2004,10,7,599,6.7,0,1,1,0,0,0,0,0,0.00,0.15,0.15,0.00,0.15,Matches,c5903775
601,Tom McIntyre,sct SCO,DF,Reading FC,24,1998,1,1,90,1.0,0,0,0,0,0,0,0,0,0.00,0.00,0.00,0.00,0.00,Matches,6e90b2f7
602,Maxwell Mcknight,eng ENG,DF,Tottenham,18,2004,10,4,387,4.3,0,0,0,0,0,0,0,0,0.00,0.00,0.00,0.00,0.00,Matches,5ac5feb0
603,Terrence McLaughlin-Miles,eng ENG,DF,Liverpool,18,2004,19,17,1516,16.8,1,0,1,1,0,0,2,0,0.06,0.00,0.06,0.06,0.06,Matches,ee930c24
604,Ethan McLeod,eng ENG,FW,Wolves,19,2004,8,0,84,0.9,0,0,0,0,0,0,0,0,0.00,0.00,0.00,0.00,0.00,Matches,fceeba0f
605,Harrison Mcmahon,eng ENG,MF,Chelsea,17,2006,3,2,199,2.2,0,0,0,0,0,0,0,0,0.00,0.00,0.00,0.00,0.00,Matches,e441414f
606,Alfie McNally,eng ENG,GK,Fulham,18,2004,9,9,807,9.0,0,0,0,0,0,0,0,0,0.00,0.00,0.00,0.00,0.00,Matches,419fba9c
607,Joshua McNamara,eng ENG,GK,Southampton,19,2003,11,10,945,10.5,0,0,0,0,0,0,0,0,0.00,0.00,0.00,0.00,0.00,Matches,351991d5
608,Charlie McNeill,eng ENG,FW,Manchester Utd,19,2003,11,6,632,7.0,3,1,4,3,0,0,0,0,0.43,0.14,0.57,0.43,0.57,Matches,f9de9c23
609,Donnell McNeilly,eng ENG,FW,Chelsea,17,2005,9,1,218,2.4,4,0,4,4,0,0,2,0,1.65,0.00,1.65,1.65,1.65,Matches,b83c808f
610,Jaden Mears,eng ENG,DFMF,Stoke City,17,2006,6,4,424,4.7,0,0,0,0,0,0,2,0,0.00,0.00,0.00,0.00,0.00,Matches,ffced06d
611,Dermot Mee,nir NIR,GK,Manchester Utd,20,2002,5,4,387,4.3,0,0,0,0,0,0,0,0,0.00,0.00,0.00,0.00,0.00,Matches,caa32820
612,Jayden Meghoma,eng ENG,DF,Southampton,17,2006,17,17,1422,15.8,0,0,0,0,0,0,4,0,0.00,0.00,0.00,0.00,0.00,Matches,07382f6c
613,Hannibal Mejbri,tn TUN,MF,Manchester Utd,20,2003,1,1,90,1.0,0,0,0,0,0,0,0,0,0.00,0.00,0.00,0.00,0.00,Matches,ca22ccb0
614,Mateo Mejía,es ESP,FWMF,Manchester Utd,20,2003,9,9,694,7.7,4,4,8,3,1,2,0,0,0.52,0.52,1.04,0.39,0.91,Matches,a96e9b5c
615,Teden Mengi,eng ENG,DF,Manchester Utd,21,2002,2,2,180,2.0,0,0,0,0,0,0,0,0,0.00,0.00,0.00,0.00,0.00,Matches,91748070
616,Max Merrick,eng ENG,GK,Chelsea,17,2005,7,7,630,7.0,0,0,0,0,0,0,0,0,0.00,0.00,0.00,0.00,0.00,Matches,420d18fe
617,Will Merry,eng ENG,FWMF,Southampton,17,2005,12,4,419,4.7,1,0,1,1,0,0,0,0,0.21,0.00,0.21,0.21,0.21,Matches,3eedd2d1
618,Jenson Metcalfe,eng ENG,MF,Everton,18,2004,18,18,1619,18.0,2,4,6,2,0,0,6,0,0.11,0.22,0.33,0.11,0.33,Matches,5c2595e2
619,Kevin Mfuamba,eng ENG,MFDF,West Brom,16,2006,17,12,1060,11.8,1,0,1,1,0,0,1,0,0.08,0.00,0.08,0.08,0.08,Matches,19cb8f9d
620,Stephen Mfuni,eng ENG,DF,Manchester City,15,2008,3,1,180,2.0,1,0,1,1,0,0,1,0,0.50,0.00,0.50,0.50,0.50,Matches,c6685def
621,Nicholas Michalski,eng ENG,GK,Blackburn,16,2007,7,7,630,7.0,0,0,0,0,0,0,0,0,0.00,0.00,0.00,0.00,0.00,Matches,5ac26057
622,Ben Middlemas,eng ENG,MF,Sunderland,18,2004,12,10,928,10.3,0,1,1,0,0,0,4,0,0.00,0.10,0.10,0.00,0.10,Matches,e823ee1c
623,Alex Mighten,eng ENG,FW,Nottingham,21,2002,3,3,264,2.9,3,0,3,3,0,0,0,0,1.02,0.00,1.02,1.02,1.02,Matches,10ec4169
624,Harrison Miles,eng ENG,MF,Southampton,15,2008,2,2,169,1.9,0,0,0,0,0,0,0,0,0.00,0.00,0.00,0.00,0.00,Matches,25a3e3b5
625,Jamie Miley,eng ENG,MF,Newcastle,19,2004,13,13,1023,11.4,1,1,2,1,0,0,4,0,0.09,0.09,0.18,0.09,0.18,Matches,86bef93d
626,Lewis Miley,eng ENG,MF,Newcastle,17,2006,4,4,333,3.7,1,0,1,1,0,0,1,0,0.27,0.00,0.27,0.27,0.27,Matches,2c6835e5
627,Ashton Missin,eng ENG,MFDF,Manchester Utd,16,2006,5,3,340,3.8,1,0,1,1,0,0,0,0,0.26,0.00,0.26,0.26,0.26,Matches,5c82b4fd
628,Ryan Mmaee,ma MAR,FW,Stoke City,25,1997,1,1,90,1.0,0,0,0,0,0,0,0,0,0.00,0.00,0.00,0.00,0.00,Matches,8a56c04c
629,Jakub Moder,pl POL,MF,Brighton,24,1999,2,2,76,0.8,0,0,0,0,0,0,0,0,0.00,0.00,0.00,0.00,0.00,Matches,f230bc30
630,Jamal Mohammed,eng ENG,DF,West Brom,17,2006,4,4,277,3.1,0,0,0,0,0,0,0,0,0.00,0.00,0.00,0.00,0.00,Matches,a332fb7a
631,Clinton Mola,eng ENG,DF,Reading FC,22,2001,1,1,90,1.0,0,0,0,0,0,0,0,0,0.00,0.00,0.00,0.00,0.00,Matches,29ddfb9c
632,Riley Moloney,eng ENG,MFDF,Derby County,17,2005,16,13,1044,11.6,1,1,2,1,0,0,0,0,0.09,0.09,0.17,0.09,0.17,Matches,8a21b5bb
633,Zane Monlouis,eng ENG,DF,Arsenal,19,2003,11,10,913,10.1,0,0,0,0,0,0,1,0,0.00,0.00,0.00,0.00,0.00,Matches,7745640e
634,Zane Monlouis,eng ENG,MF,Reading FC,19,2003,1,1,72,0.8,0,0,0,0,0,0,0,0,0.00,0.00,0.00,0.00,0.00,Matches,7745640e
635,Diogo Monteiro,pt POR,DFMF,Leeds United,18,2005,18,15,1384,15.4,0,0,0,0,0,0,3,0,0.00,0.00,0.00,0.00,0.00,Matches,17850779
636,Kristi Montgomery,sct SCO,DFMF,Blackburn,19,2004,5,5,450,5.0,0,2,2,0,0,0,1,0,0.00,0.40,0.40,0.00,0.40,Matches,8c1a7e94
637,Bradley Moonan,,DF,Everton,,,8,4,452,5.0,1,0,1,1,0,0,1,0,0.20,0.00,0.20,0.20,0.20,Matches,9929ac74
638,Callum Moore,,DF,Derby County,,,10,8,790,8.8,0,1,1,0,0,0,2,0,0.00,0.11,0.11,0.00,0.11,Matches,5561515e
639,Jayden Moore,,DF,Southampton,,,5,4,370,4.1,0,1,1,0,0,0,1,0,0.00,0.24,0.24,0.00,0.24,Matches,ed23d14e
640,Kobei Moore,eng ENG,FW,Aston Villa,18,2004,18,15,1225,13.6,9,3,12,7,2,3,4,0,0.66,0.22,0.88,0.51,0.73,Matches,04fd8cde
641,Kris Moore,eng ENG,DF,Leeds United,19,2003,17,15,1374,15.3,1,2,3,1,0,0,1,0,0.07,0.13,0.20,0.07,0.20,Matches,b660a486
642,Sean Moore,ie IRL,MFFW,West Ham,17,2005,17,9,833,9.3,3,2,5,3,0,0,3,0,0.32,0.22,0.54,0.32,0.54,Matches,773dfd4f
643,Wesley Moraes,br BRA,FW,Stoke City,26,1996,1,1,65,0.7,0,0,0,0,0,0,0,0,0.00,0.00,0.00,0.00,0.00,Matches,bfae110f
644,Andrew Moran,ie IRL,MF,Brighton,19,2003,2,2,180,2.0,0,1,1,0,0,0,0,0,0.00,0.50,0.50,0.00,0.50,Matches,c4720845
645,Diego Moreira,be BEL,MFFW,Chelsea,18,2004,6,4,351,3.9,1,1,2,1,0,0,1,0,0.26,0.26,0.51,0.26,0.51,Matches,12de1b0d
646,George Morgan,wls WAL,FW,Everton,16,2006,1,0,45,0.5,0,0,0,0,0,0,0,0,0.00,0.00,0.00,0.00,0.00,Matches,e015c8f1
647,Jimmy Morgan,eng ENG,FW,Chelsea,17,2006,14,10,846,9.4,6,1,7,5,1,1,1,0,0.64,0.11,0.74,0.53,0.64,Matches,f9d409a1
648,Scott Morris,nz NZL,GK,Stoke City,22,2001,1,0,46,0.5,0,0,0,0,0,0,0,0,0.00,0.00,0.00,0.00,0.00,Matches,16a53c98
649,Kieran Morrison,nir NIR,MF,Liverpool,16,2006,2,0,66,0.7,0,0,0,0,0,0,0,0,0.00,0.00,0.00,0.00,0.00,Matches,25683300
650,Malik Mothersille,jm JAM,MF,Everton,19,2003,3,0,68,0.8,0,1,1,0,0,0,0,0,0.00,1.32,1.32,0.00,1.32,Matches,b000515e
651,Fabian Mrozek,pl POL,GK,Liverpool,19,2003,13,13,1170,13.0,0,0,0,0,0,0,0,0,0.00,0.00,0.00,0.00,0.00,Matches,927eecf9
652,Divin Mubama,eng ENG,FWMF,West Ham,18,2004,5,5,419,4.7,2,0,2,2,0,0,2,1,0.43,0.00,0.43,0.43,0.43,Matches,92868cb5
653,Ashton Muir,eng ENG,FW,Manchester City,17,2005,2,1,73,0.8,0,0,0,0,0,0,0,0,0.00,0.00,0.00,0.00,0.00,Matches,0d19aa13
654,Lorenze Mullarky-Matthews,,MF,Blackburn,,,3,1,55,0.6,0,0,0,0,0,0,0,0,0.00,0.00,0.00,0.00,0.00,Matches,85de4f4c
655,Jamie Mullins,ie IRL,MFFW,Brighton,18,2004,17,14,1146,12.7,5,3,8,5,0,0,5,0,0.39,0.24,0.63,0.39,0.63,Matches,eb5e71c8
656,Anthony Munda,eng ENG,MF,Newcastle,16,2006,4,3,315,3.5,1,1,2,1,0,0,0,0,0.29,0.29,0.57,0.29,0.57,Matches,3c2d9240
657,Errol Mundle-Smith,eng ENG,FW,Norwich City,17,2006,7,5,463,5.1,3,1,4,3,0,1,1,0,0.58,0.19,0.78,0.58,0.78,Matches,0d70a9e6
658,Finley Munroe,eng ENG,DF,Aston Villa,18,2005,12,10,875,9.7,0,1,1,0,0,0,6,2,0.00,0.10,0.10,0.00,0.10,Matches,36625c27
659,Alex Murphy,ie IRL,DF,Newcastle,19,2004,7,7,535,5.9,0,0,0,0,0,0,1,0,0.00,0.00,0.00,0.00,0.00,Matches,f1c42eb3
660,Paul Murphy-Worrell,eng ENG,MF,Blackburn,16,2006,1,0,8,0.1,0,0,0,0,0,0,0,0,0.00,0.00,0.00,0.00,0.00,Matches,1ed6d1de
661,Sam Murray,eng ENG,DF,Manchester Utd,18,2004,16,15,1295,14.4,0,2,2,0,0,0,4,0,0.00,0.14,0.14,0.00,0.14,Matches,8b2d2b50
662,Harrison Murray-Campbell,eng ENG,DF,Chelsea,16,2006,4,2,204,2.3,0,1,1,0,0,0,2,0,0.00,0.44,0.44,0.00,0.44,Matches,1c70b3dd
663,George Murray-Jones,eng ENG,GK,Manchester City,18,2004,7,7,630,7.0,0,0,0,0,0,0,0,0,0.00,0.00,0.00,0.00,0.00,Matches,2a867a7c
664,Victor Musa,es ESP,MF,Manchester Utd,16,2006,3,1,93,1.0,0,0,0,0,0,0,0,0,0.00,0.00,0.00,0.00,0.00,Matches,f6f76f5c
665,Mateusz Musialowski,pl POL,FWMF,Liverpool,19,2003,9,9,796,8.8,3,1,4,3,0,0,2,0,0.34,0.11,0.45,0.34,0.45,Matches,c24014d7
666,Hindolo Mustapha,sl SLE,MF,Crystal Palace,17,2006,2,1,113,1.3,1,0,1,1,0,0,0,0,0.80,0.00,0.80,0.80,0.80,Matches,4ce4b98e
667,Elliot Myles,wls WAL,FWMF,Norwich City,16,2007,10,6,543,6.0,2,1,3,2,0,0,0,0,0.33,0.17,0.50,0.33,0.50,Matches,fd195bd7
668,Tom Myles,eng ENG,GK,Manchester Utd,17,2005,2,1,150,1.7,0,0,0,0,0,0,0,0,0.00,0.00,0.00,0.00,0.00,Matches,e56b1efc
669,Jack Nadin,eng ENG,MFFW,Nottingham,18,2004,11,8,734,8.2,2,0,2,2,0,0,0,0,0.25,0.00,0.25,0.25,0.25,Matches,439e348d
670,Adam Najeeb,pk PAK,GK,Blackburn,17,2005,2,2,180,2.0,0,0,0,0,0,0,1,0,0.00,0.00,0.00,0.00,0.00,Matches,dfe8bfc0
671,Amara Nallo,eng ENG,DF,Liverpool,16,2006,13,13,1141,12.7,1,0,1,1,0,0,1,0,0.08,0.00,0.08,0.08,0.08,Matches,398a24f6
672,Adler Nascimento,pt POR,MFFW,Crystal Palace,18,2004,7,2,181,2.0,0,0,0,0,0,0,1,0,0.00,0.00,0.00,0.00,0.00,Matches,de497d7d
673,Sebastian Naylor,eng ENG,DF,Manchester City,17,2005,1,0,45,0.5,0,0,0,0,0,0,0,0,0.00,0.00,0.00,0.00,0.00,Matches,d795e110
674,Joel Ndala,eng ENG,FWMF,Manchester City,17,2006,11,10,770,8.6,0,0,0,0,0,0,2,0,0.00,0.00,0.00,0.00,0.00,Matches,e0767642
675,Michael Ndiweni,eng ENG,FW,Newcastle,19,2003,4,1,130,1.4,0,0,0,0,0,0,0,0,0.00,0.00,0.00,0.00,0.00,Matches,8aff2b51
676,Sean Neave,eng ENG,FW,Newcastle,16,2007,2,0,38,0.4,0,0,0,0,0,0,0,0,0.00,0.00,0.00,0.00,0.00,Matches,ff392864
677,Benjamin Nelson,eng ENG,DF,Leicester City,19,2004,6,6,527,5.9,1,0,1,1,0,0,2,0,0.17,0.00,0.17,0.17,0.17,Matches,7be10897
678,Deago Nelson,eng ENG,DFMF,West Brom,17,2005,13,11,1006,11.2,0,0,0,0,0,0,1,0,0.00,0.00,0.00,0.00,0.00,Matches,5e1e16a1
679,Jamie Newton,sct SCO,FW,Nottingham,18,2005,6,1,203,2.3,0,0,0,0,0,0,0,1,0.00,0.00,0.00,0.00,0.00,Matches,17448ce1
680,Brooklyn Nfonkeu,eng ENG,FW,Manchester City,16,2007,1,0,5,0.1,0,0,0,0,0,0,0,0,0.00,0.00,0.00,0.00,0.00,Matches,64e503b1
681,Moussa Niakhaté,sn SEN,DF,Nottingham,27,1996,1,1,61,0.7,0,0,0,0,0,0,0,0,0.00,0.00,0.00,0.00,0.00,Matches,00242715
682,Josh Nichols,eng ENG,DFMF,Arsenal,17,2006,9,5,457,5.1,0,1,1,0,0,0,2,0,0.00,0.20,0.20,0.00,0.20,Matches,676cf55d
683,Casper Nilsson,se SWE,DFMF,Brighton,19,2003,17,11,1015,11.3,0,0,0,0,0,0,1,0,0.00,0.00,0.00,0.00,0.00,Matches,69d7c9d4
684,Daniel Nkrumah,eng ENG,FW,Middlesbrough,19,2003,8,5,445,4.9,1,0,1,1,0,0,1,0,0.20,0.00,0.20,0.20,0.20,Matches,4b9a2c96
685,Blondy Nna Noukeu,cm CMR,GK,Stoke City,22,2001,10,10,900,10.0,0,0,0,0,0,0,0,0,0.00,0.00,0.00,0.00,0.00,Matches,9b526c28
686,Kian Noble,eng ENG,DF,Manchester City,16,2007,5,4,311,3.5,0,0,0,0,0,0,2,1,0.00,0.00,0.00,0.00,0.00,Matches,9c4cc5b2
687,James Nolan,eng ENG,DF,Manchester Utd,17,2005,12,7,669,7.4,1,0,1,1,0,0,3,0,0.13,0.00,0.13,0.13,0.13,Matches,101abef1
688,Tom Norcott,eng ENG,GK,Reading FC,18,2004,2,2,180,2.0,0,0,0,0,0,0,0,0,0.00,0.00,0.00,0.00,0.00,Matches,d9d6879e
689,Manni Norkett,eng ENG,FW,Nottingham,18,2004,11,1,177,2.0,1,0,1,1,0,0,1,0,0.51,0.00,0.51,0.51,0.51,Matches,3ea3aa2e
690,James Norris,eng ENG,MFFW,Liverpool,20,2003,3,3,270,3.0,1,0,1,1,0,0,0,0,0.33,0.00,0.33,0.33,0.33,Matches,788cd1c9
691,Junior Nsangou,pl POL,FWMF,Blackburn,17,2005,14,7,787,8.7,4,2,6,4,0,0,1,0,0.46,0.23,0.69,0.46,0.69,Matches,c6d7c2db
692,Eno Nto,eng ENG,MF,Derby County,20,2002,6,5,356,4.0,1,0,1,1,0,0,0,0,0.25,0.00,0.25,0.25,0.25,Matches,81b11476
693,Ethan Nwaneri,eng ENG,MF,Arsenal,16,2007,13,13,1115,12.4,10,2,12,10,0,1,3,0,0.81,0.16,0.97,0.81,0.97,Matches,7f94982c
694,Chibuzo Nwoko,eng ENG,MF,Fulham,17,2005,1,0,9,0.1,0,0,0,0,0,0,0,0,0.00,0.00,0.00,0.00,0.00,Matches,fe14f93b
695,Trey Nyoni,eng ENG,MF,Liverpool,16,2007,10,9,810,9.0,1,0,1,1,0,0,3,0,0.11,0.00,0.11,0.11,0.11,Matches,1d3b3d77
696,Joe O'Brien-Whitmarsh,ie IRL,MFFW,Southampton,18,2005,5,3,266,3.0,2,0,2,2,0,0,0,0,0.68,0.00,0.68,0.68,0.68,Matches,fd1c27b8
697,Fin O'Gorman,,FW,Middlesbrough,,,1,0,10,0.1,0,0,0,0,0,0,0,0,0.00,0.00,0.00,0.00,0.00,Matches,d01e15e9
698,Harley O'Grady-Macken,eng ENG,MF,Blackburn,18,2004,10,8,614,6.8,2,3,5,2,0,0,7,1,0.29,0.44,0.73,0.29,0.73,Matches,1ef9c246
699,Mark O'Mahony,ie IRL,FW,Brighton,18,2005,11,10,902,10.0,9,1,10,9,0,0,0,0,0.90,0.10,1.00,0.90,1.00,Matches,a3afdd69
700,Oliver O'Neill,ie IRL,MFFW,Fulham,20,2003,8,8,718,8.0,2,3,5,2,0,0,2,0,0.25,0.38,0.63,0.25,0.63,Matches,4e1dce9b
701,Aaron O'Reilly,ie IRL,DF,Aston Villa,19,2004,5,2,199,2.2,0,0,0,0,0,0,1,0,0.00,0.00,0.00,0.00,0.00,Matches,a776ff2e
702,Nico O'Reilly,eng ENG,MFFW,Manchester City,18,2005,8,7,591,6.6,2,0,2,2,0,0,1,0,0.30,0.00,0.30,0.30,0.30,Matches,91ca4a16
703,Tommi O'Reilly,eng ENG,MFFW,Aston Villa,19,2003,9,9,810,9.0,3,7,10,3,0,0,5,0,0.33,0.78,1.11,0.33,1.11,Matches,345fc437
704,Connor O'Riordan,ie IRL,DF,Blackburn,19,2003,2,2,161,1.8,0,0,0,0,0,0,0,0,0.00,0.00,0.00,0.00,0.00,Matches,b44593a2
705,Chidozie Obi-Martin,dk DEN,FW,Arsenal,15,2007,2,0,22,0.2,0,0,0,0,0,0,0,0,0.00,0.00,0.00,0.00,0.00,Matches,0c9bfc3b
706,Justin Oboavwoduo,eng ENG,FWMF,Manchester City,16,2006,10,9,765,8.5,3,3,6,3,0,0,0,0,0.35,0.35,0.71,0.35,0.71,Matches,055ebc3a
707,Kwaku Oduroh,eng ENG,DF,Derby County,20,2002,3,1,109,1.2,0,0,0,0,0,0,0,0,0.00,0.00,0.00,0.00,0.00,Matches,444eb17f
708,Idris Odutayo,eng ENG,DF,Fulham,20,2002,6,5,476,5.3,0,0,0,0,0,0,1,0,0.00,0.00,0.00,0.00,0.00,Matches,0185c62c
709,Odeluga Offiah,eng ENG,DFMF,Brighton,20,2002,6,6,458,5.1,1,0,1,1,0,0,0,0,0.20,0.00,0.20,0.20,0.20,Matches,65c3efa2
710,Habeeb Ogunneye,eng ENG,DFMF,Manchester Utd,18,2005,9,7,615,6.8,0,0,0,0,0,0,1,0,0.00,0.00,0.00,0.00,0.00,Matches,d0cdc0a3
711,Trey Ogunsuyi,eng ENG,FW,Sunderland,16,2006,7,4,374,4.2,0,0,0,0,0,0,0,0,0.00,0.00,0.00,0.00,0.00,Matches,44301298
712,Justin Oguntolu,,FW,Derby County,,,3,0,28,0.3,0,0,0,0,0,0,0,0,0.00,0.00,0.00,0.00,0.00,Matches,4cc12a7a
713,Daniel Ogwuru,eng ENG,FW,Norwich City,18,2004,8,5,472,5.2,2,1,3,2,0,0,0,0,0.38,0.19,0.57,0.38,0.57,Matches,39f00d09
714,Temple Ojinnaka,it ITA,DF,Wolves,18,2005,10,7,647,7.2,0,0,0,0,0,0,0,0,0.00,0.00,0.00,0.00,0.00,Matches,4e93ceb2
715,David Okagbue,ie IRL,DF,Stoke City,19,2004,2,2,180,2.0,0,0,0,0,0,0,0,0,0.00,0.00,0.00,0.00,0.00,Matches,4c871e44
716,Michael Okeke,hu HUN,DFMF,Manchester City,17,2005,11,7,720,8.0,1,1,2,1,0,0,2,0,0.12,0.12,0.25,0.12,0.25,Matches,d9d1abd0
717,Jeremiah Okine-Peters,,MFFW,Reading FC,,,18,9,1035,11.5,4,2,6,4,0,0,1,0,0.35,0.17,0.52,0.35,0.52,Matches,46da79db
718,Georgios Okkas,cy CYP,DFMF,Fulham,19,2003,16,10,1004,11.2,1,0,1,1,0,0,1,0,0.09,0.00,0.09,0.09,0.09,Matches,ce8591b0
719,Wesley Okoduwa,eng ENG,DFMF,Wolves,15,2008,3,2,197,2.2,0,0,0,0,0,0,1,0,0.00,0.00,0.00,0.00,0.00,Matches,58469e7c
720,Brian Okonkwo,eng ENG,GK,Arsenal,17,2005,3,3,270,3.0,0,0,0,0,0,0,0,0,0.00,0.00,0.00,0.00,0.00,Matches,504342f7
721,Francis Okoronkwo,eng ENG,FW,Everton,18,2004,11,10,842,9.4,5,1,6,2,3,3,2,0,0.53,0.11,0.64,0.21,0.32,Matches,44270870
722,Ademola Ola-Adebomi,eng ENG,FW,Crystal Palace,19,2004,10,10,834,9.3,7,0,7,7,0,0,2,0,0.76,0.00,0.76,0.76,0.76,Matches,efacf4fd
723,Kazeem Olaigbe,be BEL,MF,Southampton,20,2003,1,1,90,1.0,0,0,0,0,0,0,0,0,0.00,0.00,0.00,0.00,0.00,Matches,f3ec7e64
724,Richard Olise,eng ENG,DF,Chelsea,18,2004,7,2,164,1.8,0,0,0,0,0,0,1,0,0.00,0.00,0.00,0.00,0.00,Matches,52c0001f
725,Charlie Olson,eng ENG,DF,Blackburn,18,2004,13,10,932,10.4,0,0,0,0,0,0,5,0,0.00,0.00,0.00,0.00,0.00,Matches,7c313382
726,Callum Olusesi,eng ENG,MF,Tottenham,16,2007,1,0,45,0.5,0,0,0,0,0,0,0,0,0.00,0.00,0.00,0.00,0.00,Matches,d6455444
727,Tom Olyott,eng ENG,FW,Fulham,17,2006,1,0,1,0.0,0,0,0,0,0,0,0,0,0.00,0.00,0.00,0.00,0.00,Matches,a5d182b9
728,Darryl Ombang,eng ENG,GK,Leeds United,18,2005,1,1,90,1.0,0,0,0,0,0,0,0,0,0.00,0.00,0.00,0.00,0.00,Matches,f6f8d77c
729,Tyler Onyango,eng ENG,MFDF,Everton,20,2003,9,9,749,8.3,1,1,2,1,0,0,3,0,0.12,0.12,0.24,0.12,0.24,Matches,d86a1f3e
730,Lewis Orford,eng ENG,MFDF,West Ham,17,2006,20,16,1543,17.1,4,0,4,4,0,0,1,0,0.23,0.00,0.23,0.23,0.23,Matches,40aaa04c
731,Adisa Osayande,,DF,Derby County,,,2,1,107,1.2,0,0,0,0,0,0,0,0,0.00,0.00,0.00,0.00,0.00,Matches,de0f73d9
732,Niall Osbourne,eng ENG,DF,Liverpool,18,2005,1,0,1,0.0,0,0,0,0,0,0,0,0,0.00,0.00,0.00,0.00,0.00,Matches,14ab0cf8
733,Owen Oseni,ng NGA,FW,Derby County,20,2003,4,0,66,0.7,1,0,1,1,0,0,0,0,1.36,0.00,1.36,1.36,1.36,Matches,223156dd
734,Callum Osmand,wls WAL,FW,Fulham,17,2005,11,7,644,7.2,6,2,8,6,0,0,0,0,0.84,0.28,1.12,0.84,1.12,Matches,61606249
735,Detlef Osong,eng ENG,FW,Nottingham,18,2004,16,12,1112,12.4,4,0,4,4,0,0,1,0,0.32,0.00,0.32,0.32,0.32,Matches,a42bbccc
736,Johnson Osong,,FW,Derby County,,,2,0,52,0.6,0,0,0,0,0,0,0,0,0.00,0.00,0.00,0.00,0.00,Matches,156dff2e
737,Kirsten Otchere,,FW,Leicester City,,,2,1,76,0.8,0,0,0,0,0,0,0,0,0.00,0.00,0.00,0.00,0.00,Matches,94f163d5
738,Gabriel Otegbayo,,DF,Stoke City,,,1,1,57,0.6,0,0,0,0,0,0,1,0,0.00,0.00,0.00,0.00,0.00,Matches,3f7e8bde
739,Salah Oulad M'Hand,nl NED,MF,Arsenal,19,2003,1,0,1,0.0,0,0,0,0,0,0,0,0,0.00,0.00,0.00,0.00,0.00,Matches,b85c3273
740,Max Oyedele,pl POL,MF,Manchester Utd,18,2004,14,13,1123,12.5,1,2,3,1,0,0,1,0,0.08,0.16,0.24,0.08,0.24,Matches,1c6742d9
741,Nicholas Oyekunle,eng ENG,FW,Southampton,16,2007,1,0,17,0.2,0,0,0,0,0,0,0,0,0.00,0.00,0.00,0.00,0.00,Matches,4e2e3d8c
742,David Ozoh,eng ENG,MF,Crystal Palace,18,2005,4,4,331,3.7,0,1,1,0,0,0,0,0,0.00,0.27,0.27,0.00,0.27,Matches,d00d45ab
743,Adrion Pajaziti,al ALB,MF,Fulham,20,2002,14,13,1122,12.5,6,5,11,3,3,3,1,0,0.48,0.40,0.88,0.24,0.64,Matches,8f377a89
744,Darren Palmer,eng ENG,FW,Newcastle,17,2005,1,0,12,0.1,0,0,0,0,0,0,0,0,0.00,0.00,0.00,0.00,0.00,Matches,d945911a
745,Harrison Parker,eng ENG,DF,Manchester City,16,2006,1,1,78,0.9,0,0,0,0,0,0,0,0,0.00,0.00,0.00,0.00,0.00,Matches,8b58b7f3
746,Stefan Parkes,eng ENG,DF,Fulham,19,2004,4,3,176,2.0,0,0,0,0,0,0,0,0,0.00,0.00,0.00,0.00,0.00,Matches,66b290f7
747,Ben Parkinson,eng ENG,FW,Newcastle,18,2005,15,12,1055,11.7,5,0,5,5,0,0,4,0,0.43,0.00,0.43,0.43,0.43,Matches,32163807
748,Maksim Paskotši,ee EST,MFDF,Tottenham,20,2003,2,2,173,1.9,0,0,0,0,0,0,0,0,0.00,0.00,0.00,0.00,0.00,Matches,8bde9ba6
749,Jack Patterson,nir NIR,MF,Everton,17,2005,4,2,153,1.7,0,0,0,0,0,0,0,0,0.00,0.00,0.00,0.00,0.00,Matches,eb3c0479
750,Travis Patterson,eng ENG,DF,Aston Villa,17,2005,14,11,965,10.7,3,2,5,3,0,0,5,0,0.28,0.19,0.47,0.28,0.47,Matches,e0b5d31b
751,Rio Patterson-Powell,eng ENG,FW,Middlesbrough,17,2005,1,0,31,0.3,0,0,0,0,0,0,0,0,0.00,0.00,0.00,0.00,0.00,Matches,c20d26d8
752,Sam Paul,eng ENG,DF,Reading FC,19,2003,12,9,820,9.1,0,2,2,0,0,0,1,0,0.00,0.22,0.22,0.00,0.22,Matches,2df37e0f
753,Luke Pearce,ie IRL,FW,Southampton,19,2004,11,10,919,10.2,7,1,8,7,0,0,1,0,0.69,0.10,0.78,0.69,0.78,Matches,df1e34a1
754,Aynsley Pears,eng ENG,GK,Blackburn,25,1998,1,1,90,1.0,0,0,0,0,0,0,1,0,0.00,0.00,0.00,0.00,0.00,Matches,dfa084b2
755,Brody Peart,eng ENG,FW,Brighton,17,2005,5,0,125,1.4,0,0,0,0,0,0,0,0,0.00,0.00,0.00,0.00,0.00,Matches,6d36da36
756,Timothee Pembele,fr FRA,DF,Sunderland,20,2002,4,4,315,3.5,0,2,2,0,0,0,0,0,0.00,0.57,0.57,0.00,0.57,Matches,f8ce97ca
757,Kian Pennant,eng ENG,FW,Leicester City,19,2004,16,5,527,5.9,2,0,2,2,0,0,1,0,0.34,0.00,0.34,0.34,0.34,Matches,9b2b8711
758,Cody Pennington,eng ENG,MF,Liverpool,17,2006,3,0,3,0.0,0,0,0,0,0,0,0,0,0.00,0.00,0.00,0.00,0.00,Matches,a237c46d
759,Jack Perkins,eng ENG,MFFW,Nottingham,19,2003,17,15,1388,15.4,0,2,2,0,0,0,1,0,0.00,0.13,0.13,0.00,0.13,Matches,7c320ea5
760,Sonny Perkins,eng ENG,FW,Leeds United,19,2004,5,5,398,4.4,0,1,1,0,0,1,1,0,0.00,0.23,0.23,0.00,0.23,Matches,87f12e30
761,Ben Perry,eng ENG,MF,Nottingham,18,2004,15,12,1043,11.6,1,0,1,1,0,0,2,0,0.09,0.00,0.09,0.09,0.09,Matches,4bd3a00a
762,Jack Perry,eng ENG,DFMF,Derby County,17,2006,7,4,357,4.0,0,0,0,0,0,0,3,0,0.00,0.00,0.00,0.00,0.00,Matches,42c2153a
763,Cameron Peupion,au AUS,FW,Brighton,20,2002,3,3,263,2.9,0,0,0,0,0,0,0,0,0.00,0.00,0.00,0.00,0.00,Matches,0bdeb013
764,Ashley Phillips,wls WAL,DF,Tottenham,18,2005,2,2,180,2.0,0,0,0,0,0,0,1,0,0.00,0.00,0.00,0.00,0.00,Matches,4f21d3af
765,Narel Phillips,eng ENG,MFDF,West Brom,18,2005,11,3,440,4.9,0,1,1,0,0,0,2,0,0.00,0.20,0.20,0.00,0.20,Matches,b0cea612
766,George Pickford,eng ENG,GK,Everton,16,2007,2,2,180,2.0,0,0,0,0,0,0,0,0,0.00,0.00,0.00,0.00,0.00,Matches,4a8c77ec
767,Kyrie Pierre,eng ENG,MFFW,Aston Villa,18,2005,15,11,795,8.8,4,1,5,4,0,0,0,0,0.45,0.11,0.57,0.45,0.57,Matches,b99d9f99
768,Tommy Pilling,eng ENG,MF,Liverpool,18,2004,19,9,918,10.2,0,0,0,0,0,0,0,0,0.00,0.00,0.00,0.00,0.00,Matches,b2177325
769,Carter Pinnington,eng ENG,DF,Liverpool,16,2007,16,13,1179,13.1,0,1,1,0,0,0,0,0,0.00,0.08,0.08,0.00,0.08,Matches,b8b2fe95
770,Pipa,es ESP,MFDF,West Brom,25,1998,2,2,106,1.2,0,0,0,0,0,0,0,0,0.00,0.00,0.00,0.00,0.00,Matches,10f1cd17
771,Marcelo Pitaluga,br BRA,GK,Liverpool,20,2002,5,5,450,5.0,0,0,0,0,0,0,1,0,0.00,0.00,0.00,0.00,0.00,Matches,b3cafda8
772,Lucas Pitt,eng ENG,DF,Liverpool,16,2006,1,1,90,1.0,0,0,0,0,0,0,0,0,0.00,0.00,0.00,0.00,0.00,Matches,63cf1e42
773,Luke Plange,eng ENG,FW,Crystal Palace,20,2002,3,3,270,3.0,4,0,4,4,0,0,2,0,1.33,0.00,1.33,1.33,1.33,Matches,2140e999
774,Kie Plumley,eng ENG,GK,Manchester Utd,19,2003,1,0,1,0.0,0,0,0,0,0,0,0,0,0.00,0.00,0.00,0.00,0.00,Matches,8ee4f544
775,Alfie Pond,eng ENG,DFMF,Wolves,19,2004,9,9,801,8.9,1,0,1,1,0,0,4,0,0.11,0.00,0.11,0.11,0.11,Matches,039c3d96
776,Christopher Popov,wls WAL,FW,Leicester City,18,2004,8,5,401,4.5,2,0,2,2,0,0,1,0,0.45,0.00,0.45,0.45,0.45,Matches,1860d243
777,Henry Popple,eng ENG,GK,Middlesbrough,19,2004,3,3,270,3.0,0,0,0,0,0,0,0,0,0.00,0.00,0.00,0.00,0.00,Matches,c8e66300
778,Brandon Powell,eng ENG,MFFW,Blackburn,17,2005,11,4,460,5.1,1,0,1,1,0,0,2,0,0.20,0.00,0.20,0.20,0.20,Matches,baef5c44
779,Harry Powell,eng ENG,MF,Newcastle,17,2005,1,0,7,0.1,0,0,0,0,0,0,0,0,0.00,0.00,0.00,0.00,0.00,Matches,95b3759d
780,Josh Powell,eng ENG,MFDF,Nottingham,18,2005,10,9,849,9.4,0,1,1,0,0,0,0,0,0.00,0.11,0.11,0.00,0.11,Matches,8129b437
781,Rory Powell,eng ENG,DF,Newcastle,17,2005,2,2,139,1.5,0,0,0,0,0,0,1,0,0.00,0.00,0.00,0.00,0.00,Matches,59b7f8d4
782,Sam Proctor,eng ENG,GK,Aston Villa,16,2006,1,1,90,1.0,0,0,0,0,0,0,0,0,0.00,0.00,0.00,0.00,0.00,Matches,b96cec48
783,Ben Purcell,wls WAL,MFDF,Reading FC,18,2004,11,6,556,6.2,0,0,0,0,0,0,1,0,0.00,0.00,0.00,0.00,0.00,Matches,3bd590de
784,Connor Pye,eng ENG,DF,Sunderland,19,2004,4,2,203,2.3,0,0,0,0,0,0,0,0,0.00,0.00,0.00,0.00,0.00,Matches,23e8354d
785,Logan Pye,eng ENG,DF,Crystal Palace,19,2003,1,1,90,1.0,0,0,0,0,0,0,0,0,0.00,0.00,0.00,0.00,0.00,Matches,534340fd
786,Przemysław Płacheta,pl POL,FW,Norwich City,25,1998,2,2,180,2.0,1,1,2,1,0,0,0,0,0.50,0.50,1.00,0.50,1.00,Matches,3c33f9d9
787,Jarell Quansah,eng ENG,DF,Liverpool,20,2003,1,1,90,1.0,0,0,0,0,0,0,1,0,0.00,0.00,0.00,0.00,0.00,Matches,4125cb98
788,Elián Quesada,cr CRC,DF,Arsenal,18,2005,3,0,83,0.9,0,0,0,0,0,0,0,0,0.00,0.00,0.00,0.00,0.00,Matches,3056a653
789,Martín Quiroz,eng ENG,MFDF,Middlesbrough,28,1994,8,4,474,5.3,0,0,0,0,0,0,2,0,0.00,0.00,0.00,0.00,0.00,Matches,cd804f86
790,Ben Radcliffe,eng ENG,DFMF,Derby County,19,2004,7,7,606,6.7,0,0,0,0,0,0,3,0,0.00,0.00,0.00,0.00,0.00,Matches,c1824876
791,Palmi Rafn Arinbjörnsson,is ISL,GK,Wolves,19,2003,2,2,180,2.0,0,0,0,0,0,0,0,0,0.00,0.00,0.00,0.00,0.00,Matches,b355a7e3
792,Arjan Raikhy,eng ENG,MFDF,Leicester City,20,2002,17,16,1351,15.0,1,3,4,1,0,0,2,0,0.07,0.20,0.27,0.07,0.27,Matches,5f364ecd
793,Jesurun Rak Sakyi,gh GHA,MFFW,Crystal Palace,20,2002,3,3,227,2.5,4,1,5,4,0,0,0,0,1.59,0.40,1.98,1.59,1.98,Matches,45685411
794,Samuel Rak-Sakyi,eng ENG,MFDF,Chelsea,18,2005,10,7,608,6.8,0,1,1,0,0,0,0,0,0.00,0.15,0.15,0.00,0.15,Matches,301ba71e
795,Luke Rawlings,eng ENG,MF,Wolves,15,2008,2,0,26,0.3,0,0,0,0,0,0,0,0,0.00,0.00,0.00,0.00,0.00,Matches,ba8a2a36
796,Jadan Raymond,wls WAL,MFFW,Crystal Palace,19,2003,11,7,719,8.0,2,2,4,2,0,0,2,0,0.25,0.25,0.50,0.25,0.50,Matches,9ad8d732
797,Kahrel Reddin,eng ENG,MFDF,Stoke City,19,2004,12,6,627,7.0,3,2,5,3,0,0,1,0,0.43,0.29,0.72,0.43,0.72,Matches,f7e7eb81
798,Mason Rees,eng ENG,MFDF,Wolves,17,2005,11,4,484,5.4,0,0,0,0,0,0,2,0,0.00,0.00,0.00,0.00,0.00,Matches,f191cdaf
799,Dylan Reid,sct SCO,MFDF,Crystal Palace,18,2005,12,9,829,9.2,1,1,2,1,0,0,1,0,0.11,0.11,0.22,0.11,0.22,Matches,4b9efe53
800,Michael Reindorf,eng ENG,MF,Norwich City,18,2005,2,0,19,0.2,0,0,0,0,0,0,0,0,0.00,0.00,0.00,0.00,0.00,Matches,aa4c9777
801,Waylon Renecke,za RSA,DF,Norwich City,17,2006,16,14,1335,14.8,0,0,0,0,0,0,4,0,0.00,0.00,0.00,0.00,0.00,Matches,b2b9b2c0
802,Seb Revan,eng ENG,DF,Aston Villa,20,2003,2,2,163,1.8,0,0,0,0,0,0,0,0,0.00,0.00,0.00,0.00,0.00,Matches,8525ec2a
803,Vicente Reyes,cl CHI,GK,Norwich City,19,2003,8,8,720,8.0,0,0,0,0,0,0,0,0,0.00,0.00,0.00,0.00,0.00,Matches,e1bf7567
804,Fabian Reynolds,jm JAM,FW,Wolves,17,2005,1,0,5,0.1,0,0,0,0,0,0,0,0,0.00,0.00,0.00,0.00,0.00,Matches,8b5e88d5
805,Harrison Rhone,eng ENG,GK,Reading FC,18,2005,1,0,2,0.0,0,0,0,0,0,0,0,0,0.00,0.00,0.00,0.00,0.00,Matches,966a26ce
806,Amani Richards,eng ENG,FWMF,Leicester City,18,2004,19,11,1142,12.7,3,5,8,3,0,2,2,0,0.24,0.39,0.63,0.24,0.63,Matches,68ff0629
807,Carlos Richards,eng ENG,MF,Derby County,17,2005,10,6,558,6.2,0,0,0,0,0,0,0,0,0.00,0.00,0.00,0.00,0.00,Matches,5d9b5b6d
808,Chris Richards,us USA,DF,Crystal Palace,23,2000,1,1,90,1.0,0,0,0,0,0,0,1,0,0.00,0.00,0.00,0.00,0.00,Matches,0a3d6d2b
809,Dujuan Richards,jm JAM,FWMF,Chelsea,17,2005,8,5,412,4.6,5,1,6,5,0,0,0,0,1.09,0.22,1.31,1.09,1.31,Matches,5d2df518
810,Joseph Richards,eng ENG,MFDF,Leeds United,17,2005,6,3,307,3.4,1,0,1,1,0,0,1,0,0.29,0.00,0.29,0.29,0.29,Matches,88bf6a2e
811,Matt Richards,eng ENG,MFDF,West Brom,18,2004,19,10,1137,12.6,0,0,0,0,0,0,2,0,0.00,0.00,0.00,0.00,0.00,Matches,6fb64221
812,Rico Richards,eng ENG,FWMF,Aston Villa,19,2003,8,8,672,7.5,3,1,4,3,0,0,0,0,0.40,0.13,0.54,0.40,0.54,Matches,657792ee
813,Adam Richardson,eng ENG,GK,Sunderland,19,2003,7,7,630,7.0,0,0,0,0,0,0,1,0,0.00,0.00,0.00,0.00,0.00,Matches,63c50482
814,Chris Rigg,eng ENG,MF,Sunderland,16,2007,4,3,249,2.8,0,0,0,0,0,0,0,0,0.00,0.00,0.00,0.00,0.00,Matches,35741fe2
815,Daniel Rigge,eng ENG,MF,West Ham,17,2006,5,1,133,1.5,1,0,1,1,0,0,0,0,0.68,0.00,0.68,0.68,0.68,Matches,bb3df3f0
816,Regan Riley,eng ENG,DFMF,Norwich City,20,2002,13,12,1057,11.7,0,2,2,0,0,0,0,0,0.00,0.17,0.17,0.00,0.17,Matches,401fab4d
817,Alexander Roberts,wls WAL,FW,Norwich City,17,2005,3,0,140,1.6,1,0,1,1,0,0,0,0,0.64,0.00,0.64,0.64,0.64,Matches,8150784e
818,Tyler Roberts,jm JAM,MFFW,Wolves,19,2003,5,4,263,2.9,3,0,3,3,0,0,0,0,1.03,0.00,1.03,1.03,1.03,Matches,91ac3046
819,Josh Robertson,sct SCO,MF,Sunderland,18,2005,1,0,16,0.2,0,0,0,0,0,0,0,0,0.00,0.00,0.00,0.00,0.00,Matches,24d5b001
820,Josh Robertson,sct SCO,MF,Brighton,18,2005,3,2,132,1.5,0,0,0,0,0,0,0,0,0.00,0.00,0.00,0.00,0.00,Matches,24d5b001
821,Darren Robinson,nir NIR,MFDF,Derby County,18,2004,12,12,1020,11.3,0,1,1,0,0,0,9,1,0.00,0.09,0.09,0.00,0.09,Matches,569525cd
822,Jay Robinson,eng ENG,FWMF,Southampton,16,2007,9,7,610,6.8,1,0,1,1,0,0,0,0,0.15,0.00,0.15,0.15,0.15,Matches,2a616c85
823,Josh Robinson,eng ENG,DF,Arsenal,18,2004,3,3,223,2.5,1,0,1,1,0,0,0,0,0.40,0.00,0.40,0.40,0.40,Matches,5260ea6b
824,Junior Robinson,eng ENG,MFDF,West Ham,19,2004,15,11,948,10.5,2,2,4,2,0,0,3,0,0.19,0.19,0.38,0.19,0.38,Matches,ecb01ccb
825,Keilen Robinson,eng ENG,DFMF,Derby County,17,2005,10,10,857,9.5,1,0,1,1,0,0,3,1,0.11,0.00,0.11,0.11,0.11,Matches,5eb9ea18
826,Max Robson,eng ENG,DF,Tottenham,20,2002,14,5,457,5.1,1,2,3,1,0,0,1,0,0.20,0.39,0.59,0.20,0.59,Matches,e498c8b0
827,Kaden Rodney,eng ENG,MFDF,Crystal Palace,18,2004,12,11,945,10.5,0,0,0,0,0,0,4,0,0.00,0.00,0.00,0.00,0.00,Matches,49375cdd
828,Alejandro Rodriguez,pt POR,MFFW,Southampton,15,2008,2,2,180,2.0,1,0,1,1,0,0,0,0,0.50,0.00,0.50,0.50,0.50,Matches,fbe1cf6b
829,Alexei Rojas,co COL,GK,Arsenal,17,2005,1,0,45,0.5,0,0,0,0,0,0,1,0,0.00,0.00,0.00,0.00,0.00,Matches,eb189764
830,Michal Rosiak,pl POL,MFDF,Arsenal,17,2005,7,4,407,4.5,0,0,0,0,0,0,1,0,0.00,0.00,0.00,0.00,0.00,Matches,dbd6a18f
831,Edward Rowe,eng ENG,MF,Aston Villa,19,2003,8,7,533,5.9,0,1,1,0,0,0,2,0,0.00,0.17,0.17,0.00,0.17,Matches,ee86bc93
832,Triston Rowe,eng ENG,DF,Aston Villa,17,2006,19,19,1687,18.7,0,1,1,0,0,0,2,0,0.00,0.05,0.05,0.00,0.05,Matches,3fcc22d5
833,Frankie Runham,eng ENG,MF,Chelsea,16,2007,1,0,1,0.0,0,0,0,0,0,0,0,0,0.00,0.00,0.00,0.00,0.00,Matches,3b4e1001
834,Tivonge Rushesha,wls WAL,MF,Reading FC,21,2002,10,10,798,8.9,0,1,1,0,0,0,2,0,0.00,0.11,0.11,0.00,0.11,Matches,6be423e1
835,Reiss Russell-Denny,eng ENG,MF,Chelsea,17,2006,6,2,261,2.9,0,0,0,0,0,0,0,0,0.00,0.00,0.00,0.00,0.00,Matches,02df5272
836,Nazariy Rusyn,ua UKR,FWMF,Sunderland,24,1998,3,3,250,2.8,3,0,3,3,0,0,0,0,1.08,0.00,1.08,1.08,1.08,Matches,dab75831
837,John Ryan,ie IRL,DF,Reading FC,19,2004,11,10,945,10.5,0,1,1,0,0,0,0,0,0.00,0.10,0.10,0.00,0.10,Matches,52e47728
838,Kain Ryan,eng ENG,DF,Stoke City,18,2004,1,1,45,0.5,0,0,0,0,0,0,0,0,0.00,0.00,0.00,0.00,0.00,Matches,28869d83
839,Joseph Ryder,eng ENG,MFFW,Sunderland,18,2005,8,2,255,2.8,3,0,3,3,0,0,0,0,1.06,0.00,1.06,1.06,1.06,Matches,8dddc0e5
840,Jalil Saadi,fr FRA,MF,Blackburn,21,2001,1,1,72,0.8,0,0,0,0,0,0,0,0,0.00,0.00,0.00,0.00,0.00,Matches,35affee5
841,Charles Sagoe Jr,eng ENG,FW,Arsenal,19,2004,8,8,719,8.0,1,5,6,1,0,0,0,0,0.13,0.63,0.75,0.13,0.75,Matches,187ab096
842,Borja Sainz,es ESP,MF,Norwich City,22,2001,2,2,71,0.8,0,0,0,0,0,0,1,0,0.00,0.00,0.00,0.00,0.00,Matches,1b40049a
843,Lakyle Samuel,eng ENG,DF,Manchester City,17,2006,12,12,1037,11.5,0,1,1,0,0,0,2,0,0.00,0.09,0.09,0.00,0.09,Matches,411d7d6b
844,Imari Samuels,eng ENG,DF,Brighton,20,2003,6,6,514,5.7,0,0,0,0,0,0,2,0,0.00,0.00,0.00,0.00,0.00,Matches,8218e831
845,Oliver Samuels,eng ENG,MFDF,Middlesbrough,17,2005,6,4,386,4.3,0,0,0,0,0,0,0,0,0.00,0.00,0.00,0.00,0.00,Matches,49d923be
846,Ishé Samuels-Smith,eng ENG,DFMF,Chelsea,17,2006,12,7,657,7.3,0,1,1,0,0,0,0,0,0.00,0.14,0.14,0.00,0.14,Matches,da95fde0
847,Odin Samuels-Smith,jm JAM,DF,Everton,17,2006,2,1,100,1.1,0,0,0,0,0,0,0,0,0.00,0.00,0.00,0.00,0.00,Matches,9b3bb031
848,Oliver Sanderson,eng ENG,FW,Fulham,19,2003,2,2,153,1.7,0,0,0,0,0,0,0,0,0.00,0.00,0.00,0.00,0.00,Matches,0b1b2fcc
849,Yago Santiago,es ESP,MFFW,Tottenham,20,2003,17,17,1457,16.2,8,7,15,8,0,0,2,0,0.49,0.43,0.93,0.49,0.93,Matches,88b3215c
850,Trevan Sanusi,eng ENG,FW,Newcastle,16,2007,3,3,225,2.5,2,0,2,2,0,0,0,0,0.80,0.00,0.80,0.80,0.80,Matches,7cefbace
851,Charlie Savage,wls WAL,MF,Reading FC,20,2003,1,1,90,1.0,0,1,1,0,0,0,0,0,0.00,1.00,1.00,0.00,1.00,Matches,e07398f8
852,Remi Savage,eng ENG,DF,Newcastle,21,2001,7,7,620,6.9,0,1,1,0,0,0,0,0,0.00,0.15,0.15,0.00,0.15,Matches,6c68af57
853,Charlie Sayers,eng ENG,DF,Tottenham,19,2004,8,7,616,6.8,0,0,0,0,0,0,0,0,0.00,0.00,0.00,0.00,0.00,Matches,e9a33c85
854,Calum Scanlon,eng ENG,DF,Liverpool,18,2005,11,11,925,10.3,0,1,1,0,0,0,0,0,0.00,0.10,0.10,0.00,0.10,Matches,37739c71
855,James Scanlon,gi GIB,MF,Manchester Utd,16,2006,8,5,417,4.6,0,1,1,0,0,0,0,0,0.00,0.22,0.22,0.00,0.22,Matches,b15811c7
856,Oliver Scarles,eng ENG,MFFW,West Ham,17,2005,14,12,1044,11.6,1,1,2,1,0,0,0,0,0.09,0.09,0.17,0.09,0.17,Matches,242e5e6d
857,Dane Scarlett,eng ENG,FW,Tottenham,19,2004,1,1,45,0.5,0,0,0,0,0,0,1,0,0.00,0.00,0.00,0.00,0.00,Matches,21945a9e
858,Joshua Scott,eng ENG,DF,Newcastle,20,2002,6,4,420,4.7,1,0,1,1,0,0,1,0,0.21,0.00,0.21,0.21,0.21,Matches,11b0cd00
859,Jenson Seelt,nl NED,DF,Sunderland,20,2003,3,3,180,2.0,0,0,0,0,0,0,1,0,0.00,0.00,0.00,0.00,0.00,Matches,ec75ee25
860,Kristian Sekularac,ch SUI,MFFW,Fulham,19,2003,16,13,1147,12.7,3,2,5,3,0,0,0,0,0.24,0.16,0.39,0.24,0.39,Matches,e20a28ce
861,Luis Semedo,pt POR,FW,Sunderland,19,2003,3,3,218,2.4,0,0,0,0,0,0,0,0,0.00,0.00,0.00,0.00,0.00,Matches,95a98690
862,Jack Senga-Ngoyi,be BEL,MF,Reading FC,19,2004,8,8,540,6.0,0,0,0,0,0,0,2,2,0.00,0.00,0.00,0.00,0.00,Matches,f65eb904
863,Guilherme Serrão,pt POR,DFMF,Norwich City,19,2003,10,9,754,8.4,0,3,3,0,0,0,3,0,0.00,0.36,0.36,0.00,0.36,Matches,05c43608
864,Ryan Sessegnon,eng ENG,MF,Tottenham,23,2000,1,1,36,0.4,0,0,0,0,0,0,0,0,0.00,0.00,0.00,0.00,0.00,Matches,6aa3e78b
865,Leo Shahar,eng ENG,DFMF,Newcastle,16,2007,8,8,703,7.8,0,0,0,0,0,0,1,0,0.00,0.00,0.00,0.00,0.00,Matches,5536f008
866,Ruben Shakpoke,eng ENG,FW,West Brom,19,2004,3,2,155,1.7,0,1,1,0,0,1,0,0,0.00,0.58,0.58,0.00,0.58,Matches,b5efd0b4
867,Teddy Sharman,eng ENG,GK,Chelsea,20,2003,4,4,360,4.0,0,0,0,0,0,0,0,0,0.00,0.00,0.00,0.00,0.00,Matches,7cd31238
868,Malachi Sharpe,sct SCO,MF,Manchester Utd,17,2005,1,0,2,0.0,0,0,0,0,0,0,0,0,0.00,0.00,0.00,0.00,0.00,Matches,1988af70
869,Daniel Shaw,eng ENG,MF,Blackburn,16,2006,1,0,20,0.2,0,0,0,0,0,0,0,0,0.00,0.00,0.00,0.00,0.00,Matches,3c215df7
870,Josh Shaw,eng ENG,DF,West Brom,19,2003,14,12,1017,11.3,0,0,0,0,0,0,3,0,0.00,0.00,0.00,0.00,0.00,Matches,cab0c393
871,George Shelvey,eng ENG,GK,Nottingham,22,2001,3,3,225,2.5,0,0,0,0,0,0,1,0,0.00,0.00,0.00,0.00,0.00,Matches,5ab61aea
872,Joe Sheridan,eng ENG,DFMF,Crystal Palace,19,2003,10,10,899,10.0,0,0,0,0,0,0,1,0,0.00,0.00,0.00,0.00,0.00,Matches,67dc9601
873,Martin Sherif,nl NED,FW,Everton,17,2006,4,1,81,0.9,1,0,1,1,0,0,0,0,1.11,0.00,1.11,1.11,1.11,Matches,74c0903d
874,Shola Shoretire,eng ENG,MF,Manchester Utd,19,2004,9,9,790,8.8,7,4,11,7,0,0,4,0,0.80,0.46,1.25,0.80,1.25,Matches,00f0482f
875,Jackson Shorrocks,,MF,Blackburn,,,2,1,151,1.7,0,1,1,0,0,0,0,0,0.00,0.60,0.60,0.00,0.60,Matches,54664a5d
876,Sol Sidibé,eng ENG,MF,Stoke City,16,2007,14,14,1143,12.7,1,5,6,1,0,0,5,0,0.08,0.39,0.47,0.08,0.47,Matches,e765162e
877,Zain Silcott-Duberry,ms MSR,MFFW,Chelsea,18,2005,17,13,1069,11.9,0,2,2,0,0,0,0,0,0.00,0.17,0.17,0.00,0.17,Matches,2f5fa231
878,Dynel Simeu,eng ENG,DF,Southampton,21,2002,1,1,63,0.7,0,0,0,0,0,0,0,0,0.00,0.00,0.00,0.00,0.00,Matches,6df49f02
879,Tommy Simkin,eng ENG,GK,Stoke City,18,2004,5,5,404,4.5,0,0,0,0,0,0,1,1,0.00,0.00,0.00,0.00,0.00,Matches,ae7f5d8a
880,Freddie Simmonds,eng ENG,DF,Brighton,15,2008,1,1,71,0.8,0,0,0,0,0,0,0,0,0.00,0.00,0.00,0.00,0.00,Matches,c1a271b9
881,Kamarai Simon-Swyer,eng ENG,FWMF,West Ham,20,2002,10,9,782,8.7,4,2,6,4,0,0,0,0,0.46,0.23,0.69,0.46,0.69,Matches,bfdf171d
882,Nathan Simpson,eng ENG,MF,Middlesbrough,19,2004,9,8,701,7.8,2,0,2,2,0,0,0,0,0.26,0.00,0.26,0.26,0.26,Matches,4fb8b1f2
883,Jahmai Simpson-Pusey,eng ENG,DF,Manchester City,17,2005,18,17,1473,16.4,1,0,1,1,0,0,3,0,0.06,0.00,0.06,0.06,0.06,Matches,383b10fd
884,Jimmy Sinclair,eng ENG,DFMF,Nottingham,16,2006,8,7,661,7.3,0,1,1,0,0,0,1,0,0.00,0.14,0.14,0.00,0.14,Matches,7e118f84
885,Sonny Singh,eng ENG,MF,Stoke City,19,2004,1,0,4,0.0,0,0,0,0,0,0,0,0,0.00,0.00,0.00,0.00,0.00,Matches,9cf90d26
886,Jermie Sivi,,MF,Middlesbrough,,,1,0,45,0.5,2,0,2,2,0,0,0,0,4.00,0.00,4.00,4.00,4.00,Matches,f0f44525
887,Bradley Slade,eng ENG,DF,Fulham,16,2007,4,2,248,2.8,0,0,0,0,0,0,0,0,0.00,0.00,0.00,0.00,0.00,Matches,50ef20ca
888,Jacob Slater,ie IRL,DF,Brighton,18,2004,18,13,1288,14.3,0,3,3,0,0,0,2,0,0.00,0.21,0.21,0.00,0.21,Matches,a4a51de9
889,Bailey Smith,eng ENG,MFFW,Brighton,18,2005,6,2,210,2.3,0,0,0,0,0,0,1,0,0.00,0.00,0.00,0.00,0.00,Matches,893419fc
890,Isaac Smith,eng ENG,DF,Manchester City,18,2005,6,2,210,2.3,0,0,0,0,0,0,1,0,0.00,0.00,0.00,0.00,0.00,Matches,09351bf1
891,Jude Smith,sct SCO,GK,Newcastle,20,2003,8,8,720,8.0,0,0,0,0,0,0,1,0,0.00,0.00,0.00,0.00,0.00,Matches,2442776f
892,Kerr Smith,sct SCO,DF,Aston Villa,18,2004,8,6,556,6.2,0,0,0,0,0,0,2,0,0.00,0.00,0.00,0.00,0.00,Matches,a8e35a4f
893,Kiyan Smith,,MF,Reading FC,,,1,0,22,0.2,0,0,0,0,0,0,0,0,0.00,0.00,0.00,0.00,0.00,Matches,2e8e3631
894,William Smith,eng ENG,MF,Stoke City,17,2005,13,12,1071,11.9,4,1,5,4,0,0,4,0,0.34,0.08,0.42,0.34,0.42,Matches,aee1324c
895,Joseph Snowdon,eng ENG,MFFW,Leeds United,19,2004,12,10,871,9.7,4,1,5,4,0,0,3,0,0.41,0.10,0.52,0.41,0.52,Matches,b34e93aa
896,Tai Sodje,eng ENG,FW,Manchester City,19,2003,9,4,291,3.2,3,1,4,3,0,0,2,0,0.93,0.31,1.24,0.93,1.24,Matches,3a1bdf0b
897,Jude Soonsup-Bell,th THA,MFFW,Tottenham,19,2004,19,17,1371,15.2,10,5,15,10,0,0,2,0,0.66,0.33,0.98,0.66,0.98,Matches,e9619634
898,Lino Sousa,eng ENG,DF,Arsenal,18,2005,8,8,690,7.7,2,0,2,2,0,0,1,0,0.26,0.00,0.26,0.26,0.26,Matches,e09d77a2
899,Elisha Sowanmi,,MF,West Ham,,,1,0,12,0.1,0,0,0,0,0,0,0,0,0.00,0.00,0.00,0.00,0.00,Matches,6b678076
900,Tom Sparrow,wls WAL,MFDF,Stoke City,20,2003,15,15,1338,14.9,0,3,3,0,0,0,7,1,0.00,0.20,0.20,0.00,0.20,Matches,15ac4aee
901,Jay Spearing,eng ENG,MF,Liverpool,34,1988,10,2,318,3.5,0,1,1,0,0,0,1,1,0.00,0.28,0.28,0.00,0.28,Matches,f26579f5
902,Michael Spellman,eng ENG,FWMF,Sunderland,20,2002,10,9,803,8.9,3,3,6,3,0,0,2,0,0.34,0.34,0.67,0.34,0.67,Matches,b86a76a3
903,Morten Spencer,no NOR,MF,Leeds United,19,2004,5,1,147,1.6,1,0,1,1,0,0,0,0,0.61,0.00,0.61,0.61,0.61,Matches,f26bcba1
904,Shay Spencer,,MF,Reading FC,,,2,1,106,1.2,0,0,0,0,0,0,0,0,0.00,0.00,0.00,0.00,0.00,Matches,171df959
905,Tony Springett,ie IRL,MF,Norwich City,20,2002,1,1,90,1.0,2,0,2,2,0,0,0,0,2.00,0.00,2.00,2.00,2.00,Matches,35be8087
906,Joshua Squires,eng ENG,MF,Stoke City,18,2004,1,0,26,0.3,0,0,0,0,0,0,0,0,0.00,0.00,0.00,0.00,0.00,Matches,006fcb33
907,Ellis Stanton,eng ENG,MF,Newcastle,18,2005,17,9,832,9.2,0,0,0,0,0,0,5,0,0.00,0.00,0.00,0.00,0.00,Matches,a08e5c69
908,Dylan Stephenson,eng ENG,FWMF,Newcastle,20,2002,9,8,694,7.7,3,1,4,3,0,0,1,0,0.39,0.13,0.52,0.39,0.52,Matches,ca414bb5
909,Luca Stephenson,eng ENG,MFDF,Liverpool,19,2003,3,3,270,3.0,0,1,1,0,0,0,0,0,0.00,0.33,0.33,0.00,0.33,Matches,b8b07a17
910,Ross Stewart,sct SCO,FW,Southampton,27,1996,1,1,45,0.5,1,0,1,1,0,0,0,0,2.00,0.00,2.00,2.00,2.00,Matches,18986367
911,Michael Stickland,eng ENG,DF,Reading FC,20,2002,18,14,1351,15.0,1,0,1,1,0,0,1,0,0.07,0.00,0.07,0.07,0.07,Matches,dfe059f0
912,James Storer,eng ENG,GK,Wolves,21,2001,11,11,990,11.0,0,0,0,0,0,0,1,0,0.00,0.00,0.00,0.00,0.00,Matches,257b20e1
913,Jack Stott,eng ENG,MFFW,Middlesbrough,19,2003,4,4,307,3.4,1,0,1,1,0,0,0,0,0.29,0.00,0.29,0.29,0.29,Matches,dbda0810
914,Zack Stritch,eng ENG,MFFW,Blackburn,17,2005,12,4,418,4.6,0,0,0,0,0,0,0,0,0.00,0.00,0.00,0.00,0.00,Matches,b3fb8fc6
915,Zak Sturge,eng ENG,MFDF,Chelsea,19,2004,11,10,904,10.0,2,3,5,2,0,0,2,0,0.20,0.30,0.50,0.20,0.50,Matches,1095aec1
916,Ronnie Stutter,eng ENG,FWMF,Chelsea,18,2005,14,14,1190,13.2,11,2,13,10,1,1,2,0,0.83,0.15,0.98,0.76,0.91,Matches,e3f9e68a
917,Eseosa Sule,sct SCO,FW,West Brom,17,2006,14,2,339,3.8,2,0,2,2,0,0,0,0,0.53,0.00,0.53,0.53,0.53,Matches,73578107
918,Jenson Sumnall,eng ENG,DF,West Brom,17,2005,1,1,90,1.0,0,0,0,0,0,0,0,0,0.00,0.00,0.00,0.00,0.00,Matches,cc9e04cd
919,Mahamadou Susoho,es ESP,MFDF,Manchester City,18,2005,12,9,844,9.4,2,0,2,2,0,0,6,2,0.21,0.00,0.21,0.21,0.21,Matches,6cdd9d3d
920,Harvey Suttcliffe,eng ENG,DF,Leeds United,19,2003,10,9,757,8.4,0,0,0,0,0,0,2,0,0.00,0.00,0.00,0.00,0.00,Matches,799e7967
921,James Sweet,wls WAL,DF,Arsenal,19,2003,15,13,1178,13.1,2,1,3,2,0,0,3,0,0.15,0.08,0.23,0.15,0.23,Matches,d4632cfa
922,Sil Swinkels,nl NED,DF,Aston Villa,19,2004,4,2,241,2.7,1,0,1,1,0,0,0,0,0.37,0.00,0.37,0.37,0.37,Matches,a42f6058
923,Cain Sykes,eng ENG,DFMF,Middlesbrough,20,2002,9,9,810,9.0,0,0,0,0,0,0,2,0,0.00,0.00,0.00,0.00,0.00,Matches,864a47b4
924,Jakob Sørensen,dk DEN,MF,Norwich City,25,1998,1,1,60,0.7,0,0,0,0,0,0,0,0,0.00,0.00,0.00,0.00,0.00,Matches,953c30b0
925,Devan Tanton,co COL,DF,Fulham,19,2004,16,15,1391,15.5,2,5,7,2,0,0,4,0,0.13,0.32,0.45,0.13,0.45,Matches,3c256bb1
926,Sean Tarima,eng ENG,DF,West Ham,18,2004,8,2,307,3.4,0,0,0,0,0,0,1,0,0.00,0.00,0.00,0.00,0.00,Matches,e04cde81
927,Charlie Tasker,eng ENG,DF,Brighton,17,2006,1,0,7,0.1,0,0,0,0,0,0,0,0,0.00,0.00,0.00,0.00,0.00,Matches,c155dd7d
928,Jimi Tauriainen,eng ENG,MFFW,Chelsea,19,2004,8,5,426,4.7,0,1,1,0,0,0,2,0,0.00,0.21,0.21,0.00,0.21,Matches,cac9e583
929,Caleb Taylor,eng ENG,DF,West Brom,20,2003,4,3,207,2.3,0,0,0,0,0,0,0,0,0.00,0.00,0.00,0.00,0.00,Matches,4ed3f5c4
930,Ellis Taylor,eng ENG,DFMF,Sunderland,20,2003,12,11,996,11.1,5,2,7,3,2,2,3,0,0.45,0.18,0.63,0.27,0.45,Matches,20133afc
931,Kane Taylor,eng ENG,MFDF,Manchester City,18,2005,19,17,1513,16.8,4,1,5,4,0,0,3,0,0.24,0.06,0.30,0.24,0.30,Matches,988f3a15
932,Junior Tchamadeu,cm CMR,MFDF,Stoke City,19,2003,3,3,225,2.5,0,0,0,0,0,0,3,0,0.00,0.00,0.00,0.00,0.00,Matches,c19cfdae
933,Semir Telalovic,de GER,FWMF,Blackburn,23,1999,4,4,360,4.0,5,1,6,5,0,0,0,0,1.25,0.25,1.50,1.25,1.50,Matches,0b45a8d7
934,Mason Terry,eng ENG,GK,West Ham,18,2004,1,1,90,1.0,0,0,0,0,0,0,0,0,0.00,0.00,0.00,0.00,0.00,Matches,e5a8bf28
935,Emre Tezgel,eng ENG,MFFW,Stoke City,17,2005,5,5,450,5.0,3,1,4,3,0,0,1,0,0.60,0.20,0.80,0.60,0.80,Matches,f8ae30b2
936,Luca Thomas,eng ENG,FWMF,Leeds United,18,2004,18,16,1456,16.2,6,3,9,5,1,1,1,0,0.37,0.19,0.56,0.31,0.49,Matches,273815fa
937,Silko Thomas,eng ENG,MFFW,Leicester City,19,2004,16,16,1299,14.4,5,3,8,4,1,1,4,0,0.35,0.21,0.55,0.28,0.48,Matches,c7a27513
938,Ciaran Thompson,eng ENG,DF,Newcastle,18,2004,13,12,1074,11.9,0,0,0,0,0,0,4,0,0.00,0.00,0.00,0.00,0.00,Matches,0a951b0e
939,Jack Thompson,eng ENG,DFMF,Nottingham,18,2005,14,13,1143,12.7,0,1,1,0,0,0,4,0,0.00,0.08,0.08,0.00,0.08,Matches,c1653237
940,Jack Thompson,eng ENG,GK,Derby County,16,2006,13,13,1170,13.0,0,0,0,0,0,0,0,0,0.00,0.00,0.00,0.00,0.00,Matches,35c6f024
941,Joel Thompson,nir NIR,DF,Nottingham,18,2005,1,1,90,1.0,0,0,0,0,0,0,0,0,0.00,0.00,0.00,0.00,0.00,Matches,fe0f2801
942,Liam Thompson,eng ENG,MF,Derby County,21,2002,1,1,84,0.9,0,0,0,0,0,0,1,0,0.00,0.00,0.00,0.00,0.00,Matches,d38506fe
943,Max Thompson,eng ENG,GK,Newcastle,18,2004,1,1,90,1.0,0,0,0,0,0,0,0,0,0.00,0.00,0.00,0.00,0.00,Matches,6569d1d8
944,Max Thompson,eng ENG,FW,Sunderland,21,2002,4,0,28,0.3,0,0,0,0,0,0,0,0,0.00,0.00,0.00,0.00,0.00,Matches,fa38722f
945,Jim Thwaites,eng ENG,MF,Manchester Utd,15,2007,2,0,44,0.5,0,0,0,0,0,0,0,0,0.00,0.00,0.00,0.00,0.00,Matches,1b212310
946,Alexis Tibidi,fr FRA,FW,Manchester City,19,2003,7,2,236,2.6,0,0,0,0,0,0,0,0,0.00,0.00,0.00,0.00,0.00,Matches,ca6f4846
947,Jack Tierney,eng ENG,DF,Everton,18,2005,1,0,7,0.1,0,0,0,0,0,0,0,0,0.00,0.00,0.00,0.00,0.00,Matches,f8c6a111
948,Jurriën Timber,nl NED,DF,Arsenal,22,2001,2,2,114,1.3,1,0,1,1,0,0,1,0,0.79,0.00,0.79,0.79,0.79,Matches,41034650
949,Oliver Tipton,eng ENG,DF,Wolves,19,2003,6,1,218,2.4,0,0,0,0,0,0,1,0,0.00,0.00,0.00,0.00,0.00,Matches,d967d9c3
950,Harry Toffolo,eng ENG,MF,Nottingham,27,1995,2,2,105,1.2,0,0,0,0,0,0,0,0,0.00,0.00,0.00,0.00,0.00,Matches,a105d46a
951,Daniel Toulson,eng ENG,MF,Leeds United,17,2005,6,2,293,3.3,0,0,0,0,0,0,1,0,0.00,0.00,0.00,0.00,0.00,Matches,77539fd4
952,Yacouba Traore,eng ENG,MF,Middlesbrough,18,2004,16,8,779,8.7,0,0,0,0,0,0,8,0,0.00,0.00,0.00,0.00,0.00,Matches,c332dfe1
953,Nectarios Triantis,gr GRE,DF,Sunderland,20,2003,6,6,481,5.3,1,0,1,1,0,0,3,0,0.19,0.00,0.19,0.19,0.19,Matches,73d58203
954,Rayhaan Tulloch,eng ENG,MF,West Brom,22,2001,3,2,125,1.4,1,0,1,1,0,0,1,0,0.72,0.00,0.72,0.72,0.72,Matches,bddd8ba3
955,Basil Tuma,mt MLT,FWMF,Reading FC,17,2006,9,8,685,7.6,2,1,3,2,0,0,1,0,0.26,0.13,0.39,0.26,0.39,Matches,ba21f636
956,Jay Turner-Cooke,eng ENG,FW,Newcastle,19,2003,6,4,344,3.8,2,0,2,2,0,0,0,0,0.52,0.00,0.52,0.52,0.52,Matches,794b60b6
957,Timur Tuterov,ua UKR,FWMF,Sunderland,18,2005,9,5,499,5.5,1,1,2,1,0,0,1,0,0.18,0.18,0.36,0.18,0.36,Matches,7ba5d93b
958,Igor Tyjon,eng ENG,FW,Blackburn,15,2008,3,2,208,2.3,2,0,2,2,0,0,0,0,0.87,0.00,0.87,0.87,0.87,Matches,f4a2077a
959,Franco Umeh-Chibueze,ie IRL,MFFW,Crystal Palace,18,2005,14,11,936,10.4,9,1,10,9,0,0,1,0,0.87,0.10,0.96,0.87,0.96,Matches,8e526344
960,Jemiah Umolu,eng ENG,FW,Crystal Palace,17,2005,1,1,77,0.9,0,1,1,0,0,0,0,0,0.00,1.17,1.17,0.00,1.17,Matches,b8ef2272
961,Marco Underwood,eng ENG,GK,Fulham,17,2006,1,0,3,0.0,0,0,0,0,0,0,0,0,0.00,0.00,0.00,0.00,0.00,Matches,0af6481a
962,Caylan Vickers,eng ENG,MF,Reading FC,18,2004,2,2,156,1.7,2,1,3,2,0,0,0,0,1.15,0.58,1.73,1.15,1.73,Matches,14c0268f
963,Caylan Vickers,eng ENG,FWMF,Brighton,18,2004,8,6,571,6.3,1,1,2,1,0,0,1,0,0.16,0.16,0.32,0.16,0.32,Matches,14c0268f
964,André Vidigal,ao ANG,FW,Stoke City,24,1998,1,1,90,1.0,1,1,2,1,0,0,0,0,1.00,1.00,2.00,1.00,2.00,Matches,3f332394
965,Harvey Vincent,eng ENG,MF,Leeds United,16,2007,1,0,3,0.0,0,0,0,0,0,0,0,0,0.00,0.00,0.00,0.00,0.00,Matches,6b9edb97
966,João Virgínia,pt POR,GK,Everton,23,1999,1,1,90,1.0,0,0,0,0,0,0,0,0,0.00,0.00,0.00,0.00,0.00,Matches,728e9b2e
967,Radek Vítek,,GK,Manchester Utd,19,2003,1,1,90,1.0,0,0,0,0,0,0,0,0,0.00,0.00,0.00,0.00,0.00,Matches,d617bff6
968,Caden Voice,eng ENG,DF,Wolves,16,2006,3,2,184,2.0,0,0,0,0,0,0,0,0,0.00,0.00,0.00,0.00,0.00,Matches,61546807
969,Jake Vokins,eng ENG,FWMF,Southampton,23,2000,10,7,710,7.9,0,3,3,0,0,0,1,0,0.00,0.38,0.38,0.00,0.38,Matches,d484c261
970,Shaun Wade,ie IRL,FW,Chelsea,16,2006,3,0,22,0.2,0,0,0,0,0,0,0,0,0.00,0.00,0.00,0.00,0.00,Matches,b9d0a742
971,Adriel Walker,eng ENG,FW,West Brom,17,2005,2,1,57,0.6,0,0,0,0,0,0,0,0,0.00,0.00,0.00,0.00,0.00,Matches,b54f0cd0
972,Ethan Walker,eng ENG,MFFW,Blackburn,21,2002,3,3,206,2.3,1,1,2,1,0,1,0,0,0.44,0.44,0.87,0.44,0.87,Matches,f1393f2d
973,Lewis Walker,,MF,Stoke City,,,1,1,60,0.7,0,0,0,0,0,0,1,0,0.00,0.00,0.00,0.00,0.00,Matches,05da4c97
974,Rhys Walsh,nir NIR,FW,Sunderland,17,2006,1,0,4,0.0,0,0,0,0,0,0,0,0,0.00,0.00,0.00,0.00,0.00,Matches,109af6be
975,Reuell Walters,eng ENG,DF,Arsenal,18,2004,15,15,1350,15.0,0,1,1,0,0,0,2,0,0.00,0.07,0.07,0.00,0.07,Matches,501ac0cc
976,Danny Ward,wls WAL,GK,Leicester City,30,1993,2,2,180,2.0,0,0,0,0,0,0,0,0,0.00,0.00,0.00,0.00,0.00,Matches,d3ce0e89
977,Joe Ward,eng ENG,MFDF,Derby County,27,1995,2,2,180,2.0,1,0,1,1,0,0,0,0,0.50,0.00,0.50,0.50,0.50,Matches,22f621af
978,Jayden Wareham,eng ENG,FW,Reading FC,20,2003,13,13,1014,11.3,8,3,11,8,0,0,4,1,0.71,0.27,0.98,0.71,0.98,Matches,33c210b0
979,Matthew Warhurst,eng ENG,FW,Manchester City,16,2006,2,1,91,1.0,1,0,1,1,0,0,0,0,0.99,0.00,0.99,0.99,0.99,Matches,9bfcb15a
980,Jaden Warner,eng ENG,DFMF,Norwich City,20,2002,5,5,405,4.5,1,0,1,1,0,0,1,0,0.22,0.00,0.22,0.22,0.22,Matches,11e3b2ee
981,Lewis Warrington,eng ENG,MF,Everton,20,2002,5,5,418,4.6,0,0,0,0,0,0,0,0,0.00,0.00,0.00,0.00,0.00,Matches,8e633970
982,Deivid Washington,br BRA,FWMF,Chelsea,18,2005,9,8,628,7.0,5,0,5,5,0,0,0,0,0.72,0.00,0.72,0.72,0.72,Matches,95bd120d
983,Noah Watson,eng ENG,DFMF,Crystal Palace,20,2003,14,12,1073,11.9,0,0,0,0,0,0,7,1,0.00,0.00,0.00,0.00,0.00,Matches,95560110
984,Tom Watson,eng ENG,FWMF,Sunderland,17,2006,11,9,821,9.1,3,3,6,3,0,0,2,0,0.33,0.33,0.66,0.33,0.66,Matches,9886c32e
985,Benjamin Watt,eng ENG,MFDF,Norwich City,19,2003,6,3,338,3.8,0,0,0,0,0,0,2,0,0.00,0.00,0.00,0.00,0.00,Matches,a598ecdd
986,Logan Watts,eng ENG,MF,Newcastle,16,2007,1,0,9,0.1,0,0,0,0,0,0,0,0,0.00,0.00,0.00,0.00,0.00,Matches,91c040e6
987,Adam Webster,eng ENG,DF,Brighton,28,1995,1,1,90,1.0,0,0,0,0,0,0,0,0,0.00,0.00,0.00,0.00,0.00,Matches,c40b6180
988,Finley Welch,eng ENG,FWMF,Norwich City,18,2004,16,14,1289,14.3,2,1,3,2,0,1,1,0,0.14,0.07,0.21,0.14,0.21,Matches,0e5b23db
989,Reece Welch,eng ENG,DF,Everton,19,2003,10,10,900,10.0,1,0,1,1,0,0,1,0,0.10,0.00,0.10,0.10,0.10,Matches,a182122b
990,Charlie Wellens,eng ENG,MFFW,Reading FC,20,2002,17,15,1356,15.1,5,1,6,5,0,0,3,0,0.33,0.07,0.40,0.33,0.40,Matches,deaaf449
991,Jack Wells-Morrison,eng ENG,MFFW,Crystal Palace,19,2004,15,15,1236,13.7,4,2,6,2,2,3,3,1,0.29,0.15,0.44,0.15,0.29,Matches,a71ebcc8
992,Charlie Weston,eng ENG,MF,Blackburn,19,2004,13,12,1083,12.0,3,3,6,3,0,0,2,0,0.25,0.25,0.50,0.25,0.50,Matches,c7adf1aa
993,Tony Weston,eng ENG,MFFW,Derby County,19,2003,19,16,1402,15.6,4,4,8,4,0,0,0,0,0.26,0.26,0.51,0.26,0.51,Matches,7586d4fb
994,Ethan Wheatley,eng ENG,FWMF,Manchester Utd,17,2006,9,5,462,5.1,4,1,5,4,0,0,0,0,0.78,0.19,0.97,0.78,0.97,Matches,5c368c88
995,Lennon Wheeldon,eng ENG,FWMF,Derby County,16,2006,10,8,721,8.0,2,0,2,2,0,0,1,0,0.25,0.00,0.25,0.25,0.25,Matches,db5373f7
996,Frankie Whelan,eng ENG,DFMF,Middlesbrough,19,2003,11,5,498,5.5,0,0,0,0,0,0,5,0,0.00,0.00,0.00,0.00,0.00,Matches,b99e8745
997,Charlie Whitaker,eng ENG,FWMF,Everton,19,2003,10,9,685,7.6,3,1,4,2,1,1,1,0,0.39,0.13,0.53,0.26,0.39,Matches,08288a57
998,Harvey White,eng ENG,MFDF,Tottenham,21,2001,2,2,166,1.8,0,0,0,0,0,0,0,0,0.00,0.00,0.00,0.00,0.00,Matches,4d90ce8c
999,Joe White,eng ENG,MF,Newcastle,20,2002,3,3,270,3.0,0,0,0,0,0,0,0,0,0.00,0.00,0.00,0.00,0.00,Matches,d60c03a9
1000,Archie Whitehall,eng ENG,MF,Nottingham,17,2006,5,1,130,1.4,2,1,3,2,0,0,0,0,1.38,0.69,2.08,1.38,2.08,Matches,b7ceda3e
1001,Isaac Whitehall,eng ENG,DFMF,Blackburn,21,2002,7,6,434,4.8,0,0,0,0,0,0,1,0,0.00,0.00,0.00,0.00,0.00,Matches,294f2af7
1002,Matthew Whittingham,eng ENG,MF,Wolves,18,2004,14,14,1198,13.3,2,1,3,2,0,0,2,0,0.15,0.08,0.23,0.15,0.23,Matches,cd84f0e3
1003,Harry Whitwell,eng ENG,MF,West Brom,17,2005,18,16,1321,14.7,2,1,3,2,0,0,4,0,0.14,0.07,0.20,0.14,0.20,Matches,df554821
1004,Joseph Whitworth,eng ENG,GK,Crystal Palace,19,2004,17,17,1530,17.0,0,0,0,0,0,0,1,0,0.00,0.00,0.00,0.00,0.00,Matches,3f847d95
1005,George Wickens,eng ENG,GK,Fulham,21,2001,3,3,270,3.0,0,0,0,0,0,0,1,0,0.00,0.00,0.00,0.00,0.00,Matches,eafaafa5
1006,Charlie Wiggett,eng ENG,DF,Newcastle,20,2002,8,6,573,6.4,0,2,2,0,0,0,1,0,0.00,0.31,0.31,0.00,0.31,Matches,e250436f
1007,Alex Williams,wls WAL,DFMF,West Brom,18,2005,16,14,1206,13.4,0,0,0,0,0,0,3,0,0.00,0.00,0.00,0.00,0.00,Matches,a41a876f
1008,Barnaby Williams,,MF,Southampton,,,3,3,257,2.9,0,0,0,0,0,0,0,0,0.00,0.00,0.00,0.00,0.00,Matches,8ef8b3de
1009,Dylan Williams,eng ENG,DFMF,Chelsea,19,2003,18,17,1566,17.4,2,4,6,2,0,0,3,0,0.11,0.23,0.34,0.11,0.34,Matches,2af63f70
1010,Ethan Williams,eng ENG,MFFW,Manchester Utd,17,2005,14,5,635,7.1,6,4,10,6,0,0,1,0,0.85,0.57,1.42,0.85,1.42,Matches,d8b9fc76
1011,Jaden Williams,eng ENG,FW,Tottenham,18,2004,10,1,161,1.8,0,0,0,0,0,0,0,0,0.00,0.00,0.00,0.00,0.00,Matches,3b5e5b64
1012,Jay Williams,wls WAL,DF,Fulham,20,2003,4,3,215,2.4,1,0,1,1,0,0,0,1,0.42,0.00,0.42,0.42,0.42,Matches,84a50b28
1013,Rhys Williams,eng ENG,DF,Liverpool,22,2001,7,7,610,6.8,1,0,1,1,0,0,2,0,0.15,0.00,0.15,0.15,0.15,Matches,012c975a
1014,Sebastian Williams,eng ENG,MF,Crystal Palace,16,2007,1,0,50,0.6,0,0,0,0,0,0,0,0,0.00,0.00,0.00,0.00,0.00,Matches,4ba209fd
1015,Tyler Williams,eng ENG,DF,Norwich City,16,2006,1,0,31,0.3,0,0,0,0,0,0,0,0,0.00,0.00,0.00,0.00,0.00,Matches,a322bfde
1016,Vonnte Williams,eng ENG,MFDF,Crystal Palace,18,2004,6,5,369,4.1,1,0,1,1,0,0,0,0,0.24,0.00,0.24,0.24,0.24,Matches,cbc14bf6
1017,Nathan Willis,,MF,Blackburn,,,2,0,15,0.2,0,0,0,0,0,0,0,0,0.00,0.00,0.00,0.00,0.00,Matches,87834c48
1018,Pharrell Willis,eng ENG,MFFW,Middlesbrough,20,2003,8,7,483,5.4,3,1,4,3,0,0,0,0,0.56,0.19,0.75,0.56,0.75,Matches,926492d5
1019,Ben Wilmot,eng ENG,DF,Stoke City,23,1999,1,1,45,0.5,0,0,0,0,0,0,0,0,0.00,0.00,0.00,0.00,0.00,Matches,2876eaa3
1020,Callum Wilson,eng ENG,DF,Sunderland,19,2004,2,2,163,1.8,0,0,0,0,0,0,0,0,0.00,0.00,0.00,0.00,0.00,Matches,550af617
1021,Charlie Wilson,eng ENG,DF,Norwich City,18,2005,20,17,1538,17.1,0,0,0,0,0,0,3,1,0.00,0.00,0.00,0.00,0.00,Matches,5eed50cc
1022,Kaiden Wilson,eng ENG,DFMF,Chelsea,17,2005,2,2,135,1.5,0,0,0,0,0,0,0,0,0.00,0.00,0.00,0.00,0.00,Matches,a155966e
1023,Rory Wilson,sct SCO,MFFW,Aston Villa,17,2006,13,5,598,6.6,3,1,4,3,0,0,2,0,0.45,0.15,0.60,0.45,0.60,Matches,f6659df9
1024,Thomas Wilson-Brown,eng ENG,DFMF,Leicester City,18,2004,10,10,875,9.7,1,1,2,1,0,0,3,0,0.10,0.10,0.21,0.10,0.21,Matches,b495353c
1025,Harrison Wood,eng ENG,MFFW,Blackburn,18,2004,13,10,879,9.8,4,1,5,4,0,0,1,0,0.41,0.10,0.51,0.41,0.51,Matches,f2cac685
1026,Luke Woolston,eng ENG,MFDF,Middlesbrough,18,2004,10,9,808,9.0,0,1,1,0,0,0,2,0,0.00,0.11,0.11,0.00,0.11,Matches,d4a37d73
1027,Tom Wooster,eng ENG,GK,Manchester Utd,18,2005,2,2,119,1.3,0,0,0,0,0,0,0,0,0.00,0.00,0.00,0.00,0.00,Matches,0bc486ee
1028,Terrell Works,eng ENG,MFFW,Fulham,18,2004,17,13,1041,11.6,5,2,7,5,0,0,0,0,0.43,0.17,0.61,0.43,0.61,Matches,fc7dfdcf
1029,Joe Wormleighton,eng ENG,DF,Leicester City,19,2003,14,14,1163,12.9,1,0,1,1,0,0,4,0,0.08,0.00,0.08,0.08,0.08,Matches,59d2e6bb
1030,Jacob Wright,eng ENG,MFDF,Manchester City,17,2005,14,10,833,9.3,2,1,3,2,0,0,1,0,0.22,0.11,0.32,0.22,0.32,Matches,b6db05c3
1031,James Wright,eng ENG,GK,Aston Villa,18,2004,11,11,990,11.0,0,1,1,0,0,0,1,0,0.00,0.09,0.09,0.00,0.09,Matches,9417a430
1032,D'Margio Wright-Phillips,gd GRN,MF,Stoke City,21,2001,4,4,353,3.9,1,0,1,1,0,0,0,0,0.25,0.00,0.25,0.25,0.25,Matches,14c7f64a
1033,Andy Yiadom,gh GHA,DF,Reading FC,31,1991,1,1,45,0.5,0,0,0,0,0,0,0,0,0.00,0.00,0.00,0.00,0.00,Matches,be950e35
1034,Brad Young,eng ENG,GK,Leicester City,21,2002,18,18,1620,18.0,0,1,1,0,0,0,1,0,0.00,0.06,0.06,0.00,0.06,Matches,042f690f
1035,Joe Young,eng ENG,GK,Wolves,20,2002,5,5,450,5.0,0,0,0,0,0,0,0,0,0.00,0.00,0.00,0.00,0.00,Matches,11c4745b
1036,Kadan Young,eng ENG,MFFW,Aston Villa,17,2006,11,6,512,5.7,0,1,1,0,0,0,2,1,0.00,0.18,0.18,0.00,0.18,Matches,91c75917
1037,Matt Young,eng ENG,GK,Sunderland,16,2006,6,6,540,6.0,0,0,0,0,0,0,1,0,0.00,0.00,0.00,0.00,0.00,Matches,1d8e6790
1038,Oliwier Zych,pl POL,GK,Aston Villa,19,2004,2,2,180,2.0,0,0,0,0,0,0,1,0,0.00,0.00,0.00,0.00,0.00,Matches,be18d79f