,,,,,,,Playing Time,Playing Time,Playing Time,Playing Time,Performance,Performance,Performance,Performance,Performance,Performance,Performance,Performance,Per 90 Minutes,Per 90 Minutes,Per 90 Minutes,Per 90 Minutes,Per 90 Minutes,,-additional
Rk,Player,Nation,Pos,Squad,Age,Born,MP,Starts,Min,90s,Gls,Ast,G+A,G-PK,PK,PKatt,CrdY,CrdR,Gls,Ast,G+A,G-PK,G+A-PK,Matches,-9999
1,George Abbott,eng ENG,MF,Tottenham,18,2005,2,2,180,2.0,0,0,0,0,0,0,2,0,0.00,0.00,0.00,0.00,0.00,Matches,56628958
2,Zach Abbott,eng ENG,DF,Nottingham,18,2006,16,16,1440,16.0,2,0,2,2,0,0,1,0,0.12,0.00,0.12,0.12,0.12,Matches,c103921a
3,Ahmed Abdullahi,ng NGA,FW,Sunderland,20,2004,1,1,45,0.5,1,0,1,1,0,0,0,0,2.00,0.00,2.00,2.00,2.00,Matches,8073edf4
4,Ken Aboh,eng ENG,FW,Norwich City,19,2004,3,3,270,3.0,1,4,5,1,0,0,0,0,0.33,1.33,1.67,0.33,1.67,Matches,282cee33
5,Kelvin Abrefa,eng ENG,MF,Reading FC,20,2003,2,2,180,2.0,0,0,0,0,0,0,0,0,0.00,0.00,0.00,0.00,0.00,Matches,ceabce33
6,Derrick Abu,eng ENG,DFMF,Southampton,20,2003,16,15,1306,14.5,1,5,6,1,0,0,3,1,0.07,0.34,0.41,0.07,0.41,Matches,a6f0688b
7,Joshua Acheampong,eng ENG,DF,Chelsea,18,2006,5,4,363,4.0,0,1,1,0,0,0,0,0,0.00,0.25,0.25,0.00,0.25,Matches,b7e62e1d
8,Prince Acheampong,,MFDF,Middlesbrough,,,7,7,630,7.0,0,0,0,0,0,0,1,0,0.00,0.00,0.00,0.00,0.00,Matches,5d536c91
9,Dean Adekoya,eng ENG,FW,Stoke City,18,2006,10,7,693,7.7,1,1,2,1,0,0,1,0,0.13,0.13,0.26,0.13,0.26,Matches,ff060d9f
10,Theodore Adelusi,eng ENG,DF,Norwich City,17,2007,9,6,597,6.6,0,0,0,0,0,0,3,0,0.00,0.00,0.00,0.00,0.00,Matches,5b67854d
11,Miracle Adewole,eng ENG,DF,Tottenham,16,2007,2,0,55,0.6,0,0,0,0,0,0,0,0,0.00,0.00,0.00,0.00,0.00,Matches,1340d1b1
12,Emeka Adiele,,MFFW,West Ham,,,13,12,1026,11.4,3,0,3,3,0,0,3,1,0.26,0.00,0.26,0.26,0.26,Matches,fb28e0ea
13,Charles Agbawodikeizu,,FW,Derby County,,,4,1,147,1.6,0,0,0,0,0,0,0,0,0.00,0.00,0.00,0.00,0.00,Matches,01be6dc0
14,Asher Agbinone,eng ENG,FWMF,Crystal Palace,18,2005,5,5,389,4.3,2,0,2,2,0,0,3,0,0.46,0.00,0.46,0.46,0.46,Matches,6a10efb3
15,Sydney Agina,ke KEN,DF,Stoke City,16,2007,8,5,497,5.5,1,1,2,1,0,0,1,0,0.18,0.18,0.36,0.18,0.36,Matches,41d6cf4e
16,Demiane Agustien,nl NED,MF,Derby County,17,2007,7,3,350,3.9,0,1,1,0,0,0,0,0,0.00,0.26,0.26,0.00,0.26,Matches,2fa1d0f7
17,Terrell Agyemang,eng ENG,MFDF,Middlesbrough,21,2002,2,2,156,1.7,0,0,0,0,0,0,0,0,0.00,0.00,0.00,0.00,0.00,Matches,3f7700d8
18,Ashqar Ahmed,,DF,Reading FC,,,8,8,720,8.0,1,0,1,1,0,0,1,0,0.12,0.00,0.12,0.12,0.12,Matches,aa0e5f3f
19,Joshua Ajala,eng ENG,FW,West Ham,17,2006,18,13,1179,13.1,7,0,7,7,0,0,2,0,0.53,0.00,0.53,0.53,0.53,Matches,1efb5369
20,Noah Ajayi,de GER,FW,Manchester Utd,15,2008,2,0,25,0.3,0,0,0,0,0,0,0,0,0.00,0.00,0.00,0.00,0.00,Matches,cffaf63c
21,Oyindamola Ajayi,eng ENG,MFFW,Tottenham,18,2005,18,17,1424,15.8,3,1,4,3,0,0,1,0,0.19,0.06,0.25,0.19,0.25,Matches,d3a6f5a3
22,Semi Ajayi,ng NGA,DF,West Brom,30,1993,1,1,45,0.5,0,0,0,0,0,0,0,0,0.00,0.00,0.00,0.00,0.00,Matches,d6192210
23,Romeo Akachukwu,ie IRL,MFFW,Southampton,18,2006,18,15,1374,15.3,2,0,2,2,0,0,2,0,0.13,0.00,0.13,0.13,0.13,Matches,e964b8f3
24,Adrian Akande,ng NGA,MF,Reading FC,20,2003,5,5,422,4.7,2,0,2,2,0,0,0,0,0.43,0.00,0.43,0.43,0.43,Matches,981c64ea
25,Yusuf Akhamrich,eng ENG,MFDF,Tottenham,18,2005,20,17,1510,16.8,5,1,6,5,0,0,3,0,0.30,0.06,0.36,0.30,0.36,Matches,e19dc888
26,Victor Akinwale,eng ENG,FW,Crystal Palace,19,2004,2,0,22,0.2,0,0,0,0,0,0,0,0,0.00,0.00,0.00,0.00,0.00,Matches,e47e2386
27,Travis Akomeah,eng ENG,DF,Chelsea,18,2006,5,5,405,4.5,0,0,0,0,0,0,3,0,0.00,0.00,0.00,0.00,0.00,Matches,27737745
28,Tyron Akpata,eng ENG,MFDF,West Ham,17,2006,19,16,1414,15.7,1,2,3,1,0,0,3,0,0.06,0.13,0.19,0.06,0.19,Matches,e1bfc002
29,Zane Albarus,eng ENG,MFDF,Brighton,18,2005,13,11,936,10.4,0,0,0,0,0,0,6,0,0.00,0.00,0.00,0.00,0.00,Matches,128c81a4
30,Todd Alcock,eng ENG,MFDF,Aston Villa,19,2004,16,16,1412,15.7,0,2,2,0,0,0,2,0,0.00,0.13,0.13,0.00,0.13,Matches,8c66b157
31,Milan Aleksić,rs SRB,MFDF,Sunderland,18,2005,2,2,150,1.7,0,0,0,0,0,0,0,0,0.00,0.00,0.00,0.00,0.00,Matches,c79f7793
32,Farid Alfa-Ruprecht,de GER,MFFW,Manchester City,18,2006,12,12,972,10.8,7,2,9,7,0,0,1,0,0.65,0.19,0.83,0.65,0.83,Matches,5f3abfe6
33,Mirsad Ali,eng ENG,DF,Leicester City,18,2006,13,10,894,9.9,0,1,1,0,0,0,1,0,0.00,0.10,0.10,0.00,0.10,Matches,7c79cc59
34,Sonny Aljofree,eng ENG,DF,Manchester Utd,19,2004,2,2,180,2.0,0,0,0,0,0,0,0,0,0.00,0.00,0.00,0.00,0.00,Matches,bd44b52f
35,Cruz Allen,wls WAL,MFFW,Derby County,17,2007,17,15,1346,15.0,3,4,7,3,0,0,5,0,0.20,0.27,0.47,0.20,0.47,Matches,7a5b542a
36,Michael Allen,eng ENG,GK,Fulham,19,2004,5,5,450,5.0,0,0,0,0,0,0,1,0,0.00,0.00,0.00,0.00,0.00,Matches,bd2277cb
37,Max Alleyne,eng ENG,DF,Manchester City,19,2005,17,17,1522,16.9,1,2,3,1,0,0,2,0,0.06,0.12,0.18,0.06,0.18,Matches,defcfd32
38,Olabade Aluko,,DF,Leicester City,,,11,10,830,9.2,1,1,2,1,0,0,5,1,0.11,0.11,0.22,0.11,0.22,Matches,12bb637a
39,Will Alves,eng ENG,MF,Leicester City,19,2005,3,3,195,2.2,0,0,0,0,0,0,0,0,0.00,0.00,0.00,0.00,0.00,Matches,39ef5a7b
40,Bobby Amartey,eng ENG,DF,Leicester City,18,2006,9,5,510,5.7,0,0,0,0,0,0,0,0,0.00,0.00,0.00,0.00,0.00,Matches,7e188f3d
41,Harry Amass,eng ENG,DFMF,Manchester Utd,17,2007,10,10,826,9.2,0,2,2,0,0,0,5,0,0.00,0.22,0.22,0.00,0.22,Matches,7b47100c
42,Idrissa Amihere,,MFDF,West Brom,,,14,6,714,7.9,1,0,1,1,0,0,2,0,0.13,0.00,0.13,0.13,0.13,Matches,0ad197e1
43,Samuel Amissah,eng ENG,DF,Fulham,17,2007,14,14,1260,14.0,0,0,0,0,0,0,2,0,0.00,0.00,0.00,0.00,0.00,Matches,2835bfe1
44,Samuel Amo-Ameyaw,eng ENG,MFFW,Southampton,18,2006,6,6,526,5.8,2,1,3,2,0,0,0,0,0.34,0.17,0.51,0.34,0.51,Matches,9eedf0e0
45,Ato Ampah,eng ENG,MF,Chelsea,18,2006,17,11,999,11.1,3,2,5,3,0,0,2,0,0.27,0.18,0.45,0.27,0.45,Matches,4b98d1d4
46,Ethan Amundsen-Day,no NOR,DF,Aston Villa,19,2005,16,14,1236,13.7,0,0,0,0,0,0,1,0,0.00,0.00,0.00,0.00,0.00,Matches,8f5996c3
47,Freddie Anderson,eng ENG,DF,Stoke City,17,2006,7,7,630,7.0,0,0,0,0,0,0,1,0,0.00,0.00,0.00,0.00,0.00,Matches,27e95c19
48,Joe Anderson,eng ENG,DF,Sunderland,23,2001,11,11,990,11.0,0,1,1,0,0,0,3,0,0.00,0.09,0.09,0.00,0.09,Matches,19a890ba
49,William Andiyapan,wls WAL,DF,Tottenham,19,2005,9,4,293,3.3,0,0,0,0,0,0,0,0,0.00,0.00,0.00,0.00,0.00,Matches,1b68c553
50,Dani Ángel,es ESP,FW,Wolves,18,2006,20,13,1127,12.5,7,1,8,7,0,0,0,0,0.56,0.08,0.64,0.56,0.64,Matches,3ccb9f65
51,Danny Anijsko,eng ENG,MF,Nottingham,18,2006,5,1,102,1.1,0,1,1,0,0,0,0,0,0.00,0.88,0.88,0.00,0.88,Matches,997f9101
52,Andre Annous,eng ENG,FWMF,Arsenal,16,2007,11,5,515,5.7,2,0,2,2,0,0,0,0,0.35,0.00,0.35,0.35,0.35,Matches,2d14071d
53,Aaron Anselmino,ar ARG,DF,Chelsea,19,2005,1,1,60,0.7,0,0,0,0,0,0,0,0,0.00,0.00,0.00,0.00,0.00,Matches,1d87670e
54,Caleb Ansen,eng ENG,GK,Norwich City,18,2005,9,9,810,9.0,0,0,0,0,0,0,1,0,0.00,0.00,0.00,0.00,0.00,Matches,5be1a1f3
55,Genesis Antwi,se SWE,MFDF,Chelsea,17,2007,7,3,355,3.9,2,1,3,2,0,0,1,0,0.51,0.25,0.76,0.51,0.76,Matches,aaa96db5
56,Adil Aouchiche,dz ALG,MF,Sunderland,22,2002,2,2,180,2.0,2,1,3,2,0,0,0,0,1.00,0.50,1.50,1.00,1.50,Matches,b94b8be1
57,Matthew Apter,eng ENG,MF,Everton,18,2005,3,0,43,0.5,0,0,0,0,0,0,1,0,0.00,0.00,0.00,0.00,0.00,Matches,d79005ff
58,Pele Arganese-Mcdermott,eng ENG,DF,Tottenham,18,2005,4,4,360,4.0,0,0,0,0,0,0,1,0,0.00,0.00,0.00,0.00,0.00,Matches,0259465e
59,Will Armitage,eng ENG,DF,Southampton,19,2005,9,6,582,6.5,0,2,2,0,0,0,2,0,0.00,0.31,0.31,0.00,0.31,Matches,08d45bf7
60,Harrison Armstrong,eng ENG,MF,Everton,17,2007,3,3,269,3.0,1,1,2,1,0,0,0,1,0.33,0.33,0.67,0.33,0.67,Matches,de59e609
61,Tyrell Ashcroft,eng ENG,DF,Tottenham,20,2004,9,7,590,6.6,0,0,0,0,0,0,2,1,0.00,0.00,0.00,0.00,0.00,Matches,c7675488
62,Finlay Ashworth,wls WAL,MF,Wolves,18,2005,12,9,861,9.6,0,1,1,0,0,0,1,0,0.00,0.10,0.10,0.00,0.10,Matches,3d19acc8
63,Tom Atcheson,nir NIR,DF,Blackburn,17,2006,7,7,504,5.6,0,1,1,0,0,0,2,1,0.00,0.18,0.18,0.00,0.18,Matches,1dd307a6
64,Cormac Austin,nir NIR,MF,Crystal Palace,18,2006,9,5,526,5.8,0,0,0,0,0,0,2,0,0.00,0.00,0.00,0.00,0.00,Matches,2cabac1d
65,Lanre Awesu,eng ENG,GK,West Ham,16,2008,2,2,180,2.0,0,0,0,0,0,0,0,0,0.00,0.00,0.00,0.00,0.00,Matches,f801d255
66,Abdoullah Ba,fr FRA,MFFW,Sunderland,21,2003,4,4,315,3.5,1,0,1,1,0,0,1,0,0.29,0.00,0.29,0.29,0.29,Matches,3f651f34
67,Fin Back,eng ENG,DFMF,Nottingham,21,2002,10,10,856,9.5,1,2,3,1,0,0,5,2,0.11,0.21,0.32,0.11,0.32,Matches,328ad94f
68,Luke Badley-Morgan,jm JAM,DF,Stoke City,20,2003,1,1,90,1.0,0,0,0,0,0,0,0,0,0.00,0.00,0.00,0.00,0.00,Matches,fd2b7b25
69,James Bailey,eng ENG,MF,Manchester Utd,16,2007,1,0,5,0.1,0,0,0,0,0,0,0,0,0.00,0.00,0.00,0.00,0.00,Matches,b2d3d6e3
70,Lewis Bailey,,FW,Stoke City,,,2,1,104,1.2,0,0,0,0,0,0,0,0,0.00,0.00,0.00,0.00,0.00,Matches,24afd585
71,Scott Bailey,eng ENG,MF,Newcastle,18,2006,8,6,446,5.0,0,0,0,0,0,0,3,0,0.00,0.00,0.00,0.00,0.00,Matches,7e086cd1
72,Oliver Bainbridge,eng ENG,DF,Sunderland,19,2005,8,8,691,7.7,0,1,1,0,0,0,4,0,0.00,0.13,0.13,0.00,0.13,Matches,f4bbe2ed
73,Alex Baker,eng ENG,FW,Blackburn,21,2003,5,2,153,1.7,1,1,2,1,0,0,2,1,0.59,0.59,1.18,0.59,1.18,Matches,b115732c
74,Lewis Baker,eng ENG,MF,Blackburn,29,1995,1,1,90,1.0,0,0,0,0,0,0,0,0,0.00,0.00,0.00,0.00,0.00,Matches,1b278bf5
75,Hazeem Bakre,eng ENG,FWMF,Middlesbrough,18,2005,11,9,812,9.0,7,0,7,7,0,0,4,0,0.78,0.00,0.78,0.78,0.78,Matches,101dfbcf
76,James Balagizi,eng ENG,FW,Liverpool,20,2003,5,1,183,2.0,2,1,3,2,0,0,0,0,0.98,0.49,1.48,0.98,1.48,Matches,a5c8bb69
77,Daniel Ballard,nir NIR,DF,Sunderland,24,1999,1,1,45,0.5,0,0,0,0,0,0,0,0,0.00,0.00,0.00,0.00,0.00,Matches,38f300f3
78,Dominic Ballard,eng ENG,FW,Southampton,19,2005,2,2,163,1.8,4,2,6,3,1,1,1,0,2.21,1.10,3.31,1.66,2.76,Matches,ed8d597c
79,Jamal Baptiste,eng ENG,DF,Everton,20,2003,1,1,90,1.0,0,0,0,0,0,0,0,0,0.00,0.00,0.00,0.00,0.00,Matches,41d3704d
80,Max Bardell,eng ENG,DFMF,Derby County,21,2002,6,5,466,5.2,0,0,0,0,0,0,2,0,0.00,0.00,0.00,0.00,0.00,Matches,c683914c
81,Daniel Barden,wls WAL,GK,Norwich City,23,2001,3,3,270,3.0,0,0,0,0,0,0,0,0,0.00,0.00,0.00,0.00,0.00,Matches,f670e314
82,Owen Barker,eng ENG,FWMF,Everton,19,2005,13,5,595,6.6,0,1,1,0,0,0,2,0,0.00,0.15,0.15,0.00,0.15,Matches,67156ae3
83,Mikell Barnes,eng ENG,MF,Aston Villa,19,2004,5,1,154,1.7,0,0,0,0,0,0,2,0,0.00,0.00,0.00,0.00,0.00,Matches,a321179f
84,Ty Barnett,eng ENG,MF,Wolves,19,2005,8,7,540,6.0,2,0,2,2,0,0,1,0,0.33,0.00,0.33,0.33,0.33,Matches,c68c6838
85,Fraser Barnsley,nir NIR,GK,Everton,19,2004,9,8,766,8.5,0,0,0,0,0,0,0,0,0.00,0.00,0.00,0.00,0.00,Matches,794b7bf9
86,Joseph Barough,eng ENG,MFFW,Reading FC,18,2006,17,13,1186,13.2,1,0,1,1,0,0,1,1,0.08,0.00,0.08,0.08,0.08,Matches,388012c7
87,Jack Barrett,eng ENG,GK,Blackburn,22,2002,8,8,720,8.0,0,0,0,0,0,0,0,0,0.00,0.00,0.00,0.00,0.00,Matches,6217792f
88,Ryan Bartley,eng ENG,DF,Derby County,20,2003,4,4,326,3.6,0,0,0,0,0,0,1,0,0.00,0.00,0.00,0.00,0.00,Matches,b381ce3d
89,Sahil Bashir,eng ENG,MFFW,Brighton,18,2005,13,9,767,8.5,2,0,2,2,0,0,1,0,0.23,0.00,0.23,0.23,0.23,Matches,613aecca
90,Callum Bates,eng ENG,MF,Everton,18,2005,17,13,1098,12.2,0,1,1,0,0,0,1,0,0.00,0.08,0.08,0.00,0.08,Matches,b2010f35
91,Ryan Battrum,eng ENG,MFDF,West Ham,18,2005,10,7,684,7.6,0,0,0,0,0,0,0,0,0.00,0.00,0.00,0.00,0.00,Matches,1791f9a4
92,Jake Batty,eng ENG,DF,Blackburn,19,2005,2,2,166,1.8,0,0,0,0,0,0,1,0,0.00,0.00,0.00,0.00,0.00,Matches,79f29835
93,Zachary Baumann,ua UKR,MF,Manchester Utd,17,2007,3,2,211,2.3,0,0,0,0,0,0,0,0,0.00,0.00,0.00,0.00,0.00,Matches,7a361d1c
94,Stevie Bausor,eng ENG,GK,Leicester City,19,2005,10,10,900,10.0,0,0,0,0,0,0,0,0,0.00,0.00,0.00,0.00,0.00,Matches,e3413112
95,Gavin Bazunu,ie IRL,GK,Southampton,22,2002,3,3,270,3.0,0,0,0,0,0,0,0,0,0.00,0.00,0.00,0.00,0.00,Matches,c91441dc
96,Eddie Beach,wls WAL,GK,Chelsea,20,2003,2,2,180,2.0,0,0,0,0,0,0,0,0,0.00,0.00,0.00,0.00,0.00,Matches,7cbd6d68
97,Boyd Beacroft,eng ENG,DF,Reading FC,21,2003,19,19,1702,18.9,0,1,1,0,0,0,5,0,0.00,0.05,0.05,0.00,0.05,Matches,12b39eae
98,Jacob Beaumont-Clark,eng ENG,MFFW,Everton,18,2005,11,4,385,4.3,1,2,3,1,0,0,1,0,0.23,0.47,0.70,0.23,0.70,Matches,16430796
99,Owen Beck,wls WAL,DF,Blackburn,21,2002,1,1,90,1.0,0,2,2,0,0,0,1,0,0.00,2.00,2.00,0.00,2.00,Matches,a011a1e9
100,George Bell,,DF,Sunderland,,,1,1,90,1.0,0,0,0,0,0,0,0,0,0.00,0.00,0.00,0.00,0.00,Matches,35247f8f
101,Lewis Bell,eng ENG,MFFW,Blackburn,18,2005,9,3,395,4.4,1,0,1,1,0,0,1,0,0.23,0.00,0.23,0.23,0.23,Matches,381bff9c
102,Luke Bell,eng ENG,DF,Sunderland,18,2006,15,13,1234,13.7,0,0,0,0,0,0,1,0,0.00,0.00,0.00,0.00,0.00,Matches,4b007307
103,Joe Belmont,wls WAL,FW,Brighton,17,2006,6,5,342,3.8,2,0,2,2,0,0,2,0,0.53,0.00,0.53,0.53,0.53,Matches,6caf4093
104,Dean Benamar,eng ENG,DF,Crystal Palace,16,2008,1,0,15,0.2,0,0,0,0,0,0,0,0,0.00,0.00,0.00,0.00,0.00,Matches,b047bb3b
105,Lewys Benjamin,wls WAL,GK,Wolves,17,2006,11,11,990,11.0,0,0,0,0,0,0,0,0,0.00,0.00,0.00,0.00,0.00,Matches,41b36757
106,Omari Benjamin,wls WAL,FWMF,Everton,18,2005,18,16,1447,16.1,8,1,9,8,0,0,5,0,0.50,0.06,0.56,0.50,0.56,Matches,eb4365e6
107,Jewison Bennette,cr CRC,DFMF,Sunderland,20,2004,4,4,319,3.5,2,1,3,2,0,0,0,0,0.56,0.28,0.85,0.56,0.85,Matches,58f5704e
108,Lucas Bergström,fi FIN,GK,Chelsea,21,2002,4,4,350,3.9,0,0,0,0,0,0,0,0,0.00,0.00,0.00,0.00,0.00,Matches,b59c2a92
109,Adam Berry,eng ENG,FWMF,Nottingham,18,2006,10,3,310,3.4,2,0,2,2,0,0,1,0,0.58,0.00,0.58,0.58,0.58,Matches,696ee5de
110,Gabriele Biancheri,wls WAL,FWMF,Manchester Utd,17,2006,11,6,586,6.5,5,0,5,5,0,0,0,0,0.77,0.00,0.77,0.77,0.77,Matches,6e68626f
111,Josh Bickerton,eng ENG,DFMF,Stoke City,18,2005,9,9,809,9.0,1,1,2,1,0,0,3,0,0.11,0.11,0.22,0.11,0.22,Matches,22c9900b
112,Dominik Biniek,pl POL,MFFW,Blackburn,19,2004,8,5,427,4.7,1,2,3,1,0,0,2,0,0.21,0.42,0.63,0.21,0.63,Matches,a4beb9c5
113,Coban Bird,eng ENG,DF,Leeds United,16,2007,3,2,225,2.5,0,0,0,0,0,0,0,0,0.00,0.00,0.00,0.00,0.00,Matches,353c732b
114,Leo Black,eng ENG,MFFW,Tottenham,18,2006,16,12,1089,12.1,0,2,2,0,0,0,1,0,0.00,0.17,0.17,0.00,0.17,Matches,d7f02829
115,Zyan Blake,eng ENG,FW,Nottingham,16,2007,4,4,294,3.3,2,2,4,2,0,0,0,0,0.61,0.61,1.22,0.61,1.22,Matches,adf7ca78
116,Thomas Bloxham,ie IRL,MFFW,Blackburn,19,2005,6,5,398,4.4,2,0,2,2,0,0,0,0,0.45,0.00,0.45,0.45,0.45,Matches,c27580c4
117,Kingsford Boakye,gh GHA,FW,Everton,19,2004,4,1,48,0.5,0,0,0,0,0,0,0,0,0.00,0.00,0.00,0.00,0.00,Matches,175bc3e4
118,Oliver Boast,eng ENG,FW,Leeds United,15,2009,1,0,14,0.2,0,0,0,0,0,0,0,0,0.00,0.00,0.00,0.00,0.00,Matches,810c6ac6
119,Oscar Bobb,no NOR,FW,Manchester City,21,2003,1,1,60,0.7,0,0,0,0,0,0,0,0,0.00,0.00,0.00,0.00,0.00,Matches,eed2427e
120,Billy Bodin,wls WAL,MFFW,Reading FC,32,1992,2,2,179,2.0,0,0,0,0,0,0,0,0,0.00,0.00,0.00,0.00,0.00,Matches,49eb2779
121,Lamare Bogarde,nl NED,MF,Aston Villa,20,2004,1,1,90,1.0,0,0,0,0,0,0,0,0,0.00,0.00,0.00,0.00,0.00,Matches,bca5c4a7
122,Joe Boggan,,MFFW,Blackburn,,,9,4,478,5.3,4,1,5,4,0,0,1,0,0.75,0.19,0.94,0.75,0.94,Matches,08116e2e
123,Jack Bonham,ie IRL,GK,Stoke City,30,1993,2,2,135,1.5,0,0,0,0,0,0,0,0,0.00,0.00,0.00,0.00,0.00,Matches,3539472e
124,Somto Boniface,eng ENG,DF,Chelsea,18,2006,1,0,1,0.0,0,0,0,0,0,0,0,0,0.00,0.00,0.00,0.00,0.00,Matches,6115a18a
125,Nathaniel Boot,,DF,Southampton,,,4,4,252,2.8,0,0,0,0,0,0,1,0,0.00,0.00,0.00,0.00,0.00,Matches,915bdee1
126,Jacob Borgnis,eng ENG,DFMF,Reading FC,21,2003,15,14,1219,13.5,0,2,2,0,0,0,6,0,0.00,0.15,0.15,0.00,0.15,Matches,eb4425b4
127,Aidan Borland,sct SCO,MF,Aston Villa,17,2007,20,18,1619,18.0,0,2,2,0,0,0,5,0,0.00,0.11,0.11,0.00,0.11,Matches,634c58a6
128,Alexander Borto,us USA,GK,Fulham,20,2003,6,6,540,6.0,0,0,0,0,0,0,0,0,0.00,0.00,0.00,0.00,0.00,Matches,85c20be9
129,Ollie Bostock,wls WAL,MFFW,West Brom,17,2007,8,8,566,6.3,1,1,2,1,0,0,3,0,0.16,0.16,0.32,0.16,0.32,Matches,52f8322e
130,Sven Botman,nl NED,DF,Newcastle,24,2000,1,1,59,0.7,0,0,0,0,0,0,0,0,0.00,0.00,0.00,0.00,0.00,Matches,ccce7025
131,Aaron Bott,eng ENG,GK,Nottingham,19,2004,5,5,450,5.0,0,0,0,0,0,0,0,0,0.00,0.00,0.00,0.00,0.00,Matches,854521ca
132,Carter Bowdery,,MF,Reading FC,,,2,0,47,0.5,0,0,0,0,0,0,0,0,0.00,0.00,0.00,0.00,0.00,Matches,69a77204
133,Coniah Boyce-Clarke,jm JAM,GK,Reading FC,21,2003,3,3,270,3.0,0,0,0,0,0,0,0,0,0.00,0.00,0.00,0.00,0.00,Matches,94a01643
134,Miles Bracking,eng ENG,MF,Norwich City,17,2007,7,3,348,3.9,0,0,0,0,0,0,1,0,0.00,0.00,0.00,0.00,0.00,Matches,810aacc8
135,Makenzie Bradbury,wls WAL,MFDF,Wolves,16,2007,14,7,735,8.2,0,0,0,0,0,0,3,0,0.00,0.00,0.00,0.00,0.00,Matches,41b33809
136,Cameron Bragg,eng ENG,MF,Southampton,19,2005,11,11,982,10.9,1,3,4,1,0,0,3,0,0.09,0.27,0.37,0.09,0.37,Matches,a596a82a
137,Kaden Braithwaite,eng ENG,DF,Manchester City,16,2008,3,0,54,0.6,0,0,0,0,0,0,0,0,0.00,0.00,0.00,0.00,0.00,Matches,dd1bd054
138,Cole Brannigan,nir NIR,MF,Aston Villa,17,2007,5,3,259,2.9,0,0,0,0,0,0,0,0,0.00,0.00,0.00,0.00,0.00,Matches,400fa959
139,Jarrad Branthwaite,eng ENG,DF,Everton,22,2002,1,1,90,1.0,0,0,0,0,0,0,0,0,0.00,0.00,0.00,0.00,0.00,Matches,c1949191
140,Sammy Braybrooke,eng ENG,MF,Leicester City,20,2004,10,10,855,9.5,1,0,1,1,0,1,3,0,0.11,0.00,0.11,0.11,0.11,Matches,9f684e25
141,Joe Brayson,eng ENG,FW,Newcastle,17,2007,6,2,261,2.9,3,1,4,3,0,0,0,0,1.03,0.34,1.38,1.03,1.38,Matches,d97bba30
142,Ben Brereton,cl CHI,MF,Southampton,25,1999,1,1,90,1.0,0,0,0,0,0,0,0,0,0.00,0.00,0.00,0.00,0.00,Matches,57827369
143,AJ Bridge,eng ENG,MF,Norwich City,19,2005,15,15,1321,14.7,0,3,3,0,0,0,5,0,0.00,0.20,0.20,0.00,0.20,Matches,76f24ab5
144,AJ Bridge,eng ENG,MF,Middlesbrough,19,2005,1,1,90,1.0,0,0,0,0,0,0,1,0,0.00,0.00,0.00,0.00,0.00,Matches,76f24ab5
145,Joshua Briggs,nir NIR,DFMF,West Ham,18,2006,11,9,808,9.0,0,1,1,0,0,0,4,0,0.00,0.11,0.11,0.00,0.11,Matches,880979fb
146,Logan Briggs,eng ENG,MF,Leicester City,19,2005,15,12,1058,11.8,4,2,6,4,0,0,1,0,0.34,0.17,0.51,0.34,0.51,Matches,2dd26f66
147,Logan Briggs,sct SCO,MF,Leicester City,19,2005,3,2,179,2.0,0,0,0,0,0,0,0,0,0.00,0.00,0.00,0.00,0.00,Matches,48e141b2
148,Thorsten Brits,eng ENG,GK,Manchester City,17,2007,6,6,540,6.0,0,0,0,0,0,0,0,0,0.00,0.00,0.00,0.00,0.00,Matches,d5837248
149,Benjamin Broggio,eng ENG,MFFW,Aston Villa,17,2007,11,7,528,5.9,4,1,5,4,0,0,0,0,0.68,0.17,0.85,0.68,0.85,Matches,cdf9e86a
150,Armando Broja,al ALB,MF,Everton,22,2001,1,1,70,0.8,0,0,0,0,0,0,0,0,0.00,0.00,0.00,0.00,0.00,Matches,97220da2
151,Harry Brooke,eng ENG,MF,Norwich City,20,2004,8,2,269,3.0,0,0,0,0,0,0,0,0,0.00,0.00,0.00,0.00,0.00,Matches,6b4c1067
152,Alfie Brooks,rs SRB,GK,Stoke City,20,2003,13,12,1125,12.5,0,0,0,0,0,0,0,0,0.00,0.00,0.00,0.00,0.00,Matches,aaf61e0d
153,Connor Brown,eng ENG,FW,Nottingham,18,2005,2,0,49,0.5,0,0,0,0,0,0,1,0,0.00,0.00,0.00,0.00,0.00,Matches,c70b5605
154,Dajaune Brown,jm JAM,FW,Derby County,18,2005,1,1,90,1.0,0,0,0,0,0,0,0,0,0.00,0.00,0.00,0.00,0.00,Matches,b4d24801
155,Luis Brown,eng ENG,DF,West Ham,18,2005,6,4,352,3.9,0,0,0,0,0,0,1,1,0.00,0.00,0.00,0.00,0.00,Matches,5b2a7c84
156,Thierry Brown,,MF,Southampton,,,4,1,151,1.7,0,0,0,0,0,0,1,0,0.00,0.00,0.00,0.00,0.00,Matches,6877f665
157,Luke Browne,ie IRL,DF,Crystal Palace,18,2005,18,18,1595,17.7,0,0,0,0,0,0,2,0,0.00,0.00,0.00,0.00,0.00,Matches,1832fbfa
158,Noel Buck,eng ENG,MFDF,Southampton,19,2005,6,6,510,5.7,0,0,0,0,0,0,0,0,0.00,0.00,0.00,0.00,0.00,Matches,3d47c1ad
159,Henry Bullen,eng ENG,GK,Norwich City,16,2007,2,0,47,0.5,0,0,0,0,0,0,0,0,0.00,0.00,0.00,0.00,0.00,Matches,b3caebde
160,Marshall Burke,eng ENG,MF,Sunderland,19,2005,3,3,170,1.9,0,0,0,0,0,0,2,0,0.00,0.00,0.00,0.00,0.00,Matches,e7086088
161,Bradley Burrowes,eng ENG,FWMF,Aston Villa,16,2008,10,6,628,7.0,3,1,4,3,0,0,1,0,0.43,0.14,0.57,0.43,0.57,Matches,802ee5ca
162,Jack Butler,eng ENG,DF,Everton,18,2005,8,6,483,5.4,1,0,1,1,0,0,0,0,0.19,0.00,0.19,0.19,0.19,Matches,0ee944d1
163,Nathan Butler-Oyedeji,eng ENG,FWMF,Arsenal,21,2003,13,13,1049,11.7,9,6,15,9,0,1,3,0,0.77,0.51,1.29,0.77,1.29,Matches,3a686640
164,Luke Butterfield,sct SCO,MFDF,Everton,20,2003,12,9,871,9.7,1,2,3,1,0,0,2,0,0.10,0.21,0.31,0.10,0.31,Matches,ffdb1087
165,Cameron Byrne-Hughes,eng ENG,GK,Manchester Utd,16,2007,1,1,90,1.0,0,0,0,0,0,0,0,0,0.00,0.00,0.00,0.00,0.00,Matches,86c01ea7
166,Adam Caddick,eng ENG,MFDF,Blackburn,19,2004,11,8,740,8.2,0,1,1,0,0,0,2,0,0.00,0.12,0.12,0.00,0.12,Matches,8dfdc59c
167,Killian Cahill,ie IRL,GK,Brighton,20,2003,5,5,450,5.0,0,0,0,0,0,0,0,0,0.00,0.00,0.00,0.00,0.00,Matches,4352b7be
168,Daniel Cameron,eng ENG,GK,Sunderland,19,2004,7,7,630,7.0,0,0,0,0,0,0,1,0,0.00,0.00,0.00,0.00,0.00,Matches,1b7ecf68
169,Elijah Campbell,eng ENG,DF,Everton,19,2004,1,1,90,1.0,0,0,0,0,0,0,0,0,0.00,0.00,0.00,0.00,0.00,Matches,48ba3f58
170,Luke Campbell,eng ENG,GK,Chelsea,18,2005,2,1,100,1.1,0,0,0,0,0,0,0,0,0.00,0.00,0.00,0.00,0.00,Matches,0814bbe2
171,Ted Cann,eng ENG,GK,West Brom,23,2000,1,1,90,1.0,0,0,0,0,0,0,0,0,0.00,0.00,0.00,0.00,0.00,Matches,f738734d
172,Oakley Cannonier,eng ENG,FW,Liverpool,20,2004,1,1,45,0.5,0,0,0,0,0,0,0,0,0.00,0.00,0.00,0.00,0.00,Matches,70fed764
173,Rio Canoville,,DF,Derby County,,,5,2,196,2.2,0,0,0,0,0,0,0,0,0.00,0.00,0.00,0.00,0.00,Matches,268b8ee5
174,Rio Cardines,tt TRI,MF,Crystal Palace,18,2006,14,5,669,7.4,1,0,1,1,0,0,0,0,0.13,0.00,0.13,0.13,0.13,Matches,702812fe
175,Leo Cardoso,pt POR,MF,Chelsea,17,2006,2,0,40,0.4,0,0,0,0,0,0,0,0,0.00,0.00,0.00,0.00,0.00,Matches,31e81036
176,Ezra Carrington,eng ENG,DF,Manchester City,18,2005,1,0,17,0.2,0,0,0,0,0,0,0,0,0.00,0.00,0.00,0.00,0.00,Matches,2c5633c5
177,Hayden Carson,eng ENG,DF,Wolves,18,2006,1,0,1,0.0,0,0,0,0,0,0,0,0,0.00,0.00,0.00,0.00,0.00,Matches,e2ac8aab
178,Finley Cartwright,eng ENG,MF,Middlesbrough,17,2007,11,8,642,7.1,0,1,1,0,0,0,3,0,0.00,0.14,0.14,0.00,0.14,Matches,f09d1baa
179,Henry Cartwright,eng ENG,MF,Leicester City,19,2004,19,19,1710,19.0,4,3,7,1,3,3,7,0,0.21,0.16,0.37,0.05,0.21,Matches,0b6dfc4f
180,Dan Casey,eng ENG,MF,Arsenal,16,2007,3,1,88,1.0,0,0,0,0,0,0,0,0,0.00,0.00,0.00,0.00,0.00,Matches,a1c46ec9
181,Kaelan Casey,eng ENG,DF,West Ham,19,2004,11,11,943,10.5,2,0,2,2,0,0,3,0,0.19,0.00,0.19,0.19,0.19,Matches,cd4b2c5f
182,Dante Cassanova,jm JAM,DFMF,Tottenham,20,2004,16,14,1228,13.6,0,0,0,0,0,0,1,0,0.00,0.00,0.00,0.00,0.00,Matches,0b8373bb
183,Leo Castledine,eng ENG,MF,Chelsea,18,2005,1,1,45,0.5,0,0,0,0,0,0,0,0,0.00,0.00,0.00,0.00,0.00,Matches,1c86192d
184,Rhys Chadwick-Chaplin,eng ENG,MF,Leeds United,17,2007,19,18,1606,17.8,6,4,10,6,0,0,5,1,0.34,0.22,0.56,0.34,0.56,Matches,1fb22c14
185,Samuel Chambers,eng ENG,MFFW,Leeds United,16,2007,8,8,562,6.2,0,1,1,0,0,0,4,1,0.00,0.16,0.16,0.00,0.16,Matches,30b33655
186,Archie Chaplin,eng ENG,DF,Tottenham,18,2005,2,0,11,0.1,0,0,0,0,0,0,0,0,0.00,0.00,0.00,0.00,0.00,Matches,8b366d58
187,Brandon Charles,,MFFW,Southampton,,,11,6,493,5.5,0,1,1,0,0,0,0,0,0.00,0.18,0.18,0.00,0.18,Matches,84736aa5
188,Dylan Charlton,eng ENG,DF,Newcastle,18,2006,16,14,1311,14.6,0,1,1,0,0,0,1,0,0.00,0.07,0.07,0.00,0.07,Matches,7d0f679f
189,Youssef Chermiti,pt POR,FW,Everton,20,2004,1,1,64,0.7,0,0,0,0,0,0,0,0,0.00,0.00,0.00,0.00,0.00,Matches,890f108d
190,Chiboso Chibueze,eng ENG,MF,Stoke City,18,2006,16,11,929,10.3,1,0,1,1,0,0,4,0,0.10,0.00,0.10,0.10,0.10,Matches,3307fc06
191,Kelechi Chibueze,eng ENG,GK,Sunderland,20,2003,13,13,1170,13.0,0,0,0,0,0,0,0,0,0.00,0.00,0.00,0.00,0.00,Matches,3ee7d472
192,Jeremiah Chilokoa-Mullen,sct SCO,DFMF,Leeds United,20,2004,10,10,857,9.5,1,0,1,1,0,0,1,0,0.11,0.00,0.11,0.11,0.11,Matches,3b57a494
193,Toby Chilvers,eng ENG,MFDF,Norwich City,17,2007,14,6,745,8.3,2,0,2,2,0,0,2,0,0.24,0.00,0.24,0.24,0.24,Matches,844004ae
194,Dan Chimeziri,eng ENG,FW,West Brom,17,2006,6,4,311,3.5,1,0,1,1,0,0,3,0,0.29,0.00,0.29,0.29,0.29,Matches,43af8464
195,Tawanda Chirewa,zw ZIM,MF,Derby County,20,2003,1,1,45,0.5,0,0,0,0,0,0,0,0,0.00,0.00,0.00,0.00,0.00,Matches,34721c11
196,Tawanda Chirewa,zw ZIM,FW,Wolves,20,2003,2,2,180,2.0,2,0,2,1,1,1,0,0,1.00,0.00,1.00,0.50,0.50,Matches,34721c11
197,Leon Chiwome,eng ENG,MFFW,Wolves,18,2006,2,2,112,1.2,0,0,0,0,0,0,0,0,0.00,0.00,0.00,0.00,0.00,Matches,a2852b4f
198,Samy Chouchane,tn TUN,MF,Brighton,20,2003,4,4,350,3.9,0,0,0,0,0,0,2,0,0.00,0.00,0.00,0.00,0.00,Matches,6c1ebbc8
199,Harry Christy,eng ENG,GK,Leeds United,20,2003,1,1,90,1.0,0,0,0,0,0,0,0,0,0.00,0.00,0.00,0.00,0.00,Matches,e4cc3020
200,Aaron Chung,eng ENG,FW,Sunderland,17,2007,2,0,28,0.3,0,0,0,0,0,0,0,0,0.00,0.00,0.00,0.00,0.00,Matches,939a4a5a
201,Ben Cisse,eng ENG,GK,West Brom,18,2005,13,13,1170,13.0,0,0,0,0,0,0,1,0,0.00,0.00,0.00,0.00,0.00,Matches,df1eaf9d
202,Brayden Clarke,wls WAL,DF,Arsenal,17,2007,5,3,293,3.3,0,0,0,0,0,0,0,0,0.00,0.00,0.00,0.00,0.00,Matches,f9657b1b
203,John Clarke,ie IRL,DF,Reading FC,20,2004,2,0,18,0.2,0,0,0,0,0,0,1,0,0.00,0.00,0.00,0.00,0.00,Matches,0c3df334
204,Justin Clarke,,,Everton,,,1,0,19,0.2,0,0,0,0,0,0,0,0,0.00,0.00,0.00,0.00,0.00,Matches,a1abd2b0
205,Kristian Clarke,,DF,Nottingham,,,1,0,12,0.1,0,0,0,0,0,0,0,0,0.00,0.00,0.00,0.00,0.00,Matches,04fc8f56
206,Regan Clayton,eng ENG,MF,West Ham,19,2004,3,2,143,1.6,0,0,0,0,0,0,0,0,0.00,0.00,0.00,0.00,0.00,Matches,97855227
207,Reyes Cleary,eng ENG,FW,West Brom,20,2004,1,1,67,0.7,2,0,2,2,0,0,0,0,2.69,0.00,2.69,2.69,2.69,Matches,d8e563fb
208,Devante Cole,eng ENG,FW,West Brom,29,1995,2,2,167,1.9,2,0,2,2,0,0,0,0,1.08,0.00,1.08,1.08,1.08,Matches,5736378a
209,Cian Coleman,ie IRL,MF,Leeds United,19,2004,8,8,719,8.0,2,0,2,2,0,0,3,0,0.25,0.00,0.25,0.25,0.25,Matches,f3e0b3c4
210,Sam Collins,wls WAL,MF,Nottingham,20,2003,1,0,22,0.2,0,0,0,0,0,0,0,0,0.00,0.00,0.00,0.00,0.00,Matches,cd7d432b
211,Toby Collyer,eng ENG,MF,Manchester Utd,20,2004,2,2,180,2.0,0,0,0,0,0,0,0,0,0.00,0.00,0.00,0.00,0.00,Matches,4f9091bc
212,Aaron Connolly,ie IRL,FW,Sunderland,24,2000,1,1,45,0.5,1,0,1,1,0,0,0,0,2.00,0.00,2.00,2.00,2.00,Matches,27c01749
213,Shea Connor,eng ENG,GK,Middlesbrough,18,2005,15,15,1350,15.0,0,0,0,0,0,0,2,0,0.00,0.00,0.00,0.00,0.00,Matches,500ed7a9
214,Noah Cooper,eng ENG,GK,Stoke City,18,2006,6,6,540,6.0,0,0,0,0,0,0,0,0,0.00,0.00,0.00,0.00,0.00,Matches,c5145ba0
215,Louie Copley,eng ENG,MF,Arsenal,17,2006,3,1,148,1.6,0,0,0,0,0,0,0,0,0.00,0.00,0.00,0.00,0.00,Matches,ab30afe6
216,Finlay Corke,eng ENG,FW,Norwich City,16,2007,2,1,114,1.3,1,0,1,1,0,0,0,0,0.79,0.00,0.79,0.79,0.79,Matches,cf50d676
217,Dominic Corness,eng ENG,MF,Liverpool,21,2003,9,7,658,7.3,2,2,4,2,0,0,1,0,0.27,0.27,0.55,0.27,0.55,Matches,b74b3067
218,Mason Cotcher,eng ENG,FW,Aston Villa,17,2006,10,5,499,5.5,2,0,2,2,0,0,1,0,0.36,0.00,0.36,0.36,0.36,Matches,1f0beaab
219,Frankie Coulson,,MFFW,Middlesbrough,,,14,5,536,6.0,0,1,1,0,0,0,0,0,0.00,0.17,0.17,0.00,0.17,Matches,1fd2ef91
220,Brandon Cover,jm JAM,DF,Leicester City,20,2003,2,2,150,1.7,0,0,0,0,0,0,1,0,0.00,0.00,0.00,0.00,0.00,Matches,ceb3632f
221,Daniel Cox,wls WAL,DF,Derby County,18,2006,8,5,475,5.3,0,0,0,0,0,0,1,0,0.00,0.00,0.00,0.00,0.00,Matches,c05eb01e
222,Ellis Craven,eng ENG,GK,Norwich City,19,2004,4,4,333,3.7,0,0,0,0,0,0,0,0,0.00,0.00,0.00,0.00,0.00,Matches,259feedc
223,Alfie Cresswell,eng ENG,MFDF,Leeds United,17,2007,19,18,1636,18.2,3,2,5,3,0,0,3,0,0.17,0.11,0.28,0.17,0.28,Matches,67cc36ba
224,Charlie Crew,wls WAL,MF,Leeds United,18,2006,4,4,340,3.8,0,0,0,0,0,0,2,0,0.00,0.00,0.00,0.00,0.00,Matches,e8392083
225,Ben Crompton,eng ENG,DF,Sunderland,20,2003,5,5,447,5.0,2,0,2,2,0,0,3,0,0.40,0.00,0.40,0.40,0.40,Matches,51d0587c
226,Matthew Crowther,,MFDF,West Brom,,,6,5,444,4.9,1,0,1,1,0,0,0,0,0.20,0.00,0.20,0.20,0.20,Matches,8eca623b
227,Luke Cundle,eng ENG,MF,Wolves,22,2002,2,2,135,1.5,0,0,0,0,0,0,0,0,0.00,0.00,0.00,0.00,0.00,Matches,cc3b8e78
228,Ted Curd,eng ENG,GK,Chelsea,18,2006,4,4,360,4.0,0,0,0,0,0,0,0,0,0.00,0.00,0.00,0.00,0.00,Matches,d9bd6f58
229,Ruben Curley,eng ENG,MFFW,Stoke City,18,2005,8,8,695,7.7,2,0,2,2,0,0,0,0,0.26,0.00,0.26,0.26,0.26,Matches,e8fb9be7
230,Ruben Curley,eng ENG,MF,Manchester Utd,18,2005,7,3,366,4.1,0,0,0,0,0,0,1,0,0.00,0.00,0.00,0.00,0.00,Matches,e8fb9be7
231,Jayden Danns,eng ENG,FW,Liverpool,18,2006,2,1,92,1.0,0,0,0,0,0,0,0,0,0.00,0.00,0.00,0.00,0.00,Matches,003cf4d1
232,Jayden Davidson,eng ENG,MFFW,Derby County,17,2006,8,6,378,4.2,0,0,0,0,0,0,0,0,0.00,0.00,0.00,0.00,0.00,Matches,7681bfe8
233,Josh Davidson,eng ENG,DFMF,Liverpool,18,2005,13,7,772,8.6,0,0,0,0,0,0,1,0,0.00,0.00,0.00,0.00,0.00,Matches,c9382cb6
234,Harvey Davies,eng ENG,GK,Liverpool,20,2003,10,10,884,9.8,0,0,0,0,0,0,3,1,0.00,0.00,0.00,0.00,0.00,Matches,fd08a24b
235,Max Davies,,DF,Blackburn,,,3,3,218,2.4,0,0,0,0,0,0,0,0,0.00,0.00,0.00,0.00,0.00,Matches,204f1527
236,Sonnie Davis,eng ENG,DF,Southampton,19,2005,1,0,8,0.1,0,0,0,0,0,0,0,0,0.00,0.00,0.00,0.00,0.00,Matches,5b51fcc9
237,Myles Dayman,,MFFW,Wolves,,,4,4,360,4.0,1,0,1,1,0,0,1,0,0.25,0.00,0.25,0.25,0.25,Matches,d6eb4f7a
238,Luc De Fougerolles,ca CAN,DF,Fulham,18,2005,5,3,284,3.2,0,0,0,0,0,0,1,0,0.00,0.00,0.00,0.00,0.00,Matches,45c427ff
239,James Debayo,eng ENG,DF,Leeds United,19,2005,7,7,578,6.4,1,0,1,1,0,0,2,0,0.16,0.00,0.16,0.16,0.16,Matches,3b9bf650
240,Michael Decandia,eng ENG,DF,Blackburn,16,2007,1,0,13,0.1,0,0,0,0,0,0,0,0,0.00,0.00,0.00,0.00,0.00,Matches,06ab3f34
241,Josh Dede,sct SCO,MFDF,Middlesbrough,18,2006,7,7,546,6.1,0,1,1,0,0,0,1,0,0.00,0.16,0.16,0.00,0.16,Matches,b997d73b
242,Cole Deeming,,MF,West Brom,,,13,10,896,10.0,3,0,3,3,0,0,2,0,0.30,0.00,0.30,0.30,0.30,Matches,c62af1ae
243,Jesse Derry,eng ENG,FW,Crystal Palace,17,2007,10,2,260,2.9,0,1,1,0,0,0,1,0,0.00,0.35,0.35,0.00,0.35,Matches,bbfe0e5d
244,Jacob Devaney,ie IRL,MF,Manchester Utd,17,2007,5,2,248,2.8,0,0,0,0,0,0,2,0,0.00,0.00,0.00,0.00,0.00,Matches,7bb853b2
245,Justin Devenny,nir NIR,MF,Crystal Palace,20,2003,7,7,601,6.7,2,0,2,2,0,0,2,0,0.30,0.00,0.30,0.30,0.30,Matches,6c2b66fc
246,Matt Dibley-Dias,nz NZL,MF,Fulham,20,2004,4,3,272,3.0,0,0,0,0,0,0,0,0,0.00,0.00,0.00,0.00,0.00,Matches,979cb300
247,William Dickson,eng ENG,FW,Manchester City,19,2004,12,9,788,8.8,4,2,6,4,0,0,0,0,0.46,0.23,0.69,0.46,0.69,Matches,e4acebb3
248,Daryl Dike,us USA,FW,West Brom,24,2000,1,1,30,0.3,0,0,0,0,0,0,0,0,0.00,0.00,0.00,0.00,0.00,Matches,d4cfc93c
249,Muhamed Diomande,eng ENG,DF,West Brom,18,2006,15,14,1255,13.9,0,0,0,0,0,0,4,1,0.00,0.00,0.00,0.00,0.00,Matches,2a7f6393
250,Baylee Dipepa,eng ENG,FW,Southampton,17,2007,13,10,792,8.8,3,1,4,3,0,0,2,0,0.34,0.11,0.45,0.34,0.45,Matches,294ebd30
251,Jaden Dixion,,DF,Stoke City,,,8,8,668,7.4,0,0,0,0,0,0,4,1,0.00,0.00,0.00,0.00,0.00,Matches,5eb28a2b
252,Jaden Dixon,eng ENG,DF,Stoke City,17,2007,3,3,270,3.0,0,2,2,0,0,0,1,0,0.00,0.67,0.67,0.00,0.67,Matches,437f821e
253,Roman Dixon,eng ENG,DFMF,Everton,19,2004,14,14,1215,13.5,0,3,3,0,0,0,2,0,0.00,0.22,0.22,0.00,0.22,Matches,6fba4dba
254,Halid Djankpata,tg TOG,MF,Everton,19,2005,2,1,79,0.9,0,0,0,0,0,0,0,0,0.00,0.00,0.00,0.00,0.00,Matches,34cdfe93
255,Uriah Djedje,eng ENG,MF,Norwich City,18,2006,18,17,1436,16.0,0,0,0,0,0,0,5,0,0.00,0.00,0.00,0.00,0.00,Matches,47a43e82
256,Nathan Dlamini,,MF,Blackburn,,,5,4,284,3.2,0,1,1,0,0,0,0,0,0.00,0.32,0.32,0.00,0.32,Matches,ea68c1fc
257,Aodhan Doherty,nir NIR,MFFW,Blackburn,18,2006,19,14,1212,13.5,4,5,9,4,0,0,1,0,0.30,0.37,0.67,0.30,0.67,Matches,36398ec3
258,Rhys Doherty,eng ENG,DF,Blackburn,18,2005,15,11,990,11.0,0,0,0,0,0,0,3,1,0.00,0.00,0.00,0.00,0.00,Matches,b4477149
259,Trent Doherty,ie IRL,MF,Liverpool,18,2006,17,11,1025,11.4,2,0,2,2,0,0,1,0,0.18,0.00,0.18,0.18,0.18,Matches,55f40df2
260,Brad Dolaghan,eng ENG,FW,West Ham,19,2004,4,1,103,1.1,0,0,0,0,0,0,1,0,0.00,0.00,0.00,0.00,0.00,Matches,82aa76ef
261,Alan Domeracki,sct SCO,MF,Norwich City,17,2006,3,0,49,0.5,0,0,0,0,0,0,0,0,0.00,0.00,0.00,0.00,0.00,Matches,241cfae6
262,Josh Donaldson,eng ENG,FW,Newcastle,18,2005,14,4,523,5.8,1,0,1,1,0,0,0,0,0.17,0.00,0.17,0.17,0.17,Matches,eb1b50fe
263,Chris Donnell,au AUS,MF,Fulham,22,2001,19,17,1529,17.0,2,2,4,2,0,0,1,0,0.12,0.12,0.24,0.12,0.24,Matches,5e5153f2
264,Aaron Donnelly,nir NIR,DF,Nottingham,21,2003,2,2,172,1.9,0,0,0,0,0,0,0,0,0.00,0.00,0.00,0.00,0.00,Matches,49628abd
265,Alfie Dorrington,eng ENG,DF,Tottenham,19,2005,4,4,309,3.4,0,0,0,0,0,0,1,1,0.00,0.00,0.00,0.00,0.00,Matches,ac1ef440
266,Connor Douglas,eng ENG,MFFW,Leeds United,18,2005,14,11,1011,11.2,0,3,3,0,0,0,2,0,0.00,0.27,0.27,0.00,0.27,Matches,6ba8e5b0
267,Anthony Dove,,MF,Reading FC,,,1,0,8,0.1,0,0,0,0,0,0,0,0,0.00,0.00,0.00,0.00,0.00,Matches,c389ee16
268,Max Dowman,eng ENG,MF,Arsenal,14,2009,1,0,7,0.1,0,0,0,0,0,0,0,0,0.00,0.00,0.00,0.00,0.00,Matches,9008bb70
269,Alfie Doy,eng ENG,DF,Norwich City,18,2005,2,0,30,0.3,0,0,0,0,0,0,0,0,0.00,0.00,0.00,0.00,0.00,Matches,19ca4a02
270,Phillip Duah,gh GHA,DF,Reading FC,17,2006,4,2,285,3.2,0,0,0,0,0,0,0,0,0.00,0.00,0.00,0.00,0.00,Matches,556634ea
271,Louie Dudley,eng ENG,DF,Leeds United,16,2007,4,3,274,3.0,1,0,1,1,0,0,0,0,0.33,0.00,0.33,0.33,0.33,Matches,e48e3969
272,Harrison Dudziak,eng ENG,MF,Arsenal,18,2006,11,4,429,4.8,0,0,0,0,0,0,1,0,0.00,0.00,0.00,0.00,0.00,Matches,cba1d4cd
273,Josh Duffus,eng ENG,FWMF,Brighton,19,2005,9,7,620,6.9,4,2,6,4,0,0,3,0,0.58,0.29,0.87,0.58,0.87,Matches,6224214f
274,Isaac Dunn,,MF,Blackburn,,,10,8,735,8.2,0,1,1,0,0,0,4,0,0.00,0.12,0.12,0.00,0.12,Matches,b3d7b94f
275,Noah Dupont,nz NZL,DF,West Brom,16,2007,4,3,285,3.2,0,0,0,0,0,0,1,0,0.00,0.00,0.00,0.00,0.00,Matches,b210939c
276,Leo Duru,eng ENG,DF,Blackburn,19,2005,3,3,260,2.9,0,0,0,0,0,0,0,0,0.00,0.00,0.00,0.00,0.00,Matches,ca9e1a50
277,Kiano Dyer,eng ENG,MFFW,Chelsea,17,2006,16,15,1367,15.2,2,4,6,2,0,0,5,0,0.13,0.26,0.40,0.13,0.40,Matches,b43204f6
278,Owen Eames,,MF,Derby County,,,7,5,436,4.8,1,0,1,1,0,0,2,0,0.21,0.00,0.21,0.21,0.21,Matches,79ad2685
279,Coby Ebere,de GER,MFFW,Everton,18,2005,7,6,489,5.4,1,1,2,1,0,0,0,0,0.18,0.18,0.37,0.18,0.37,Matches,61a42f10
280,Malcolm Ebiowei,eng ENG,FW,Crystal Palace,20,2003,2,1,71,0.8,0,1,1,0,0,0,0,0,0.00,1.27,1.27,0.00,1.27,Matches,fa9fa773
281,James Edmondson,eng ENG,MF,Blackburn,18,2005,15,15,1288,14.3,2,2,4,2,0,0,3,0,0.14,0.14,0.28,0.14,0.28,Matches,2770b692
282,Stephen Edmondson,eng ENG,MF,Blackburn,17,2007,1,0,12,0.1,0,0,0,0,0,0,0,0,0.00,0.00,0.00,0.00,0.00,Matches,e4a8cc64
283,Tom Edozie,eng ENG,MFFW,Wolves,18,2006,17,15,1188,13.2,5,1,6,5,0,0,1,0,0.38,0.08,0.45,0.38,0.45,Matches,3354ea94
284,I-Lani Edwards,eng ENG,MF,Aston Villa,18,2005,6,1,217,2.4,0,0,0,0,0,0,0,0,0.00,0.00,0.00,0.00,0.00,Matches,40b084a1
285,Khayon Edwards,eng ENG,FW,Arsenal,20,2003,17,13,1243,13.8,10,2,12,7,3,4,1,1,0.72,0.14,0.87,0.51,0.65,Matches,c25b2143
286,Ronnie Edwards,eng ENG,DF,Southampton,21,2003,2,2,180,2.0,0,0,0,0,0,0,0,0,0.00,0.00,0.00,0.00,0.00,Matches,be90c4b0
287,Princewill Ehibhatiomhan,eng ENG,FW,Southampton,18,2005,18,5,697,7.7,7,0,7,6,1,1,0,0,0.90,0.00,0.90,0.77,0.77,Matches,a932fe31
288,Reiss Elliot-Parris,gy GUY,FW,Tottenham,16,2007,1,0,13,0.1,0,0,0,0,0,0,0,0,0.00,0.00,0.00,0.00,0.00,Matches,e1d0351d
289,Landon Emenalo,eng ENG,DFMF,Chelsea,16,2008,8,6,546,6.1,0,2,2,0,0,0,1,0,0.00,0.33,0.33,0.00,0.33,Matches,e1cc82b1
290,Johnny Emerson,sct SCO,MFFW,Newcastle,19,2005,15,12,900,10.0,3,1,4,3,0,0,4,0,0.30,0.10,0.40,0.30,0.40,Matches,b36db929
291,Lander Emery,eng ENG,GK,Aston Villa,21,2003,5,5,450,5.0,0,0,0,0,0,0,0,0,0.00,0.00,0.00,0.00,0.00,Matches,b5f7fd45
292,Oghosaiwi Enabulele,,MF,Stoke City,,,2,0,45,0.5,0,0,0,0,0,0,0,0,0.00,0.00,0.00,0.00,0.00,Matches,ef0bd3fa
293,Ethan Ennis,eng ENG,MFFW,Manchester Utd,19,2004,9,6,516,5.7,4,0,4,4,0,0,2,0,0.70,0.00,0.70,0.70,0.70,Matches,143c022e
294,Niall Ennis,eng ENG,MF,Stoke City,25,1999,1,1,45,0.5,0,0,0,0,0,0,0,0,0.00,0.00,0.00,0.00,0.00,Matches,74cae353
295,Travis Enrique Hernes,no NOR,MF,Newcastle,18,2005,6,6,540,6.0,0,1,1,0,0,0,2,0,0.00,0.17,0.17,0.00,0.17,Matches,f943652c
296,Josh Esen,wls WAL,MF,Wolves,19,2004,6,5,461,5.1,1,0,1,1,0,0,1,0,0.20,0.00,0.20,0.20,0.20,Matches,5b14e145
297,Jonathan Esenga,eng ENG,DF,Fulham,17,2007,14,12,1030,11.4,1,1,2,1,0,0,4,0,0.09,0.09,0.17,0.09,0.17,Matches,cb3edef2
298,Harry Evans,eng ENG,GK,Derby County,19,2004,10,10,900,10.0,0,0,0,0,0,0,0,0,0.00,0.00,0.00,0.00,0.00,Matches,95e1cb53
299,Jake Evans,eng ENG,MFFW,Leicester City,15,2008,14,12,1104,12.3,10,0,10,10,0,0,5,0,0.82,0.00,0.82,0.82,0.82,Matches,cb7bcef0
300,Reece Evans,nir NIR,FW,Reading FC,18,2005,3,3,267,3.0,2,0,2,2,0,0,1,0,0.67,0.00,0.67,0.67,0.67,Matches,b3fdc524
301,Clae Ewing,eng ENG,DF,Liverpool,17,2006,1,1,90,1.0,0,0,0,0,0,0,0,0,0.00,0.00,0.00,0.00,0.00,Matches,9637a3c3
302,Oliver Ewing,wls WAL,MF,Leicester City,21,2003,8,5,508,5.6,1,0,1,1,0,0,0,0,0.18,0.00,0.18,0.18,0.18,Matches,8f8c94dc
303,Silver Eze,,MF,Blackburn,,,1,0,26,0.3,0,0,0,0,0,0,0,0,0.00,0.00,0.00,0.00,0.00,Matches,97c2fa97
304,Chizaram Ezenwata,eng ENG,FW,Chelsea,15,2008,3,0,31,0.3,0,0,0,0,0,0,0,0,0.00,0.00,0.00,0.00,0.00,Matches,97e3fab9
305,Patrick Farkas,at AUT,MF,Blackburn,31,1992,4,1,80,0.9,0,0,0,0,0,0,0,0,0.00,0.00,0.00,0.00,0.00,Matches,810e40c1
306,Owen Farmer,eng ENG,MFFW,Wolves,19,2005,7,4,372,4.1,0,1,1,0,0,0,3,0,0.00,0.24,0.24,0.00,0.24,Matches,dbc6ada5
307,Favour Fawunmi,eng ENG,MF,West Ham,18,2006,2,1,125,1.4,0,0,0,0,0,0,0,0,0.00,0.00,0.00,0.00,0.00,Matches,700639ef
308,Favour Fawunmi,eng ENG,MFFW,Stoke City,18,2006,4,4,354,3.9,0,1,1,0,0,0,1,0,0.00,0.25,0.25,0.00,0.25,Matches,700639ef
309,Elliot Fearn,,MF,Stoke City,,,1,0,28,0.3,0,0,0,0,0,0,0,0,0.00,0.00,0.00,0.00,0.00,Matches,c606dc28
310,Preston Fearon,eng ENG,MF,West Ham,17,2007,11,7,613,6.8,0,0,0,0,0,0,2,0,0.00,0.00,0.00,0.00,0.00,Matches,b5cddc6d
311,Lorenz Ferdinand,eng ENG,GK,Brighton,18,2006,1,0,5,0.1,0,0,0,0,0,0,0,0,0.00,0.00,0.00,0.00,0.00,Matches,e7086982
312,Sebastian Ferdinand,eng ENG,MFFW,Arsenal,18,2006,11,6,551,6.1,2,0,2,2,0,0,0,0,0.33,0.00,0.33,0.33,0.33,Matches,0e2f74b5
313,Connor Ferguson,eng ENG,DFMF,Leeds United,20,2004,14,14,1174,13.0,0,1,1,0,0,0,6,0,0.00,0.08,0.08,0.00,0.08,Matches,f001448a
314,Matheos Ferreira,eng ENG,FW,Newcastle,15,2008,6,0,148,1.6,1,1,2,1,0,0,0,0,0.61,0.61,1.22,0.61,1.22,Matches,7737a4c5
315,Keyrol Figueroa,hn HON,FW,Liverpool,17,2006,11,4,356,4.0,1,1,2,1,0,0,0,0,0.25,0.25,0.51,0.25,0.51,Matches,9a9ef388
316,Sonny Finch,eng ENG,FWMF,Middlesbrough,18,2005,8,7,557,6.2,2,2,4,1,1,1,1,0,0.32,0.32,0.65,0.16,0.48,Matches,3e04dfad
317,Tom Finch,eng ENG,GK,Norwich City,19,2005,2,2,180,2.0,0,0,0,0,0,0,0,0,0.00,0.00,0.00,0.00,0.00,Matches,e91b182f
318,Rory Finneran,ie IRL,MF,Newcastle,16,2008,6,6,441,4.9,0,0,0,0,0,0,1,0,0.00,0.00,0.00,0.00,0.00,Matches,ed1cab5a
319,George Finney,eng ENG,DF,Everton,17,2007,1,0,10,0.1,0,0,0,0,0,0,0,0,0.00,0.00,0.00,0.00,0.00,Matches,019b975b
320,Will Firth,au AUS,MF,Leeds United,16,2007,4,1,174,1.9,0,0,0,0,0,0,0,0,0.00,0.00,0.00,0.00,0.00,Matches,ee8622e6
321,Hugo Fisher,eng ENG,GK,Brighton,19,2004,12,12,1080,12.0,0,0,0,0,0,0,0,0,0.00,0.00,0.00,0.00,0.00,Matches,56350399
322,Nathan Fisher,eng ENG,GK,Middlesbrough,19,2005,5,5,450,5.0,0,0,0,0,0,0,0,0,0.00,0.00,0.00,0.00,0.00,Matches,78e531f3
323,Alfie Fisken,eng ENG,MF,Leicester City,18,2005,7,2,258,2.9,0,0,0,0,0,0,0,0,0.00,0.00,0.00,0.00,0.00,Matches,98168353
324,Jack Fletcher,eng ENG,MF,Manchester Utd,17,2007,10,8,682,7.6,4,3,7,4,0,0,0,0,0.53,0.40,0.92,0.53,0.92,Matches,38a6c944
325,Kristian Fletcher,us USA,FW,Nottingham,18,2005,10,5,542,6.0,3,0,3,3,0,0,1,0,0.50,0.00,0.50,0.50,0.50,Matches,67d3d023
326,Tyler Fletcher,sct SCO,MF,Manchester Utd,17,2007,5,5,367,4.1,2,1,3,2,0,0,1,0,0.49,0.25,0.74,0.49,0.74,Matches,81a92add
327,Louis Flower,eng ENG,FW,Brighton,19,2004,6,1,164,1.8,2,0,2,2,0,0,0,0,1.10,0.00,1.10,1.10,1.10,Matches,bf5732ee
328,Brandon Forbes,sct SCO,FWMF,Norwich City,18,2006,16,13,1049,11.7,4,1,5,4,0,0,2,0,0.34,0.09,0.43,0.34,0.43,Matches,069da594
329,Romari Forde,eng ENG,FW,Arsenal,18,2006,3,1,118,1.3,1,0,1,1,0,0,0,0,0.76,0.00,0.76,0.76,0.76,Matches,797a8e6c
330,Amankwah Forson,gh GHA,MF,Norwich City,21,2002,2,2,90,1.0,0,0,0,0,0,0,0,0,0.00,0.00,0.00,0.00,0.00,Matches,bc62d898
331,Marcus Forss,fi FIN,MF,Middlesbrough,25,1999,1,1,61,0.7,0,0,0,0,0,0,0,0,0.00,0.00,0.00,0.00,0.00,Matches,82c215a0
332,Gabriel Forsyth,sct SCO,MF,Norwich City,17,2006,1,0,45,0.5,0,0,0,0,0,0,0,0,0.00,0.00,0.00,0.00,0.00,Matches,54ba5d19
333,Rodrigo Fortes,pt POR,DF,Aston Villa,16,2007,6,3,239,2.7,0,0,0,0,0,0,1,0,0.00,0.00,0.00,0.00,0.00,Matches,3b1c3809
334,Harvey Foster,eng ENG,MF,Everton,17,2007,1,0,4,0.0,0,0,0,0,0,0,0,0,0.00,0.00,0.00,0.00,0.00,Matches,32cb6a77
335,Gianluca Frabotta,it ITA,DF,West Brom,25,1999,3,3,257,2.9,1,0,1,1,0,0,0,0,0.35,0.00,0.35,0.35,0.35,Matches,d80b1835
336,Matheus França,br BRA,MFFW,Crystal Palace,20,2004,2,2,120,1.3,0,1,1,0,0,0,1,0,0.00,0.75,0.75,0.00,0.75,Matches,077faf72
337,Djamna Frank,,MF,Nottingham,,,9,1,279,3.1,0,0,0,0,0,0,1,0,0.00,0.00,0.00,0.00,0.00,Matches,9528284d
338,Nathan Fraser,ie IRL,FW,Wolves,19,2005,1,1,65,0.7,0,0,0,0,0,0,0,0,0.00,0.00,0.00,0.00,0.00,Matches,00b77ecf
339,Tyler Fredricson,eng ENG,DF,Manchester Utd,19,2005,14,11,1111,12.3,0,0,0,0,0,0,3,0,0.00,0.00,0.00,0.00,0.00,Matches,58630379
340,Harry French,eng ENG,GK,Leicester City,18,2005,9,9,810,9.0,0,0,0,0,0,0,0,0,0.00,0.00,0.00,0.00,0.00,Matches,e1cf44dd
341,Dael Fry,eng ENG,DF,Middlesbrough,26,1997,1,1,45,0.5,0,0,0,0,0,0,0,0,0.00,0.00,0.00,0.00,0.00,Matches,43e79bbc
342,Max Fry,eng ENG,DF,Southampton,17,2007,7,5,488,5.4,1,0,1,1,0,0,1,0,0.18,0.00,0.18,0.18,0.18,Matches,42252b73
343,Kallum Fuller Thompson,,MF,Reading FC,,,1,0,8,0.1,0,0,0,0,0,0,0,0,0.00,0.00,0.00,0.00,0.00,Matches,03cde5f8
344,Patrick Gamble,eng ENG,DF,Blackburn,20,2003,6,5,473,5.3,0,0,0,0,0,0,2,0,0.00,0.00,0.00,0.00,0.00,Matches,5ba7bc40
345,Joe Gardner,eng ENG,FWMF,Nottingham,19,2005,12,11,893,9.9,7,1,8,7,0,0,2,0,0.71,0.10,0.81,0.71,0.81,Matches,f4c17979
346,Jake Garrett,eng ENG,MF,Blackburn,21,2003,2,2,159,1.8,0,0,0,0,0,0,1,0,0.00,0.00,0.00,0.00,0.00,Matches,ea1094af
347,Kai Garrett,,MF,Reading FC,,,2,2,180,2.0,0,0,0,0,0,0,0,0,0.00,0.00,0.00,0.00,0.00,Matches,10bbfc8a
348,Gabriel Garside Kelly,,MFDF,Stoke City,,,6,4,414,4.6,0,0,0,0,0,0,1,0,0.00,0.00,0.00,0.00,0.00,Matches,fac84925
349,Billy Gee,eng ENG,DFMF,Norwich City,19,2005,8,8,499,5.5,0,0,0,0,0,0,3,0,0.00,0.00,0.00,0.00,0.00,Matches,13f17c60
350,Billy Gee,eng ENG,DF,Chelsea,19,2005,1,1,90,1.0,0,0,0,0,0,0,0,0,0.00,0.00,0.00,0.00,0.00,Matches,13f17c60
351,Tyrique George,eng ENG,MFFW,Chelsea,18,2006,8,8,647,7.2,1,5,6,1,0,0,3,0,0.14,0.70,0.83,0.14,0.83,Matches,e6f7797e
352,Verrell George,eng ENG,MF,Reading FC,16,2007,5,0,75,0.8,3,0,3,3,0,0,0,0,3.60,0.00,3.60,3.60,3.60,Matches,67814c96
353,Finn Geragusyan,am ARM,MFFW,Sunderland,16,2007,11,7,726,8.1,3,3,6,3,0,0,1,0,0.37,0.37,0.74,0.37,0.74,Matches,e72d0b12
354,Laurence Giani,it ITA,DFFW,Stoke City,16,2008,6,4,306,3.4,0,1,1,0,0,0,0,0,0.00,0.29,0.29,0.00,0.29,Matches,6c409c8a
355,Joseph Gibbard,ie IRL,MFFW,Crystal Palace,18,2005,15,4,437,4.9,0,2,2,0,0,0,0,0,0.00,0.41,0.41,0.00,0.41,Matches,6a5851c7
356,Liam Gibbs,eng ENG,DF,Norwich City,21,2002,1,1,45,0.5,0,0,0,0,0,0,0,0,0.00,0.00,0.00,0.00,0.00,Matches,e4b6d914
357,Tristan Gill,eng ENG,DF,Derby County,17,2006,15,12,1129,12.5,1,1,2,1,0,0,3,0,0.08,0.08,0.16,0.08,0.16,Matches,ab452f32
358,George Gitau,de GER,DF,Middlesbrough,20,2003,5,5,438,4.9,0,0,0,0,0,0,2,0,0.00,0.00,0.00,0.00,0.00,Matches,3022b192
359,Martial Godo,ci CIV,MFFW,Fulham,21,2003,3,3,269,3.0,1,0,1,1,0,0,1,0,0.33,0.00,0.33,0.33,0.33,Matches,e0eea46f
360,Harvey Godsmark-Ford,eng ENG,DF,Leicester City,20,2003,15,14,1244,13.8,0,0,0,0,0,0,8,1,0.00,0.00,0.00,0.00,0.00,Matches,fe00c338
361,Oliver Gofford,eng ENG,DF,Fulham,18,2005,17,14,1175,13.1,0,1,1,0,0,0,1,0,0.00,0.08,0.08,0.00,0.08,Matches,248970bd
362,Airidas Golambeckis,eng ENG,DF,West Ham,16,2007,7,5,481,5.3,0,0,0,0,0,0,0,0,0.00,0.00,0.00,0.00,0.00,Matches,59149473
363,Michael Golding,eng ENG,MF,Leicester City,18,2006,7,7,482,5.4,1,0,1,1,0,1,1,0,0.19,0.00,0.19,0.19,0.19,Matches,67c5e0e8
364,Diego Gómez,py PAR,MF,Brighton,21,2003,1,1,45,0.5,0,0,0,0,0,0,0,0,0.00,0.00,0.00,0.00,0.00,Matches,916728da
365,Francis Gomez,gm GAM,MF,Everton,18,2006,8,3,409,4.5,1,1,2,1,0,0,1,0,0.22,0.22,0.44,0.22,0.44,Matches,9d6b9e2d
366,Isaac Gordon,,DFMF,Derby County,,,4,3,259,2.9,0,0,0,0,0,0,1,0,0.00,0.00,0.00,0.00,0.00,Matches,5c69114e
367,Kaide Gordon,eng ENG,FW,Norwich City,19,2004,1,1,45,0.5,0,0,0,0,0,0,0,0,0.00,0.00,0.00,0.00,0.00,Matches,19a9cb70
368,Lemar Gordon,eng ENG,MFFW,Fulham,18,2005,18,12,1205,13.4,3,5,8,2,1,2,2,0,0.22,0.37,0.60,0.15,0.52,Matches,ed5f8117
369,Daniel Gore,eng ENG,MF,Manchester Utd,19,2004,6,6,470,5.2,1,3,4,1,0,0,4,0,0.19,0.57,0.77,0.19,0.77,Matches,861e9b3b
370,Billy Gough,eng ENG,MF,Derby County,18,2006,2,0,12,0.1,0,0,0,0,0,0,0,0,0.00,0.00,0.00,0.00,0.00,Matches,369a42ee
371,Jimi Gower,eng ENG,MF,Arsenal,19,2004,18,16,1431,15.9,1,3,4,1,0,0,2,0,0.06,0.19,0.25,0.06,0.25,Matches,4571f93e
372,Josh Gracey,nir NIR,GK,Wolves,16,2007,9,9,810,9.0,0,0,0,0,0,0,0,0,0.00,0.00,0.00,0.00,0.00,Matches,5f3ab4b3
373,Hubert Graczyk,pl POL,GK,Manchester Utd,21,2003,3,3,270,3.0,0,0,0,0,0,0,0,0,0.00,0.00,0.00,0.00,0.00,Matches,aa41418a
374,Braiden Graham,nir NIR,MFFW,Everton,16,2007,8,6,562,6.2,5,1,6,5,0,0,1,0,0.80,0.16,0.96,0.80,0.96,Matches,bd1d3020
375,True Grant,eng ENG,GK,Manchester City,18,2005,1,1,90,1.0,0,0,0,0,0,0,0,0,0.00,0.00,0.00,0.00,0.00,Matches,4b339c90
376,Jake Grante,ie IRL,DFMF,Crystal Palace,18,2006,13,11,977,10.9,0,0,0,0,0,0,2,0,0.00,0.00,0.00,0.00,0.00,Matches,418e1451
377,Charlie Gray,eng ENG,MF,Manchester City,18,2006,16,10,969,10.8,1,3,4,1,0,0,5,1,0.09,0.28,0.37,0.09,0.37,Matches,59429fa1
378,Harry Gray,eng ENG,FW,Leeds United,15,2008,7,6,517,5.7,3,0,3,3,0,0,0,0,0.52,0.00,0.52,0.52,0.52,Matches,99965ed0
379,Kevon Gray,,DF,Leicester City,,,2,2,163,1.8,0,0,0,0,0,0,0,0,0.00,0.00,0.00,0.00,0.00,Matches,3ff0db3a
380,Isaac Greenup,,MF,Middlesbrough,,,1,0,16,0.2,0,0,0,0,0,0,0,0,0.00,0.00,0.00,0.00,0.00,Matches,accea66a
381,Sean Grehan,ie IRL,DF,Crystal Palace,20,2004,12,12,1080,12.0,1,0,1,1,0,0,3,0,0.08,0.00,0.08,0.08,0.08,Matches,7ce5d180
382,Jake Griffin,ie IRL,DF,Stoke City,18,2005,19,18,1650,18.3,0,0,0,0,0,0,6,0,0.00,0.00,0.00,0.00,0.00,Matches,fd0e019a
383,Harvey Griffiths,eng ENG,MF,Wolves,20,2003,2,1,77,0.9,1,0,1,0,1,1,0,0,1.17,0.00,1.17,0.00,0.00,Matches,6e4cb264
384,Jack Griffiths,eng ENG,MFDF,Stoke City,19,2005,19,14,1297,14.4,1,0,1,1,0,0,5,0,0.07,0.00,0.07,0.07,0.07,Matches,daa76e1b
385,Ben Grist,eng ENG,DF,Leicester City,19,2004,4,4,301,3.3,0,0,0,0,0,0,0,0,0.00,0.00,0.00,0.00,0.00,Matches,8212dc69
386,Christy Grogan,eng ENG,DFMF,Stoke City,18,2005,10,6,669,7.4,0,0,0,0,0,0,1,0,0.00,0.00,0.00,0.00,0.00,Matches,d4ecfa6c
387,Wiktor Gromek,pl POL,MFDF,Stoke City,19,2005,17,10,991,11.0,0,3,3,0,0,0,5,0,0.00,0.27,0.27,0.00,0.27,Matches,74d4a44e
388,Luca Gunter,eng ENG,GK,Tottenham,19,2005,5,5,450,5.0,0,0,0,0,0,0,0,0,0.00,0.00,0.00,0.00,0.00,Matches,4f334ed9
389,Francis Gyimah,eng ENG,DFMF,Stoke City,18,2006,7,6,427,4.7,0,0,0,0,0,0,2,0,0.00,0.00,0.00,0.00,0.00,Matches,d731b553
390,Reece Hall,eng ENG,MFDF,West Brom,20,2003,12,10,936,10.4,0,0,0,0,0,0,0,0,0.00,0.00,0.00,0.00,0.00,Matches,4e15e6a7
391,Steven Hall,au AUS,GK,Brighton,19,2005,2,2,180,2.0,0,0,0,0,0,0,0,0,0.00,0.00,0.00,0.00,0.00,Matches,3ce10d10
392,Tye Hall,eng ENG,MF,Tottenham,16,2007,1,0,40,0.4,0,0,0,0,0,0,1,0,0.00,0.00,0.00,0.00,0.00,Matches,762ddc3b
393,Tyrese Hall,jm JAM,MFFW,Tottenham,18,2005,17,17,1399,15.5,5,4,9,5,0,0,3,0,0.32,0.26,0.58,0.32,0.58,Matches,f2e48542
394,Eric Hamelberg,eng ENG,MF,Middlesbrough,16,2007,4,2,192,2.1,1,0,1,1,0,0,1,0,0.47,0.00,0.47,0.47,0.47,Matches,a72c0fd4
395,Ben Hammond,wls WAL,MFDF,Nottingham,20,2004,19,16,1436,16.0,0,0,0,0,0,0,1,0,0.00,0.00,0.00,0.00,0.00,Matches,b1101b63
396,Justin Hanks,wls WAL,DF,Nottingham,19,2004,5,3,306,3.4,0,0,0,0,0,0,1,0,0.00,0.00,0.00,0.00,0.00,Matches,6e9136ec
397,Malachi Hardy,eng ENG,DF,Tottenham,16,2008,1,0,27,0.3,0,0,0,0,0,0,0,0,0.00,0.00,0.00,0.00,0.00,Matches,3478fa17
398,Fraser Harper,,MF,Newcastle,,,2,0,16,0.2,0,0,0,0,0,0,0,0,0.00,0.00,0.00,0.00,0.00,Matches,377754f6
399,Aidan Harris,eng ENG,GK,Newcastle,17,2006,13,13,1170,13.0,0,0,0,0,0,0,1,0,0.00,0.00,0.00,0.00,0.00,Matches,49e9c2d8
400,Adam Harrison,eng ENG,GK,Newcastle,17,2006,1,1,90,1.0,0,0,0,0,0,0,0,0,0.00,0.00,0.00,0.00,0.00,Matches,d962fd42
401,Alfie Harrison,eng ENG,MFFW,Newcastle,18,2005,20,14,1210,13.4,3,7,10,3,0,0,2,0,0.22,0.52,0.74,0.22,0.74,Matches,c74bfe88
402,Elyh Harrison,eng ENG,GK,Manchester Utd,18,2006,8,8,720,8.0,0,0,0,0,0,0,0,0,0.00,0.00,0.00,0.00,0.00,Matches,6175ebf8
403,Ollie Harrison,eng ENG,MF,Chelsea,16,2007,3,1,103,1.1,0,0,0,0,0,0,0,0,0.00,0.00,0.00,0.00,0.00,Matches,6ce635b6
404,Sam Harrison,,DF,Reading FC,,,6,4,304,3.4,0,0,0,0,0,0,1,0,0.00,0.00,0.00,0.00,0.00,Matches,5c48dea2
405,Maalik Hashi,eng ENG,MF,Arsenal,15,2008,1,0,8,0.1,0,0,0,0,0,0,0,0,0.00,0.00,0.00,0.00,0.00,Matches,43043a71
406,Harry Hawkins,eng ENG,MF,Derby County,18,2006,12,7,799,8.9,0,1,1,0,0,0,0,0,0.00,0.11,0.11,0.00,0.11,Matches,a4424c39
407,Fenton Heard,eng ENG,MFFW,West Brom,19,2004,11,11,841,9.3,0,1,1,0,0,0,0,0,0.00,0.11,0.11,0.00,0.11,Matches,42e998df
408,Travis Hearnes,no NOR,MF,Newcastle,18,2005,2,1,111,1.2,0,0,0,0,0,0,0,0,0.00,0.00,0.00,0.00,0.00,Matches,849e071e
409,Isaac Heath,eng ENG,MFFW,Everton,19,2004,16,16,1395,15.5,2,4,6,2,0,0,1,0,0.13,0.26,0.39,0.13,0.39,Matches,b54c480e
410,Ayden Heaven,eng ENG,DF,Manchester Utd,17,2006,1,1,45,0.5,0,0,0,0,0,0,1,0,0.00,0.00,0.00,0.00,0.00,Matches,64e17fab
411,Ayden Heaven,eng ENG,DF,Arsenal,17,2006,8,8,635,7.1,0,0,0,0,0,0,0,0,0.00,0.00,0.00,0.00,0.00,Matches,64e17fab
412,Cathal Heffernan,ie IRL,DF,Newcastle,19,2005,19,17,1592,17.7,1,0,1,1,0,0,1,0,0.06,0.00,0.06,0.06,0.06,Matches,7ca8cb7d
413,George Hemmings,eng ENG,MF,Aston Villa,17,2007,11,7,677,7.5,0,2,2,0,0,0,2,0,0.00,0.27,0.27,0.00,0.27,Matches,28795530
414,Matthew Henderson-Hall,eng ENG,MFFW,Manchester City,17,2006,13,10,826,9.2,3,0,3,3,0,0,0,0,0.33,0.00,0.33,0.33,0.33,Matches,1c18c5e2
415,Jack Henry-Francis,ie IRL,MFFW,Arsenal,20,2003,8,7,595,6.6,0,2,2,0,0,0,0,0,0.00,0.30,0.30,0.00,0.30,Matches,e93d8ed1
416,Finlay Herrick,eng ENG,GK,West Ham,18,2006,18,18,1620,18.0,0,0,0,0,0,0,1,0,0.00,0.00,0.00,0.00,0.00,Matches,8a764f73
417,Jaden Heskey,eng ENG,MF,Manchester City,18,2005,19,19,1659,18.4,4,2,6,4,0,0,7,1,0.22,0.11,0.33,0.22,0.33,Matches,5281da0d
418,Reigan Heskey,eng ENG,MF,Manchester City,16,2008,3,0,83,0.9,3,1,4,3,0,0,0,0,3.25,1.08,4.34,3.25,4.34,Matches,d4ee4622
419,Bayley Hester,,MF,Sunderland,,,2,1,81,0.9,0,0,0,0,0,0,0,0,0.00,0.00,0.00,0.00,0.00,Matches,d4ac6c01
420,Akeel Higgins,eng ENG,MF,West Brom,19,2005,12,9,781,8.7,2,3,5,2,0,0,0,0,0.23,0.35,0.58,0.23,0.58,Matches,0e6e09b8
421,Deniche Hill,bm BER,MF,Leicester City,20,2004,6,1,170,1.9,0,0,0,0,0,0,0,0,0.00,0.00,0.00,0.00,0.00,Matches,4207d63c
422,Thomas Hill,wls WAL,MFFW,Liverpool,21,2002,8,8,720,8.0,2,2,4,2,0,0,3,0,0.25,0.25,0.50,0.25,0.50,Matches,239df013
423,Brad Hills,eng ENG,DF,Norwich City,20,2004,2,2,141,1.6,0,0,0,0,0,0,0,0,0.00,0.00,0.00,0.00,0.00,Matches,9936c8e1
424,Joe Hilton,eng ENG,GK,Blackburn,24,1999,1,1,90,1.0,0,0,0,0,0,0,0,0,0.00,0.00,0.00,0.00,0.00,Matches,0e18acc5
425,Joe Hodge,ie IRL,DF,Wolves,21,2002,1,1,90,1.0,0,0,0,0,0,0,0,0,0.00,0.00,0.00,0.00,0.00,Matches,bd8a5d95
426,Finlay Holcroft,eng ENG,DF,Sunderland,16,2007,2,2,179,2.0,0,0,0,0,0,0,1,0,0.00,0.00,0.00,0.00,0.00,Matches,e56edaf8
427,Rob Holding,eng ENG,DF,Crystal Palace,28,1995,5,5,450,5.0,0,0,0,0,0,0,1,0,0.00,0.00,0.00,0.00,0.00,Matches,d79a8c87
428,Fletcher Holman,eng ENG,FWMF,Wolves,19,2004,11,6,664,7.4,5,1,6,5,0,0,1,0,0.68,0.14,0.81,0.68,0.81,Matches,de40b95a
429,Louie Holzman,eng ENG,DF,Reading FC,20,2003,11,11,990,11.0,1,1,2,1,0,0,3,0,0.09,0.09,0.18,0.09,0.18,Matches,1a694219
430,Matthew Hoppe,us USA,FW,Middlesbrough,23,2001,1,1,73,0.8,0,1,1,0,0,0,0,0,0.00,1.23,1.23,0.00,1.23,Matches,1bc432b7
431,Lucas Houghton,,DF,Blackburn,,,5,5,436,4.8,0,1,1,0,0,0,0,0,0.00,0.21,0.21,0.00,0.21,Matches,e5421ff0
432,Jacob Howard,eng ENG,DF,Leeds United,15,2009,1,0,5,0.1,0,0,0,0,0,0,0,0,0.00,0.00,0.00,0.00,0.00,Matches,1a1ddf76
433,Luke Howard,,MF,Reading FC,,,5,0,109,1.2,0,1,1,0,0,0,0,0,0.00,0.83,0.83,0.00,0.83,Matches,500c4076
434,Harry Howell,eng ENG,MFFW,Brighton,16,2008,17,14,1364,15.2,8,4,12,5,3,3,3,0,0.53,0.26,0.79,0.33,0.59,Matches,d8a7e52c
435,Justin Hubner,id IDN,DFMF,Wolves,20,2003,12,11,1030,11.4,0,0,0,0,0,0,2,0,0.00,0.00,0.00,0.00,0.00,Matches,f233ed69
436,Max Hudson,wls WAL,GK,Manchester City,16,2007,1,1,90,1.0,0,0,0,0,0,0,0,0,0.00,0.00,0.00,0.00,0.00,Matches,16eda33b
437,Brodi Hughes,eng ENG,DF,Chelsea,19,2004,17,16,1380,15.3,2,4,6,2,0,0,4,0,0.13,0.26,0.39,0.13,0.39,Matches,80e52a3c
438,Evan Humphries,eng ENG,MFDF,West Brom,18,2005,11,4,467,5.2,0,0,0,0,0,0,0,0,0.00,0.00,0.00,0.00,0.00,Matches,2a08abf1
439,Harley Hunt,,DF,Middlesbrough,,,7,7,603,6.7,0,0,0,0,0,0,2,1,0.00,0.00,0.00,0.00,0.00,Matches,e3ebbfc2
440,James Huntley,eng ENG,MF,Newcastle,20,2004,4,1,137,1.5,0,0,0,0,0,0,3,0,0.00,0.00,0.00,0.00,0.00,Matches,40ead05b
441,Amir Ibragimov,ru RUS,MF,Manchester Utd,16,2008,4,1,159,1.8,0,0,0,0,0,0,0,0,0.00,0.00,0.00,0.00,0.00,Matches,5d2db70f
442,Marcus Ifill,eng ENG,MFFW,Brighton,20,2003,13,10,910,10.1,4,3,7,4,0,0,5,0,0.40,0.30,0.69,0.40,0.69,Matches,236d96ba
443,Testimony Igbinoghene,,DF,Wolves,,,1,0,20,0.2,0,0,0,0,0,0,0,0,0.00,0.00,0.00,0.00,0.00,Matches,e031dba3
444,Emmanuel Ilesanmi,eng ENG,FW,Derby County,19,2004,10,3,424,4.7,3,1,4,3,0,0,0,0,0.64,0.21,0.85,0.64,0.85,Matches,5765f206
445,Oliver Irow,eng ENG,FWMF,Tottenham,18,2006,18,10,1041,11.6,6,1,7,5,1,1,1,0,0.52,0.09,0.61,0.43,0.52,Matches,d6994da8
446,Wilson Isidor,ht HAI,MF,Sunderland,23,2000,1,1,66,0.7,0,0,0,0,0,0,0,0,0.00,0.00,0.00,0.00,0.00,Matches,a671316d
447,Cam'ron Ismail,eng ENG,DF,Arsenal,17,2006,4,2,231,2.6,0,0,0,0,0,0,0,0,0.00,0.00,0.00,0.00,0.00,Matches,7966c490
448,Alex Iwumene,eng ENG,MFFW,Derby County,19,2005,10,8,605,6.7,2,0,2,2,0,0,3,0,0.30,0.00,0.30,0.30,0.30,Matches,26110349
449,Jackson Izquierdo,eng ENG,GK,Crystal Palace,19,2004,3,3,270,3.0,0,0,0,0,0,0,0,0,0.00,0.00,0.00,0.00,0.00,Matches,d806f016
450,Louis Jackson,sct SCO,DF,Manchester Utd,18,2005,10,7,626,7.0,0,0,0,0,0,0,2,1,0.00,0.00,0.00,0.00,0.00,Matches,06a441c4
451,Daniel James,,MF,Middlesbrough,,,3,3,270,3.0,0,0,0,0,0,0,0,0,0.00,0.00,0.00,0.00,0.00,Matches,6ad9a83b
452,Rakealan Jeffers,eng ENG,MFFW,Stoke City,19,2005,11,6,605,6.7,0,0,0,0,0,0,1,0,0.00,0.00,0.00,0.00,0.00,Matches,4ed47c2c
453,Eyimofe Jemide,eng ENG,DF,Crystal Palace,17,2006,9,8,737,8.2,0,0,0,0,0,0,1,0,0.00,0.00,0.00,0.00,0.00,Matches,34ed64d2
454,Brad de Jesus,pt POR,DF,Fulham,18,2006,14,9,925,10.3,1,0,1,1,0,0,1,0,0.10,0.00,0.10,0.10,0.10,Matches,f627cafa
455,Jamaldeen Jimoh,eng ENG,MFFW,Aston Villa,17,2006,17,14,1161,12.9,4,2,6,4,0,0,1,1,0.31,0.16,0.47,0.31,0.47,Matches,1e711234
456,Brayden Johnson,eng ENG,MF,Middlesbrough,18,2006,6,6,540,6.0,0,0,0,0,0,0,1,0,0.00,0.00,0.00,0.00,0.00,Matches,fc472fa3
457,Zac Johnson,eng ENG,DFMF,Sunderland,20,2004,3,3,249,2.8,0,0,0,0,0,0,1,0,0.00,0.00,0.00,0.00,0.00,Matches,67cd6d8d
458,Lee Jonas,eng ENG,DF,Liverpool,20,2004,14,13,1171,13.0,0,0,0,0,0,0,4,1,0.00,0.00,0.00,0.00,0.00,Matches,b21a8e68
459,Dylan Jones,,FW,Norwich City,,,7,6,521,5.8,1,1,2,1,0,0,0,0,0.17,0.17,0.35,0.17,0.35,Matches,1dd36d06
460,Dylen Jones,,FW,Norwich City,,,1,1,85,0.9,2,0,2,2,0,0,0,0,2.12,0.00,2.12,2.12,2.12,Matches,47d65731
461,Harrison Jones,eng ENG,MFFW,Sunderland,19,2004,12,11,1017,11.3,3,4,7,3,0,0,2,0,0.27,0.35,0.62,0.27,0.62,Matches,2a78981b
462,Jaydon Jones,eng ENG,MF,Sunderland,17,2006,14,10,899,10.0,2,1,3,2,0,0,3,0,0.20,0.10,0.30,0.20,0.30,Matches,3ad7599b
463,Jenson Jones,eng ENG,DF,Sunderland,23,2000,18,13,1240,13.8,2,3,5,2,0,0,2,0,0.15,0.22,0.36,0.15,0.36,Matches,4776da26
464,Jerae Jones,eng ENG,FW,Reading FC,17,2007,2,0,40,0.4,0,0,0,0,0,0,0,0,0.00,0.00,0.00,0.00,0.00,Matches,ffb4f185
465,Jayden Joseph,eng ENG,DFMF,Leicester City,18,2006,19,19,1695,18.8,0,2,2,0,0,0,0,0,0.00,0.11,0.11,0.00,0.11,Matches,f3728eee
466,Valentin Joseph,,FW,Blackburn,,,1,0,30,0.3,0,0,0,0,0,0,0,0,0.00,0.00,0.00,0.00,0.00,Matches,745b9d54
467,Theo Julienne,eng ENG,DF,Arsenal,16,2008,1,0,23,0.3,0,0,0,0,0,0,0,0,0.00,0.00,0.00,0.00,0.00,Matches,2d8126be
468,Ismeal Kabia,eng ENG,FWMF,Arsenal,18,2005,12,12,1043,11.6,1,2,3,1,0,0,0,0,0.09,0.17,0.26,0.09,0.26,Matches,6b15cf32
469,Maldini Kacurri,al ALB,DF,Arsenal,18,2005,7,5,520,5.8,0,0,0,0,0,0,1,0,0.00,0.00,0.00,0.00,0.00,Matches,7be4311f
470,Boubacar Kamara,fr FRA,MF,Aston Villa,24,1999,1,1,45,0.5,0,0,0,0,0,0,0,0,0.00,0.00,0.00,0.00,0.00,Matches,cc77354e
471,Osman Kamara,sl SLE,MFFW,Arsenal,17,2006,10,5,497,5.5,1,0,1,1,0,0,0,0,0.18,0.00,0.18,0.18,0.18,Matches,59574026
472,Jaydan Kamason,eng ENG,DF,Manchester Utd,17,2006,10,5,490,5.4,0,0,0,0,0,0,0,0,0.00,0.00,0.00,0.00,0.00,Matches,62619644
473,Abraham Kanu,sl SLE,DFMF,Reading FC,18,2005,5,5,371,4.1,0,0,0,0,0,0,0,0,0.00,0.00,0.00,0.00,0.00,Matches,86538215
474,Thierry Katsukunya,wls WAL,DF,Aston Villa,18,2005,16,12,1160,12.9,1,0,1,1,0,0,6,0,0.08,0.00,0.08,0.08,0.08,Matches,9594fa51
475,Ryan Kavuma McQueen,eng ENG,MF,Chelsea,15,2009,3,1,98,1.1,1,1,2,1,0,0,0,0,0.92,0.92,1.84,0.92,1.84,Matches,e82e145e
476,Joachim Kayi Sanda,fr FRA,DF,Southampton,17,2006,9,9,785,8.7,1,0,1,1,0,0,4,0,0.11,0.00,0.11,0.11,0.11,Matches,e2b2a181
477,Josh Keeley,ie IRL,GK,Tottenham,21,2003,2,2,180,2.0,0,0,0,0,0,0,0,0,0.00,0.00,0.00,0.00,0.00,Matches,06dc837d
478,Gabriel Keita,eng ENG,DF,Stoke City,17,2006,2,2,156,1.7,0,0,0,0,0,0,0,0,0.00,0.00,0.00,0.00,0.00,Matches,0fa568d9
479,Caden Kelly,eng ENG,MF,Sunderland,20,2003,5,2,320,3.6,2,0,2,1,1,1,2,0,0.56,0.00,0.56,0.28,0.28,Matches,3f38e742
480,Kyle Kelly,kn SKN,MF,Liverpool,18,2005,6,0,69,0.8,0,0,0,0,0,0,0,0,0.00,0.00,0.00,0.00,0.00,Matches,e7319536
481,Omari Kellyman,eng ENG,MF,Chelsea,18,2005,3,2,137,1.5,0,0,0,0,0,0,1,0,0.00,0.00,0.00,0.00,0.00,Matches,aa888da7
482,Aaron Keto-Diyawa,eng ENG,MFDF,Wolves,20,2003,8,4,385,4.3,0,0,0,0,0,0,0,0,0.00,0.00,0.00,0.00,0.00,Matches,475a88f0
483,Ruban Khan,eng ENG,MF,Fulham,16,2008,1,0,1,0.0,0,0,0,0,0,0,0,0,0.00,0.00,0.00,0.00,0.00,Matches,ff7f63a0
484,Omar Khedr,eg EGY,MF,Aston Villa,18,2006,4,1,120,1.3,0,0,0,0,0,0,1,0,0.00,0.00,0.00,0.00,0.00,Matches,695a4eb9
485,Ben Kindon,,DF,Sunderland,,,9,6,581,6.5,0,0,0,0,0,0,1,0,0.00,0.00,0.00,0.00,0.00,Matches,69fb6e21
486,George King,eng ENG,DFMF,Crystal Palace,17,2007,5,5,450,5.0,0,0,0,0,0,0,0,0,0.00,0.00,0.00,0.00,0.00,Matches,72103498
487,Joshua King,,FW,Leicester City,17,2007,11,6,528,5.9,4,0,4,4,0,0,2,0,0.68,0.00,0.68,0.68,0.68,Matches,35dcf610
488,Joshua King,eng ENG,MF,Fulham,17,2007,6,6,459,5.1,2,1,3,2,0,0,0,0,0.39,0.20,0.59,0.39,0.59,Matches,86109b3b
489,Maeson King,eng ENG,DF,Tottenham,18,2005,18,16,1350,15.0,0,1,1,0,0,0,6,0,0.00,0.07,0.07,0.00,0.07,Matches,b00671f2
490,Omaru King,eng ENG,FW,Middlesbrough,18,2006,1,1,58,0.6,1,0,1,1,0,0,1,0,1.55,0.00,1.55,1.55,1.55,Matches,131806c8
491,Omaru King,eng ENG,MF,Stoke City,18,2006,1,1,60,0.7,0,0,0,0,0,0,0,0,0.00,0.00,0.00,0.00,0.00,Matches,131806c8
492,Jack Kingdon,sct SCO,DF,Manchester Utd,18,2005,8,8,689,7.7,0,0,0,0,0,0,2,0,0.00,0.00,0.00,0.00,0.00,Matches,2e1811e4
493,Archie Kirton,eng ENG,FW,West Brom,18,2005,4,0,35,0.4,2,0,2,2,0,0,0,0,5.14,0.00,5.14,5.14,5.14,Matches,e016b2ac
494,Joe Knight,eng ENG,MF,Brighton,18,2005,14,11,989,11.0,0,0,0,0,0,0,9,0,0.00,0.00,0.00,0.00,0.00,Matches,16168a0f
495,Sekou Koné,ml MLI,MF,Manchester Utd,18,2006,9,8,705,7.8,1,0,1,1,0,0,1,0,0.13,0.00,0.13,0.13,0.13,Matches,dedb9d04
496,Caleb Kporha,eng ENG,MF,Crystal Palace,18,2006,10,10,782,8.7,2,3,5,2,0,0,1,0,0.23,0.35,0.58,0.23,0.58,Matches,c80f8c9d
497,Elliot Krasniqi,eng ENG,GK,Tottenham,18,2005,1,0,45,0.5,0,0,0,0,0,0,0,0,0.00,0.00,0.00,0.00,0.00,Matches,eb151dbf
498,Godwill Kukonki,eng ENG,DF,Manchester Utd,16,2008,3,3,228,2.5,0,0,0,0,0,0,0,0,0.00,0.00,0.00,0.00,0.00,Matches,30416cc3
499,Garang Kuol,au AUS,MFFW,Newcastle,19,2004,10,10,852,9.5,5,4,9,5,0,0,2,0,0.53,0.42,0.95,0.53,0.95,Matches,a8a80be7
500,Rio Kyerematen,eng ENG,MF,Tottenham,19,2005,19,12,1113,12.4,1,3,4,1,0,0,3,0,0.08,0.24,0.32,0.08,0.32,Matches,04a1c050
501,Michael Laffey,eng ENG,MF,Liverpool,18,2005,9,4,409,4.5,0,0,0,0,0,0,1,0,0.00,0.00,0.00,0.00,0.00,Matches,0b253f7e
502,Josh Landers,sct SCO,FW,West Ham,17,2007,3,0,32,0.4,0,0,0,0,0,0,0,0,0.00,0.00,0.00,0.00,0.00,Matches,8074bc2f
503,Darius Lane,us USA,MF,Brighton,16,2007,2,0,36,0.4,0,0,0,0,0,0,1,0,0.00,0.00,0.00,0.00,0.00,Matches,421049e5
504,Freddie Lane,eng ENG,MF,Leeds United,16,2007,3,0,45,0.5,0,0,0,0,0,0,0,0,0.00,0.00,0.00,0.00,0.00,Matches,6abec90e
505,Will Lankshear,eng ENG,FW,Tottenham,19,2005,1,1,45,0.5,0,0,0,0,0,0,0,0,0.00,0.00,0.00,0.00,0.00,Matches,92df535b
506,Imani Lanquedoc,eng ENG,MFFW,Fulham,20,2003,9,6,597,6.6,0,2,2,0,0,0,0,0,0.00,0.30,0.30,0.00,0.30,Matches,de90009e
507,Juan Larios,es ESP,MFDF,Southampton,20,2004,9,9,578,6.4,0,0,0,0,0,0,1,0,0.00,0.00,0.00,0.00,0.00,Matches,cf7fb13a
508,Thomas Lavery,eng ENG,DF,Sunderland,18,2005,17,15,1380,15.3,0,2,2,0,0,0,8,0,0.00,0.13,0.13,0.00,0.13,Matches,404b1e8f
509,Bosun Lawal,ie IRL,MFDF,Stoke City,21,2003,5,5,354,3.9,0,0,0,0,0,0,0,0,0.00,0.00,0.00,0.00,0.00,Matches,770f1584
510,Emilio Lawrence,sct SCO,MFFW,Manchester City,18,2005,18,18,1515,16.8,7,6,13,7,0,0,0,0,0.42,0.36,0.77,0.42,0.77,Matches,fe6c9062
511,Freddie Leatherbarrow,,MF,Blackburn,,,4,0,69,0.8,0,0,0,0,0,0,1,0,0.00,0.00,0.00,0.00,0.00,Matches,3da314af
512,Žan Leban,si SVN,GK,Everton,22,2002,5,5,450,5.0,0,0,0,0,0,0,0,0,0.00,0.00,0.00,0.00,0.00,Matches,cd7bf522
513,Bruce Leeming,wls WAL,DF,Blackburn,16,2007,3,2,169,1.9,0,0,0,0,0,0,1,0,0.00,0.00,0.00,0.00,0.00,Matches,fb51c68d
514,Ellis Lehane,gd GRN,FW,Tottenham,17,2006,3,0,157,1.7,0,0,0,0,0,0,0,0,0.00,0.00,0.00,0.00,0.00,Matches,4e21972c
515,Dexter Lembikisa,jm JAM,DFMF,Wolves,20,2003,3,3,241,2.7,0,0,0,0,0,0,0,0,0.00,0.00,0.00,0.00,0.00,Matches,0bdda685
516,Charlie Lennon,eng ENG,MF,Middlesbrough,18,2006,17,11,948,10.5,3,0,3,3,0,0,0,0,0.28,0.00,0.28,0.28,0.28,Matches,512a33eb
517,Elias Lenz,de GER,MF,Sunderland,18,2005,10,4,455,5.1,0,0,0,0,0,0,1,0,0.00,0.00,0.00,0.00,0.00,Matches,c63af1f5
518,Harry Leonard,eng ENG,FW,Blackburn,20,2003,3,3,227,2.5,2,0,2,0,2,2,0,0,0.79,0.00,0.79,0.00,0.00,Matches,b8c665a1
519,Joshua Lett,gd GRN,DF,Southampton,19,2004,5,1,138,1.5,0,0,0,0,0,0,1,0,0.00,0.00,0.00,0.00,0.00,Matches,578ccd2d
520,Sam Lewis,eng ENG,GK,Aston Villa,18,2006,9,9,810,9.0,0,0,0,0,0,0,0,0,0.00,0.00,0.00,0.00,0.00,Matches,69320bc5
521,Myles Lewis-Skelly,eng ENG,DF,Arsenal,17,2006,2,2,145,1.6,0,1,1,0,0,0,1,0,0.00,0.62,0.62,0.00,0.62,Matches,5dff6c28
522,Archie Lightfoot,,DF,Sunderland,,,2,0,2,0.0,0,0,0,0,0,0,0,0,0.00,0.00,0.00,0.00,0.00,Matches,01b8051f
523,Afonso Lindo,eng ENG,DF,Middlesbrough,20,2004,14,11,1083,12.0,0,0,0,0,0,0,7,0,0.00,0.00,0.00,0.00,0.00,Matches,27faaa91
524,Jahmari Lindsay,eng ENG,DF,Leicester City,19,2004,8,7,564,6.3,0,1,1,0,0,0,1,0,0.00,0.16,0.16,0.00,0.16,Matches,81c939d9
525,Jahziah Linton,eng ENG,DF,Tottenham,19,2004,7,2,263,2.9,0,0,0,0,0,0,0,0,0.00,0.00,0.00,0.00,0.00,Matches,66c42c95
526,Darius Lipsiuc,ie IRL,MFFW,Stoke City,18,2005,17,17,1464,16.3,1,0,1,1,0,0,2,0,0.06,0.00,0.06,0.06,0.06,Matches,aae7a8d0
527,Matty Litherland,,DF,Blackburn,,,13,10,1000,11.1,0,2,2,0,0,0,4,0,0.00,0.18,0.18,0.00,0.18,Matches,a82cfbe1
528,Calum Logan,eng ENG,MF,Leeds United,17,2006,1,1,90,1.0,0,0,0,0,0,0,0,0,0.00,0.00,0.00,0.00,0.00,Matches,4492ca3d
529,Nigel Lonwijk,nl NED,MF,Wolves,21,2002,1,1,90,1.0,0,0,0,0,0,0,0,0,0.00,0.00,0.00,0.00,0.00,Matches,17be8dc3
530,Reuben Lopata-White,eng ENG,DF,Leeds United,18,2005,15,11,1017,11.3,0,0,0,0,0,0,2,0,0.00,0.00,0.00,0.00,0.00,Matches,7fa27d52
531,Leo Lopes,pt POR,MFFW,Wolves,19,2004,12,6,655,7.3,1,4,5,1,0,0,2,0,0.14,0.55,0.69,0.14,0.69,Matches,356f0f63
532,Aaron Loupalo-Bi,eng ENG,FWMF,Fulham,18,2005,13,8,790,8.8,7,3,10,7,0,0,0,0,0.80,0.34,1.14,0.80,1.14,Matches,55572f89
533,Nathan Lowe,eng ENG,FW,Stoke City,18,2005,2,2,180,2.0,3,0,3,3,0,0,1,0,1.50,0.00,1.50,1.50,1.50,Matches,5567d6f5
534,Luizão,br BRA,DF,West Ham,22,2002,14,14,1215,13.5,0,0,0,0,0,0,1,0,0.00,0.00,0.00,0.00,0.00,Matches,fb02fba4
535,Joe Lumley,eng ENG,GK,Southampton,29,1995,1,1,90,1.0,0,0,0,0,0,0,0,0,0.00,0.00,0.00,0.00,0.00,Matches,bdf3a08e
536,Charlie Lutz,eng ENG,MF,Aston Villa,19,2004,6,1,195,2.2,1,0,1,1,0,0,1,0,0.46,0.00,0.46,0.46,0.46,Matches,62ca673f
537,Luka Lynch,eng ENG,FW,Aston Villa,17,2007,1,0,38,0.4,0,0,0,0,0,0,0,1,0.00,0.00,0.00,0.00,0.00,Matches,34a7127c
538,Aaron Lynden Potter,,MF,Blackburn,,,2,0,75,0.8,0,0,0,0,0,0,0,0,0.00,0.00,0.00,0.00,0.00,Matches,38ec48ce
539,Ismail M'Hand,nl NED,MFFW,Arsenal,19,2005,15,11,916,10.2,1,2,3,1,0,0,2,0,0.10,0.20,0.29,0.10,0.29,Matches,f9125ddd
540,Isaac Mabaya,eng ENG,DF,Liverpool,19,2004,11,9,761,8.5,0,0,0,0,0,0,3,0,0.00,0.00,0.00,0.00,0.00,Matches,0d7be441
541,Filozofe Mabete,eng ENG,DF,Wolves,19,2004,14,7,711,7.9,1,0,1,1,0,0,4,0,0.13,0.00,0.13,0.13,0.13,Matches,7c71ae49
542,Callum Mackley,eng ENG,DFMF,Brighton,17,2007,6,3,331,3.7,0,0,0,0,0,0,0,0,0.00,0.00,0.00,0.00,0.00,Matches,805eb33b
543,Rory Macleod,sct SCO,MF,Southampton,18,2006,5,1,111,1.2,0,0,0,0,0,0,2,0,0.00,0.00,0.00,0.00,0.00,Matches,6bed0776
544,Exaucé Mafoumbi,fr FRA,FWMF,Blackburn,19,2005,8,6,424,4.7,1,0,1,1,0,0,0,0,0.21,0.00,0.21,0.21,0.21,Matches,1021a450
545,Aaron Maguire,ie IRL,GK,Tottenham,20,2004,13,13,1125,12.5,0,0,0,0,0,0,0,0,0.00,0.00,0.00,0.00,0.00,Matches,21a9277e
546,Rory Mahady,sct SCO,GK,Leeds United,17,2006,17,17,1530,17.0,0,0,0,0,0,0,1,0,0.00,0.00,0.00,0.00,0.00,Matches,a181b87c
547,Lucien Mahovo,eng ENG,DF,Norwich City,19,2005,9,9,765,8.5,0,1,1,0,0,0,2,0,0.00,0.12,0.12,0.00,0.12,Matches,baf80e27
548,Izzet Malak,,MFFW,Southampton,19,2005,4,2,153,1.7,0,0,0,0,0,0,0,0,0.00,0.00,0.00,0.00,0.00,Matches,c96c7daa
549,Souleyman Mandey,at AUT,MF,West Brom,18,2006,10,5,460,5.1,0,0,0,0,0,0,4,0,0.00,0.00,0.00,0.00,0.00,Matches,dc71bb9e
550,Mateus Mane,pt POR,MF,Wolves,16,2007,1,0,25,0.3,0,0,0,0,0,0,0,0,0.00,0.00,0.00,0.00,0.00,Matches,c15cb409
551,Adian Manning,eng ENG,MF,Norwich City,20,2003,14,12,983,10.9,2,0,2,2,0,0,3,1,0.18,0.00,0.18,0.18,0.18,Matches,4dba06bd
552,Ryan Manning,ie IRL,MF,Southampton,28,1996,1,1,90,1.0,0,0,0,0,0,0,0,0,0.00,0.00,0.00,0.00,0.00,Matches,847b53eb
553,Tyler Mansbridge,eng ENG,MF,Blackburn,16,2007,1,0,14,0.2,0,0,0,0,0,0,0,0,0.00,0.00,0.00,0.00,0.00,Matches,cd872573
554,Bendito Mantato,eng ENG,MF,Manchester Utd,16,2008,4,3,247,2.7,2,4,6,2,0,0,0,0,0.73,1.46,2.19,0.73,2.19,Matches,e8a55b80
555,Wanya Marcal-Madivadua,pt POR,MF,Leicester City,21,2002,1,1,90,1.0,0,0,0,0,0,0,0,0,0.00,0.00,0.00,0.00,0.00,Matches,6faae64f
556,Solly March,eng ENG,MF,Brighton,30,1994,1,1,26,0.3,0,0,0,0,0,0,0,0,0.00,0.00,0.00,0.00,0.00,Matches,bb5fbd2b
557,Finley Marjoram,eng ENG,MFDF,Crystal Palace,18,2006,5,4,361,4.0,0,0,0,0,0,0,2,0,0.00,0.00,0.00,0.00,0.00,Matches,9d2bcb05
558,Zachariah Marsh,eng ENG,FWMF,Crystal Palace,18,2005,16,14,1156,12.8,3,6,9,3,0,0,2,0,0.23,0.47,0.70,0.23,0.70,Matches,6baa90d0
559,Josh Maskall,,MF,Stoke City,,,2,1,118,1.3,0,0,0,0,0,0,0,0,0.00,0.00,0.00,0.00,0.00,Matches,f8545013
560,Sam Mather,eng ENG,FWMF,Manchester Utd,19,2004,11,10,790,8.8,8,2,10,5,3,3,0,0,0.91,0.23,1.14,0.57,0.80,Matches,a7673a15
561,Japhet Matondo Mpadi,wls WAL,MFFW,Stoke City,18,2005,5,2,185,2.1,0,1,1,0,0,0,2,0,0.00,0.49,0.49,0.00,0.49,Matches,f1735838
562,Alex Matos,eng ENG,MFDF,Chelsea,19,2004,5,3,335,3.7,0,0,0,0,0,0,2,0,0.00,0.00,0.00,0.00,0.00,Matches,ed383e43
563,Ajay Matthews,eng ENG,FW,Middlesbrough,18,2006,8,5,540,6.0,5,0,5,3,2,2,3,0,0.83,0.00,0.83,0.50,0.50,Matches,bddd1dec
564,Alfie Maughan,,DF,West Brom,,,2,1,100,1.1,0,0,0,0,0,0,1,0,0.00,0.00,0.00,0.00,0.00,Matches,8dbf571b
565,Ezra Mayers,bb BRB,DF,West Ham,17,2007,19,19,1664,18.5,0,1,1,0,0,0,3,0,0.00,0.05,0.05,0.00,0.05,Matches,9a85a651
566,Kyle McAdam,eng ENG,MFDF,Nottingham,19,2004,20,20,1779,19.8,2,3,5,2,0,0,3,0,0.10,0.15,0.25,0.10,0.25,Matches,6ddb8f6e
567,Ryan Mcaidoo,eng ENG,MF,Manchester City,16,2008,5,2,201,2.2,1,0,1,1,0,0,0,0,0.45,0.00,0.45,0.45,0.45,Matches,8dd0d7c5
568,Liam McAlinney,ie IRL,DF,Leicester City,18,2006,3,1,139,1.5,0,0,0,0,0,0,0,0,0.00,0.00,0.00,0.00,0.00,Matches,be0da168
569,Finley Mcallister,eng ENG,MFDF,Manchester Utd,18,2006,12,8,720,8.0,0,1,1,0,0,0,3,0,0.00,0.12,0.12,0.00,0.12,Matches,0f7e9100
570,Niall McAndrews,ie IRL,MFFW,Derby County,17,2007,11,6,668,7.4,2,0,2,2,0,0,1,0,0.27,0.00,0.27,0.27,0.27,Matches,ee018d98
571,Charlie McArthur,sct SCO,DF,Newcastle,19,2005,8,6,584,6.5,2,0,2,2,0,0,2,0,0.31,0.00,0.31,0.31,0.31,Matches,25940efe
572,Law McCabe,eng ENG,MF,Middlesbrough,18,2006,10,10,900,10.0,1,0,1,1,0,0,2,0,0.10,0.00,0.10,0.10,0.10,Matches,beff70f3
573,James McConnell,eng ENG,MF,Liverpool,19,2004,7,7,532,5.9,2,1,3,2,0,0,3,0,0.34,0.17,0.51,0.34,0.51,Matches,bf973eeb
574,Ruairi Mcconville,nir NIR,DF,Brighton,19,2005,6,6,397,4.4,1,1,2,1,0,0,0,0,0.23,0.23,0.45,0.23,0.45,Matches,1a28b886
575,George McCormick,eng ENG,DF,Middlesbrough,19,2005,11,11,945,10.5,0,2,2,0,0,0,3,0,0.00,0.19,0.19,0.00,0.19,Matches,9da4783b
576,Delano McCoy-Splatt,jm JAM,MF,Fulham,19,2004,4,1,133,1.5,0,0,0,0,0,0,0,0,0.00,0.00,0.00,0.00,0.00,Matches,c59eb985
577,Christian Mcdonald,eng ENG,FW,Manchester City,16,2007,1,0,11,0.1,0,0,0,0,0,0,0,0,0.00,0.00,0.00,0.00,0.00,Matches,a187cb33
578,Josh Mcdonald,sct SCO,MFFW,Leeds United,17,2007,14,8,815,9.1,1,2,3,1,0,0,1,0,0.11,0.22,0.33,0.11,0.33,Matches,e635e0f7
579,Miller Mcdonald,,,West Brom,,,3,0,92,1.0,0,0,0,0,0,0,0,0,0.00,0.00,0.00,0.00,0.00,Matches,4be306cf
580,Max McFadden,eng ENG,MFFW,Leeds United,18,2005,13,8,691,7.7,2,0,2,1,1,1,3,0,0.26,0.00,0.26,0.13,0.13,Matches,4a9254f5
581,Kyle McFadzean,sct SCO,DF,Blackburn,37,1987,1,1,90,1.0,0,0,0,0,0,0,0,0,0.00,0.00,0.00,0.00,0.00,Matches,d958cde6
582,Callum McFarlane,eng ENG,FW,Fulham,20,2003,2,0,29,0.3,0,0,0,0,0,0,0,0,0.00,0.00,0.00,0.00,0.00,Matches,3ad76a60
583,Christian McFarlane,eng ENG,FW,Manchester City,17,2007,6,1,164,1.8,0,0,0,0,0,0,0,0,0.00,0.00,0.00,0.00,0.00,Matches,c0bdf952
584,Harry Mcglinchey,ie IRL,DF,Chelsea,16,2007,1,0,3,0.0,0,0,0,0,0,0,0,0,0.00,0.00,0.00,0.00,0.00,Matches,f1b31da2
585,Dara McGuinness,ie IRL,FW,Stoke City,20,2004,1,0,14,0.2,0,0,0,0,0,0,0,0,0.00,0.00,0.00,0.00,0.00,Matches,36143126
586,Maxwell Mcknight,eng ENG,DF,Tottenham,19,2004,20,14,1314,14.6,2,3,5,2,0,0,2,0,0.14,0.21,0.34,0.14,0.34,Matches,5ac5feb0
587,Terrence McLaughlin-Miles,eng ENG,DF,Liverpool,19,2004,11,7,585,6.5,0,0,0,0,0,0,1,0,0.00,0.00,0.00,0.00,0.00,Matches,ee930c24
588,Harrison Mcmahon,eng ENG,MF,Chelsea,18,2006,14,14,1173,13.0,0,0,0,0,0,0,1,0,0.00,0.00,0.00,0.00,0.00,Matches,e441414f
589,Maddox MCMillan,,MF,Reading FC,,,5,3,226,2.5,0,0,0,0,0,0,0,0,0.00,0.00,0.00,0.00,0.00,Matches,26205822
590,Alfie McNally,eng ENG,GK,Fulham,19,2004,5,5,450,5.0,0,0,0,0,0,0,1,0,0.00,0.00,0.00,0.00,0.00,Matches,419fba9c
591,Joshua McNamara,eng ENG,GK,Southampton,20,2003,7,7,630,7.0,0,0,0,0,0,0,0,0,0.00,0.00,0.00,0.00,0.00,Matches,351991d5
592,Donnell McNeilly,eng ENG,FWMF,Chelsea,18,2005,18,15,1244,13.8,12,2,14,11,1,1,3,0,0.87,0.14,1.01,0.80,0.94,Matches,b83c808f
593,Jaden Mears,eng ENG,DF,Stoke City,18,2006,10,8,749,8.3,0,1,1,0,0,0,3,0,0.00,0.12,0.12,0.00,0.12,Matches,ffced06d
594,Dermot Mee,nir NIR,GK,Manchester Utd,21,2002,5,5,450,5.0,0,1,1,0,0,0,0,0,0.00,0.20,0.20,0.00,0.20,Matches,caa32820
595,Jayden Meghoma,eng ENG,FW,Southampton,18,2006,2,2,180,2.0,0,0,0,0,0,0,1,0,0.00,0.00,0.00,0.00,0.00,Matches,07382f6c
596,Max Merrick,eng ENG,GK,Chelsea,18,2005,9,9,810,9.0,0,0,0,0,0,0,1,0,0.00,0.00,0.00,0.00,0.00,Matches,420d18fe
597,Will Merry,eng ENG,MFFW,Southampton,18,2005,13,5,573,6.4,0,2,2,0,0,0,0,0,0.00,0.31,0.31,0.00,0.31,Matches,3eedd2d1
598,Bastien Meupiyou,fr FRA,DF,Wolves,18,2006,9,9,749,8.3,0,0,0,0,0,0,1,0,0.00,0.00,0.00,0.00,0.00,Matches,dcd94cdb
599,Kevin Mfuamba,eng ENG,MF,West Brom,17,2006,5,5,338,3.8,0,0,0,0,0,0,1,0,0.00,0.00,0.00,0.00,0.00,Matches,19cb8f9d
600,Stephen Mfuni,eng ENG,DF,Manchester City,16,2008,7,5,479,5.3,0,0,0,0,0,0,0,0,0.00,0.00,0.00,0.00,0.00,Matches,c6685def
601,Shumaira Mheuka,eng ENG,FWMF,Chelsea,16,2007,16,11,1051,11.7,4,2,6,3,1,1,2,0,0.34,0.17,0.51,0.26,0.43,Matches,43d0b694
602,Nicholas Michalski,eng ENG,GK,Blackburn,17,2007,8,8,720,8.0,0,0,0,0,0,0,1,0,0.00,0.00,0.00,0.00,0.00,Matches,5ac26057
603,Ben Middlemas,eng ENG,MF,Sunderland,19,2004,17,16,1397,15.5,1,2,3,1,0,0,5,0,0.06,0.13,0.19,0.06,0.19,Matches,e823ee1c
604,Alex Mighten,eng ENG,MF,Nottingham,22,2002,1,1,89,1.0,0,1,1,0,0,0,0,0,0.00,1.01,1.01,0.00,1.01,Matches,10ec4169
605,Jamie Miley,eng ENG,MF,Newcastle,20,2004,3,3,270,3.0,0,1,1,0,0,0,0,0,0.00,0.33,0.33,0.00,0.33,Matches,86bef93d
606,Lewis Miley,eng ENG,MF,Newcastle,18,2006,2,2,123,1.4,0,0,0,0,0,0,0,0,0.00,0.00,0.00,0.00,0.00,Matches,2c6835e5
607,Albert Mills,eng ENG,DF,Manchester Utd,16,2008,1,1,90,1.0,0,0,0,0,0,0,0,0,0.00,0.00,0.00,0.00,0.00,Matches,4ba3dd61
608,Harry Mills,cy CYP,DFMF,Brighton,18,2006,10,7,653,7.3,0,1,1,0,0,0,1,0,0.00,0.14,0.14,0.00,0.14,Matches,cd354c69
609,Stanley Mills,eng ENG,MF,Everton,20,2003,1,1,90,1.0,1,0,1,0,1,1,0,0,1.00,0.00,1.00,0.00,0.00,Matches,c0a454d5
610,Tyrone Mings,eng ENG,DF,Aston Villa,31,1993,1,1,45,0.5,0,0,0,0,0,0,0,0,0.00,0.00,0.00,0.00,0.00,Matches,8397a50c
611,Kornel Misciur,eng ENG,GK,Liverpool,17,2007,11,10,913,10.1,0,0,0,0,0,0,1,0,0.00,0.00,0.00,0.00,0.00,Matches,e14fb7be
612,Ashton Missin,eng ENG,MF,Manchester Utd,17,2006,6,1,194,2.2,0,1,1,0,0,0,0,0,0.00,0.46,0.46,0.00,0.46,Matches,5c82b4fd
613,Cuba Mitchell,bd BAN,MF,Sunderland,18,2005,7,3,305,3.4,0,1,1,0,0,0,0,0,0.00,0.30,0.30,0.00,0.30,Matches,5e9cbeb6
614,Rylee Mitchell,,GK,Norwich City,,,1,1,90,1.0,0,0,0,0,0,0,0,0,0.00,0.00,0.00,0.00,0.00,Matches,76db74ab
615,Ryan Mmaee,ma MAR,FW,Stoke City,26,1997,1,1,45,0.5,1,0,1,1,0,0,0,0,2.00,0.00,2.00,2.00,2.00,Matches,8a56c04c
616,Adli Mohamed,ae UAE,GK,Southampton,19,2004,7,7,630,7.0,0,0,0,0,0,0,0,0,0.00,0.00,0.00,0.00,0.00,Matches,d68944a0
617,Jamal Mohammed,eng ENG,DF,West Brom,18,2006,7,6,529,5.9,0,0,0,0,0,0,1,0,0.00,0.00,0.00,0.00,0.00,Matches,a332fb7a
618,Riley Moloney,eng ENG,DFMF,Derby County,18,2005,16,14,1228,13.6,1,1,2,0,1,1,5,0,0.07,0.07,0.15,0.00,0.07,Matches,8a21b5bb
619,Ronny Moncur,eng ENG,FW,Tottenham,16,2007,1,0,5,0.1,0,0,0,0,0,0,0,0,0.00,0.00,0.00,0.00,0.00,Matches,51748546
620,Jeremy Monga,eng ENG,MF,Leicester City,15,2009,8,7,565,6.3,2,2,4,2,0,0,0,0,0.32,0.32,0.64,0.32,0.64,Matches,4c168d3a
621,Zane Monlouis,eng ENG,DF,Arsenal,20,2003,12,11,980,10.9,0,0,0,0,0,0,0,0,0.00,0.00,0.00,0.00,0.00,Matches,7745640e
622,Diogo Monteiro,pt POR,DF,Leeds United,19,2005,11,11,930,10.3,0,0,0,0,0,0,2,0,0.00,0.00,0.00,0.00,0.00,Matches,17850779
623,Kristi Montgomery,sct SCO,MF,Blackburn,20,2004,4,4,360,4.0,0,0,0,0,0,0,2,0,0.00,0.00,0.00,0.00,0.00,Matches,8c1a7e94
624,Bradley Moonan,,DF,Everton,,,6,3,312,3.5,1,0,1,1,0,0,1,0,0.29,0.00,0.29,0.29,0.29,Matches,9929ac74
625,Jayden Moore,,DF,Southampton,,,18,17,1512,16.8,0,0,0,0,0,0,5,0,0.00,0.00,0.00,0.00,0.00,Matches,ed23d14e
626,Kobei Moore,eng ENG,FW,Aston Villa,19,2004,9,9,673,7.5,2,0,2,2,0,0,0,0,0.27,0.00,0.27,0.27,0.27,Matches,04fd8cde
627,Kris Moore,eng ENG,DFMF,Leeds United,20,2003,13,8,822,9.1,1,0,1,1,0,0,0,0,0.11,0.00,0.11,0.11,0.11,Matches,b660a486
628,Mikey Moore,eng ENG,MFFW,Tottenham,16,2007,2,2,125,1.4,1,0,1,1,0,0,0,0,0.72,0.00,0.72,0.72,0.72,Matches,00953a9d
629,Sean Moore,ie IRL,MFFW,West Ham,18,2005,20,19,1602,17.8,5,2,7,5,0,0,5,0,0.28,0.11,0.39,0.28,0.39,Matches,773dfd4f
630,Jack Moorhouse,ie IRL,MFFW,Manchester Utd,18,2005,10,7,586,6.5,3,1,4,3,0,0,1,0,0.46,0.15,0.61,0.46,0.61,Matches,973d6049
631,George Morgan,wls WAL,FW,Everton,17,2006,8,1,228,2.5,1,0,1,1,0,0,1,0,0.39,0.00,0.39,0.39,0.39,Matches,e015c8f1
632,Jimmy Morgan,eng ENG,FWMF,Chelsea,18,2006,11,5,445,4.9,8,2,10,8,0,0,2,0,1.62,0.40,2.02,1.62,2.02,Matches,f9d409a1
633,Rhys Morrish,wls WAL,DF,West Brom,17,2007,1,0,27,0.3,0,0,0,0,0,0,0,0,0.00,0.00,0.00,0.00,0.00,Matches,b037b267
634,Kieran Morrison,nir NIR,MFFW,Liverpool,17,2006,19,17,1618,18.0,3,5,8,3,0,0,1,0,0.17,0.28,0.44,0.17,0.44,Matches,25683300
635,Tyler Morton,eng ENG,MF,Liverpool,21,2002,5,5,408,4.5,3,0,3,3,0,0,2,0,0.66,0.00,0.66,0.66,0.66,Matches,2bc28bb9
636,Yeimar Mosquera,co COL,DF,Aston Villa,19,2005,3,2,203,2.3,0,0,0,0,0,0,0,0,0.00,0.00,0.00,0.00,0.00,Matches,7f13c388
637,Louie Moulden,eng ENG,GK,Crystal Palace,22,2002,17,17,1530,17.0,0,0,0,0,0,0,0,0,0.00,0.00,0.00,0.00,0.00,Matches,7b7de75a
638,Remiero Moulton,eng ENG,FW,Brighton,18,2006,9,3,308,3.4,2,0,2,2,0,0,1,0,0.58,0.00,0.58,0.58,0.58,Matches,30c2bf3b
639,Divin Mubama,eng ENG,FW,Manchester City,19,2004,9,8,732,8.1,11,4,15,9,2,2,2,0,1.35,0.49,1.84,1.11,1.60,Matches,92868cb5
640,Ashton Muir,eng ENG,MFFW,Manchester City,18,2005,3,1,70,0.8,0,1,1,0,0,0,0,0,0.00,1.29,1.29,0.00,1.29,Matches,0d19aa13
641,Divine Mukasa,eng ENG,MF,Manchester City,16,2007,2,1,72,0.8,0,0,0,0,0,0,0,0,0.00,0.00,0.00,0.00,0.00,Matches,ce7ae86a
642,Trai Mulley,eng ENG,FW,Aston Villa,17,2006,1,1,63,0.7,0,0,0,0,0,0,0,0,0.00,0.00,0.00,0.00,0.00,Matches,08d92c28
643,Jamie Mullins,ie IRL,MF,Brighton,19,2004,16,16,1377,15.3,1,4,5,1,0,0,3,0,0.07,0.26,0.33,0.07,0.33,Matches,eb5e71c8
644,Anthony Munda,eng ENG,MF,Newcastle,17,2006,12,11,945,10.5,1,1,2,1,0,0,4,0,0.10,0.10,0.19,0.10,0.19,Matches,3c2d9240
645,Errol Mundle-Smith,eng ENG,FWMF,Norwich City,18,2006,17,15,1257,14.0,7,1,8,6,1,1,5,0,0.50,0.07,0.57,0.43,0.50,Matches,0d70a9e6
646,Reece Munro,eng ENG,DF,Manchester Utd,17,2006,7,5,487,5.4,0,1,1,0,0,0,2,0,0.00,0.18,0.18,0.00,0.18,Matches,a577734d
647,William Murdock,nir NIR,GK,Manchester Utd,17,2007,3,3,270,3.0,0,0,0,0,0,0,0,0,0.00,0.00,0.00,0.00,0.00,Matches,36930d06
648,Alex Murphy,ie IRL,DF,Newcastle,20,2004,5,5,387,4.3,0,0,0,0,0,0,2,0,0.00,0.00,0.00,0.00,0.00,Matches,f1c42eb3
649,Paul Murphy-Worrell,eng ENG,DF,Blackburn,17,2006,3,3,245,2.7,0,0,0,0,0,0,3,1,0.00,0.00,0.00,0.00,0.00,Matches,1ed6d1de
650,Sam Murray,eng ENG,DF,Manchester Utd,19,2004,12,10,840,9.3,0,0,0,0,0,0,0,0,0.00,0.00,0.00,0.00,0.00,Matches,8b2d2b50
651,Harrison Murray-Campbell,eng ENG,DF,Chelsea,17,2006,16,14,1296,14.4,0,0,0,0,0,0,4,0,0.00,0.00,0.00,0.00,0.00,Matches,1c70b3dd
652,George Murray-Jones,eng ENG,GK,Nottingham,19,2004,13,13,1106,12.3,0,0,0,0,0,0,2,0,0.00,0.00,0.00,0.00,0.00,Matches,2a867a7c
653,Victor Musa,es ESP,FW,Manchester Utd,17,2006,4,2,208,2.3,0,0,0,0,0,0,0,0,0.00,0.00,0.00,0.00,0.00,Matches,f6f76f5c
654,Kurainashe Musanhi,zw ZIM,DF,Crystal Palace,18,2006,2,0,2,0.0,0,0,0,0,0,0,0,0,0.00,0.00,0.00,0.00,0.00,Matches,d0029460
655,Hindolo Mustapha,sl SLE,FWMF,Crystal Palace,18,2006,20,19,1686,18.7,7,3,10,7,0,0,5,0,0.37,0.16,0.53,0.37,0.53,Matches,4ce4b98e
656,Brook Myers,eng ENG,FW,Southampton,18,2006,2,0,30,0.3,0,0,0,0,0,0,0,0,0.00,0.00,0.00,0.00,0.00,Matches,ce571a5e
657,Alfie Myers-Smith,eng ENG,DFMF,Middlesbrough,18,2005,3,3,235,2.6,0,0,0,0,0,0,1,0,0.00,0.00,0.00,0.00,0.00,Matches,bf0eaa13
658,Elliot Myles,wls WAL,FWMF,Norwich City,17,2007,7,7,476,5.3,3,0,3,3,0,0,0,0,0.57,0.00,0.57,0.57,0.57,Matches,fd195bd7
659,Jack Nadin,eng ENG,MFFW,Nottingham,19,2004,20,17,1405,15.6,4,5,9,4,0,0,1,0,0.26,0.32,0.58,0.26,0.58,Matches,439e348d
660,Adam Najeeb,pk PAK,GK,Blackburn,18,2005,2,2,134,1.5,0,0,0,0,0,0,0,0,0.00,0.00,0.00,0.00,0.00,Matches,dfe8bfc0
661,Amara Nallo,eng ENG,DF,Liverpool,17,2006,19,17,1553,17.3,1,0,1,1,0,0,4,0,0.06,0.00,0.06,0.06,0.06,Matches,398a24f6
662,Adler Nascimento,pt POR,MFFW,Crystal Palace,19,2004,5,3,310,3.4,0,0,0,0,0,0,0,0,0.00,0.00,0.00,0.00,0.00,Matches,de497d7d
663,Sebastian Naylor,eng ENG,DF,Manchester City,18,2005,17,13,1233,13.7,1,1,2,1,0,0,2,0,0.07,0.07,0.15,0.07,0.15,Matches,d795e110
664,Joel Ndala,eng ENG,FWMF,Nottingham,18,2006,8,8,599,6.7,1,1,2,1,0,0,0,0,0.15,0.15,0.30,0.15,0.30,Matches,e0767642
665,Tommy Neale,eng ENG,MF,Leicester City,18,2006,5,0,115,1.3,2,2,4,2,0,0,0,0,1.57,1.57,3.13,1.57,3.13,Matches,c3b0f7a7
666,Sean Neave,eng ENG,FW,Newcastle,17,2007,5,5,306,3.4,4,2,6,3,1,1,0,0,1.18,0.59,1.76,0.88,1.47,Matches,ff392864
667,Joe Neild,,MF,Sunderland,,,2,0,13,0.1,0,0,0,0,0,0,0,0,0.00,0.00,0.00,0.00,0.00,Matches,d1a87ba0
668,Marcus Neill,au AUS,FW,Sunderland,16,2008,5,1,115,1.3,2,1,3,2,0,0,0,0,1.57,0.78,2.35,1.57,2.35,Matches,09d37137
669,Deago Nelson,eng ENG,MFDF,West Brom,18,2005,20,19,1693,18.8,0,3,3,0,0,0,3,0,0.00,0.16,0.16,0.00,0.16,Matches,5e1e16a1
670,Jamie Newton,sct SCO,MF,Nottingham,19,2005,7,1,202,2.2,0,1,1,0,0,0,1,0,0.00,0.45,0.45,0.00,0.45,Matches,17448ce1
671,Brooklyn Nfonkeu,eng ENG,MFFW,Leeds United,17,2007,6,5,397,4.4,0,0,0,0,0,0,0,0,0.00,0.00,0.00,0.00,0.00,Matches,64e503b1
672,Rio Ngumoha,eng ENG,MF,Liverpool,15,2008,8,7,620,6.9,2,0,2,2,0,0,1,0,0.29,0.00,0.29,0.29,0.29,Matches,022eca88
673,Jayden Ngwashi,eng ENG,DF,Manchester Utd,15,2008,2,0,48,0.5,0,0,0,0,0,0,1,0,0.00,0.00,0.00,0.00,0.00,Matches,abf0c489
674,Josh Nichols,eng ENG,DFMF,Arsenal,18,2006,10,8,665,7.4,0,0,0,0,0,0,2,0,0.00,0.00,0.00,0.00,0.00,Matches,676cf55d
675,Daniel Nkrumah,eng ENG,FWMF,Middlesbrough,20,2003,11,8,733,8.1,2,0,2,2,0,0,5,0,0.25,0.00,0.25,0.25,0.25,Matches,4b9a2c96
676,Kian Noble,eng ENG,DF,Manchester City,17,2007,1,1,45,0.5,0,0,0,0,0,0,0,0,0.00,0.00,0.00,0.00,0.00,Matches,9c4cc5b2
677,James Nolan,eng ENG,DF,Manchester Utd,18,2005,2,2,163,1.8,0,1,1,0,0,0,0,0,0.00,0.55,0.55,0.00,0.55,Matches,101abef1
678,Tom Norcott,eng ENG,GK,Reading FC,19,2004,13,13,1170,13.0,0,0,0,0,0,0,1,0,0.00,0.00,0.00,0.00,0.00,Matches,d9d6879e
679,Manni Norkett,eng ENG,FW,Nottingham,19,2004,4,0,45,0.5,0,0,0,0,0,0,0,0,0.00,0.00,0.00,0.00,0.00,Matches,3ea3aa2e
680,James Norris,eng ENG,DFFW,Liverpool,21,2003,10,10,873,9.7,1,1,2,1,0,0,1,0,0.10,0.10,0.21,0.10,0.21,Matches,788cd1c9
681,Eddy Nsasi,eng ENG,DF,Fulham,16,2007,17,16,1485,16.5,0,0,0,0,0,0,4,0,0.00,0.00,0.00,0.00,0.00,Matches,2ebb2c65
682,Torin Ntege,,MF,West Brom,,,2,1,82,0.9,0,0,0,0,0,0,0,0,0.00,0.00,0.00,0.00,0.00,Matches,5ff5276a
683,Shane Nti,,MF,Brighton,,,5,1,184,2.0,0,0,0,0,0,0,0,0,0.00,0.00,0.00,0.00,0.00,Matches,229a34fe
684,Chibuzo Nwoko,eng ENG,MFDF,Fulham,18,2005,18,11,1049,11.7,1,2,3,1,0,0,2,0,0.09,0.17,0.26,0.09,0.26,Matches,fe14f93b
685,Lucas Nygaard,dk DEN,GK,Arsenal,18,2006,8,8,720,8.0,0,0,0,0,0,0,0,0,0.00,0.00,0.00,0.00,0.00,Matches,33917681
686,Trey Nyoni,eng ENG,MF,Liverpool,17,2007,15,15,1231,13.7,2,1,3,2,0,0,2,0,0.15,0.07,0.22,0.15,0.22,Matches,1d3b3d77
687,Joe O'Brien-Whitmarsh,ie IRL,MF,Southampton,19,2005,11,11,957,10.6,4,2,6,4,0,0,2,0,0.38,0.19,0.56,0.38,0.56,Matches,fd1c27b8
688,Harley O'Grady-Macken,eng ENG,MF,Blackburn,19,2004,17,14,1331,14.8,2,0,2,2,0,0,3,0,0.14,0.00,0.14,0.14,0.14,Matches,1ef9c246
689,Nico O'Reilly,eng ENG,MFFW,Manchester City,19,2005,6,6,464,5.2,2,2,4,2,0,0,2,0,0.39,0.39,0.78,0.39,0.78,Matches,91ca4a16
690,Chidozie Obi-Martin,dk DEN,FW,Manchester Utd,16,2007,4,4,360,4.0,2,1,3,2,0,0,1,0,0.50,0.25,0.75,0.50,0.75,Matches,0c9bfc3b
691,Justin Oboavwoduo,eng ENG,MFFW,Manchester City,17,2006,18,9,871,9.7,4,3,7,4,0,0,0,0,0.41,0.31,0.72,0.41,0.72,Matches,055ebc3a
692,Odeluga Offiah,eng ENG,DF,Brighton,21,2002,1,1,90,1.0,0,0,0,0,0,0,0,0,0.00,0.00,0.00,0.00,0.00,Matches,65c3efa2
693,Lloyd Ofori-Manteaw,eng ENG,DF,Norwich City,17,2007,2,0,39,0.4,0,1,1,0,0,0,0,0,0.00,2.31,2.31,0.00,2.31,Matches,6eaedcac
694,Josh Ogunnaike,eng ENG,DF,Arsenal,16,2008,1,0,19,0.2,0,0,0,0,0,0,0,0,0.00,0.00,0.00,0.00,0.00,Matches,9b37f5da
695,Habeeb Ogunneye,eng ENG,DF,Manchester Utd,19,2005,15,13,1135,12.6,0,2,2,0,0,0,2,0,0.00,0.16,0.16,0.00,0.16,Matches,d0cdc0a3
696,Trey Ogunsuyi,eng ENG,FW,Sunderland,17,2006,10,10,850,9.4,9,1,10,9,0,1,0,0,0.95,0.11,1.06,0.95,1.06,Matches,44301298
697,Justin Oguntolu,,FW,Derby County,,,6,1,175,1.9,1,0,1,1,0,0,0,0,0.51,0.00,0.51,0.51,0.51,Matches,4cc12a7a
698,Daniel Ogwuru,eng ENG,FW,Norwich City,19,2004,15,7,684,7.6,2,3,5,2,0,0,3,0,0.26,0.39,0.66,0.26,0.66,Matches,39f00d09
699,Yuki Ohashi,jp JPN,FW,Blackburn,28,1996,1,1,45,0.5,0,0,0,0,0,0,0,0,0.00,0.00,0.00,0.00,0.00,Matches,5fa86767
700,Temple Ojinnaka,it ITA,DFMF,Wolves,19,2005,7,7,598,6.6,0,2,2,0,0,0,2,0,0.00,0.30,0.30,0.00,0.30,Matches,4e93ceb2
701,Michael Okeke,hu HUN,MFFW,Manchester City,18,2005,18,7,714,7.9,1,4,5,1,0,0,4,0,0.13,0.50,0.63,0.13,0.63,Matches,d9d1abd0
702,Jeremiah Okine-Peters,,FW,Reading FC,,,15,12,1037,11.5,7,2,9,4,3,3,3,0,0.61,0.17,0.78,0.35,0.52,Matches,46da79db
703,Wesley Okoduwa,eng ENG,DFMF,Wolves,16,2008,13,12,969,10.8,0,0,0,0,0,0,2,0,0.00,0.00,0.00,0.00,0.00,Matches,58469e7c
704,Brian Okonkwo,eng ENG,GK,Arsenal,18,2005,2,2,180,2.0,0,1,1,0,0,0,0,0,0.00,0.50,0.50,0.00,0.50,Matches,504342f7
705,Francis Okoronkwo,eng ENG,FW,Everton,19,2004,2,2,133,1.5,1,1,2,1,0,0,0,0,0.68,0.68,1.35,0.68,1.35,Matches,44270870
706,Harmony Okwumo,de GER,DF,Norwich City,18,2005,15,9,899,10.0,0,1,1,0,0,0,5,0,0.00,0.10,0.10,0.00,0.10,Matches,df5adb15
707,Ademola Ola-Adebomi,eng ENG,FW,Crystal Palace,20,2004,10,9,782,8.7,9,0,9,7,2,2,2,0,1.04,0.00,1.04,0.81,0.81,Matches,efacf4fd
708,Saheed Olagunju,ng NGA,DF,Wolves,17,2007,3,1,110,1.2,0,0,0,0,0,0,0,0,0.00,0.00,0.00,0.00,0.00,Matches,a3aa41c2
709,Richard Olise,eng ENG,DFMF,Chelsea,19,2004,10,4,441,4.9,2,2,4,2,0,0,0,0,0.41,0.41,0.82,0.41,0.82,Matches,52c0001f
710,Charlie Olson,eng ENG,DF,Blackburn,19,2004,5,4,303,3.4,0,0,0,0,0,0,2,0,0.00,0.00,0.00,0.00,0.00,Matches,7c313382
711,Callum Olusesi,eng ENG,MF,Tottenham,17,2007,11,11,922,10.2,5,0,5,5,0,0,3,0,0.49,0.00,0.49,0.49,0.49,Matches,d6455444
712,Tom Olyott,eng ENG,MF,Fulham,18,2006,13,3,338,3.8,2,0,2,2,0,0,1,0,0.53,0.00,0.53,0.53,0.53,Matches,a5d182b9
713,Darryl Ombang,eng ENG,GK,Leeds United,19,2005,2,2,180,2.0,0,0,0,0,0,0,0,0,0.00,0.00,0.00,0.00,0.00,Matches,f6f8d77c
714,Larry Omoregie,,MFFW,Reading FC,,,5,2,237,2.6,1,1,2,1,0,0,1,0,0.38,0.38,0.76,0.38,0.76,Matches,9226494b
715,Wellity Omoruyi,es ESP,DF,Liverpool,18,2006,9,7,623,6.9,0,0,0,0,0,0,0,0,0.00,0.00,0.00,0.00,0.00,Matches,5fbafc66
716,Toby Onanaye,eng ENG,MF,Leicester City,18,2006,9,3,337,3.7,1,2,3,1,0,0,0,0,0.27,0.53,0.80,0.27,0.80,Matches,ca4107cf
717,Samuel Onyekachukwu,eng ENG,DF,Arsenal,16,2007,1,1,90,1.0,0,0,0,0,0,0,0,0,0.00,0.00,0.00,0.00,0.00,Matches,561b3846
718,Divine Onyemachi,eng ENG,FW,West Brom,17,2006,3,0,105,1.2,0,0,0,0,0,0,0,0,0.00,0.00,0.00,0.00,0.00,Matches,5714d945
719,Nathan Opoku,gh GHA,FW,Leicester City,23,2001,2,2,104,1.2,0,0,0,0,0,0,0,0,0.00,0.00,0.00,0.00,0.00,Matches,6d759943
720,Lewis Orford,eng ENG,MF,West Ham,18,2006,17,17,1508,16.8,3,9,12,2,1,2,2,0,0.18,0.54,0.72,0.12,0.66,Matches,40aaa04c
721,Nehemiah Oriola,eng ENG,MF,Brighton,17,2007,6,2,247,2.7,0,1,1,0,0,0,0,0,0.00,0.36,0.36,0.00,0.36,Matches,febb2831
722,Adisa Osayande,,DF,Derby County,,,10,7,652,7.2,0,1,1,0,0,0,1,0,0.00,0.14,0.14,0.00,0.14,Matches,de0f73d9
723,Emmanuel Osho,,MF,Reading FC,,,15,13,1109,12.3,1,3,4,1,0,0,1,0,0.08,0.24,0.32,0.08,0.32,Matches,1289140f
724,Callum Osmand,wls WAL,FW,Fulham,18,2005,17,16,1266,14.1,10,4,14,9,1,1,1,1,0.71,0.28,1.00,0.64,0.92,Matches,61606249
725,Detlef Osong,eng ENG,FW,Nottingham,19,2004,1,0,25,0.3,0,0,0,0,0,0,0,0,0.00,0.00,0.00,0.00,0.00,Matches,a42bbccc
726,Johnson Osong,,MFFW,Derby County,,,7,6,445,4.9,2,2,4,2,0,0,0,0,0.40,0.40,0.81,0.40,0.81,Matches,156dff2e
727,Kirsten Otchere,,MF,Leicester City,,,1,0,30,0.3,0,0,0,0,0,0,0,0,0.00,0.00,0.00,0.00,0.00,Matches,94f163d5
728,Raphael Otegbayo,,DF,Stoke City,,,2,0,28,0.3,0,0,0,0,0,0,0,0,0.00,0.00,0.00,0.00,0.00,Matches,034320d4
729,Salah Oulad M'Hand,nl NED,MFFW,Arsenal,20,2003,15,15,1276,14.2,6,4,10,6,0,1,6,0,0.42,0.28,0.71,0.42,0.71,Matches,b85c3273
730,James Overy,au AUS,FW,Manchester Utd,16,2007,1,1,59,0.7,0,0,0,0,0,0,0,0,0.00,0.00,0.00,0.00,0.00,Matches,2f1e9cbd
731,Yussif Owusu,eng ENG,MFDF,Brighton,18,2006,11,4,426,4.7,1,0,1,1,0,0,2,0,0.21,0.00,0.21,0.21,0.21,Matches,e806d011
732,Rayan Oyebade,eng ENG,DF,West Ham,17,2007,1,0,1,0.0,0,0,0,0,0,0,0,0,0.00,0.00,0.00,0.00,0.00,Matches,a524f83d
733,Vatan Özcan,tr TUR,DF,Norwich City,16,2008,2,2,180,2.0,0,0,0,0,0,0,0,0,0.00,0.00,0.00,0.00,0.00,Matches,33a6c800
734,Louis Page,eng ENG,MFFW,Leicester City,15,2008,10,8,733,8.1,3,3,6,3,0,0,0,0,0.37,0.37,0.74,0.37,0.74,Matches,431f4bf3
735,Anton Palmer,eng ENG,MF,Middlesbrough,15,2008,2,0,45,0.5,0,0,0,0,0,0,0,0,0.00,0.00,0.00,0.00,0.00,Matches,4b9b9ebe
736,Bailey Palmer,eng ENG,MF,Middlesbrough,15,2008,3,0,98,1.1,0,0,0,0,0,0,0,0,0.00,0.00,0.00,0.00,0.00,Matches,2af422c7
737,Darren Palmer,eng ENG,MF,Newcastle,18,2005,5,1,180,2.0,0,1,1,0,0,0,0,0,0.00,0.50,0.50,0.00,0.50,Matches,d945911a
738,Damon Park,eng ENG,DF,Fulham,18,2005,10,4,346,3.8,0,0,0,0,0,0,0,0,0.00,0.00,0.00,0.00,0.00,Matches,2d70a364
739,Harrison Parker,eng ENG,DF,Manchester City,17,2006,1,1,45,0.5,0,0,0,0,0,0,0,0,0.00,0.00,0.00,0.00,0.00,Matches,8b58b7f3
740,Michael Parker,eng ENG,DF,West Brom,19,2004,18,12,1191,13.2,0,2,2,0,0,0,0,0,0.00,0.15,0.15,0.00,0.15,Matches,c221c545
741,Ben Parkinson,eng ENG,FWMF,Newcastle,19,2005,11,9,861,9.6,8,1,9,6,2,2,1,0,0.84,0.10,0.94,0.63,0.73,Matches,32163807
742,Harvey Pates,,DF,Blackburn,,,4,4,358,4.0,0,0,0,0,0,0,0,0,0.00,0.00,0.00,0.00,0.00,Matches,a6a2ee78
743,Jack Patterson,nir NIR,MF,Everton,18,2005,17,11,949,10.5,0,2,2,0,0,0,8,0,0.00,0.19,0.19,0.00,0.19,Matches,eb3c0479
744,Lennon Patterson,eng ENG,DF,Arsenal,16,2007,1,1,45,0.5,0,0,0,0,0,0,0,0,0.00,0.00,0.00,0.00,0.00,Matches,269cf371
745,Nathan Patterson,sct SCO,MF,Everton,22,2001,3,3,211,2.3,0,1,1,0,0,0,1,0,0.00,0.43,0.43,0.00,0.43,Matches,230f0471
746,Travis Patterson,eng ENG,DF,Aston Villa,18,2005,11,10,891,9.9,1,1,2,1,0,0,3,0,0.10,0.10,0.20,0.10,0.20,Matches,e0b5d31b
747,Rio Patterson-Powell,eng ENG,MFFW,Middlesbrough,18,2005,18,7,709,7.9,1,0,1,1,0,0,2,0,0.13,0.00,0.13,0.13,0.13,Matches,c20d26d8
748,Charlie Pavey,eng ENG,MF,Aston Villa,18,2006,10,4,426,4.7,1,0,1,1,0,0,0,0,0.21,0.00,0.21,0.21,0.21,Matches,46ca8826
749,Lewis Payne,eng ENG,DF,Southampton,20,2004,8,8,720,8.0,0,1,1,0,0,0,1,0,0.00,0.12,0.12,0.00,0.12,Matches,32e9d210
750,Ben Pearson,eng ENG,MF,Stoke City,29,1995,1,1,45,0.5,0,0,0,0,0,0,1,0,0.00,0.00,0.00,0.00,0.00,Matches,a6b461e7
751,Charlie Penman,eng ENG,DF,Brighton,18,2005,14,13,1118,12.4,0,0,0,0,0,0,1,0,0.00,0.00,0.00,0.00,0.00,Matches,2fe07631
752,Kian Pennant,eng ENG,FW,Leicester City,20,2004,13,5,621,6.9,1,0,1,1,0,0,1,0,0.14,0.00,0.14,0.14,0.14,Matches,9b2b8711
753,Jack Perkins,eng ENG,MF,Nottingham,20,2003,20,20,1755,19.5,1,1,2,1,0,0,4,0,0.05,0.05,0.10,0.05,0.10,Matches,7c320ea5
754,Ben Perry,eng ENG,MF,Nottingham,19,2004,10,10,839,9.3,0,0,0,0,0,0,3,1,0.00,0.00,0.00,0.00,0.00,Matches,4bd3a00a
755,Jack Perry,eng ENG,MFDF,Derby County,18,2006,15,12,1051,11.7,1,1,2,1,0,0,3,0,0.09,0.09,0.17,0.09,0.17,Matches,42c2153a
756,Cameron Peupion,au AUS,MF,Brighton,21,2002,6,6,518,5.8,5,6,11,5,0,0,1,0,0.87,1.04,1.91,0.87,1.91,Matches,0bdeb013
757,George Pickford,eng ENG,GK,Everton,17,2007,7,7,584,6.5,0,0,0,0,0,0,0,0,0.00,0.00,0.00,0.00,0.00,Matches,4a8c77ec
758,Oliver Pickles,eng ENG,MFFW,Leeds United,16,2007,8,3,272,3.0,0,0,0,0,0,0,0,0,0.00,0.00,0.00,0.00,0.00,Matches,6da20490
759,Luca Picotto,wls WAL,MF,Fulham,17,2007,1,0,8,0.1,0,0,0,0,0,0,0,0,0.00,0.00,0.00,0.00,0.00,Matches,8e906106
760,Kyrie Pierre,eng ENG,MFDF,Aston Villa,19,2005,12,9,722,8.0,1,0,1,1,0,0,0,0,0.12,0.00,0.12,0.12,0.12,Matches,b99d9f99
761,Tommy Pilling,eng ENG,MFFW,Liverpool,19,2004,20,18,1517,16.9,2,1,3,1,1,1,3,0,0.12,0.06,0.18,0.06,0.12,Matches,b2177325
762,Carter Pinnington,eng ENG,DF,Liverpool,17,2007,16,8,792,8.8,0,0,0,0,0,0,3,0,0.00,0.00,0.00,0.00,0.00,Matches,b8b2fe95
763,Luke Plange,eng ENG,FW,Crystal Palace,21,2002,3,2,192,2.1,2,0,2,2,0,0,0,0,0.94,0.00,0.94,0.94,0.94,Matches,2140e999
764,Alfie Pond,eng ENG,DF,Wolves,20,2004,11,11,880,9.8,0,1,1,0,0,0,2,1,0.00,0.10,0.10,0.00,0.10,Matches,039c3d96
765,Christopher Popov,wls WAL,FW,Leicester City,19,2004,2,1,120,1.3,1,0,1,1,0,0,1,0,0.75,0.00,0.75,0.75,0.75,Matches,1860d243
766,Jack Porter,eng ENG,GK,Arsenal,16,2008,2,2,180,2.0,0,0,0,0,0,0,0,0,0.00,0.00,0.00,0.00,0.00,Matches,0b4ecd65
767,Ian Poveda,eng ENG,MFFW,Sunderland,24,2000,2,2,104,1.2,0,0,0,0,0,0,0,0,0.00,0.00,0.00,0.00,0.00,Matches,55b4f1d6
768,Brandon Powell,eng ENG,DFFW,Blackburn,18,2005,11,9,800,8.9,0,0,0,0,0,0,1,0,0.00,0.00,0.00,0.00,0.00,Matches,baef5c44
769,Harry Powell,eng ENG,MF,Newcastle,18,2005,2,0,11,0.1,0,0,0,0,0,0,0,0,0.00,0.00,0.00,0.00,0.00,Matches,95b3759d
770,Jayden Powell,,DF,Nottingham,,,1,1,90,1.0,0,0,0,0,0,0,0,0,0.00,0.00,0.00,0.00,0.00,Matches,b01dd795
771,Josh Powell,eng ENG,DFMF,Nottingham,19,2005,15,15,1227,13.6,1,2,3,1,0,0,1,0,0.07,0.15,0.22,0.07,0.22,Matches,8129b437
772,Owen Powell,,DF,Stoke City,,,1,0,45,0.5,0,0,0,0,0,0,0,0,0.00,0.00,0.00,0.00,0.00,Matches,b0697d69
773,Rory Powell,eng ENG,DF,Newcastle,18,2005,12,5,568,6.3,0,1,1,0,0,0,1,0,0.00,0.16,0.16,0.00,0.16,Matches,59b7f8d4
774,George Pratt,eng ENG,DF,Blackburn,20,2003,11,9,817,9.1,0,0,0,0,0,0,2,0,0.00,0.00,0.00,0.00,0.00,Matches,34eb88fe
775,Harley Price,,GK,Derby County,,,3,3,270,3.0,0,0,0,0,0,0,0,0,0.00,0.00,0.00,0.00,0.00,Matches,33ad5df7
776,Sam Proctor,eng ENG,GK,Aston Villa,17,2006,4,4,360,4.0,0,0,0,0,0,0,1,0,0.00,0.00,0.00,0.00,0.00,Matches,b96cec48
777,Jayden Quashie,gd GRN,MF,Fulham,17,2006,1,0,25,0.3,0,0,0,0,0,0,0,0,0.00,0.00,0.00,0.00,0.00,Matches,43c77f5d
778,Elián Quesada,cr CRC,DF,Arsenal,19,2005,7,4,403,4.5,0,1,1,0,0,0,0,0,0.00,0.22,0.22,0.00,0.22,Matches,3056a653
779,Ben Radcliffe,eng ENG,DF,Derby County,20,2004,3,2,191,2.1,0,0,0,0,0,0,0,0,0.00,0.00,0.00,0.00,0.00,Matches,c1824876
780,Arjan Raikhy,eng ENG,MF,Leicester City,21,2002,2,2,118,1.3,0,0,0,0,0,0,1,0,0.00,0.00,0.00,0.00,0.00,Matches,5f364ecd
781,Samuel Rak-Sakyi,eng ENG,MF,Chelsea,19,2005,13,9,870,9.7,0,1,1,0,0,0,0,0,0.00,0.10,0.10,0.00,0.10,Matches,301ba71e
782,Donte Ranger,eng ENG,FW,West Brom,17,2006,6,2,195,2.2,0,0,0,0,0,0,0,0,0.00,0.00,0.00,0.00,0.00,Matches,2d19cb2f
783,Khari Ranson,eng ENG,GK,Arsenal,16,2007,5,4,389,4.3,0,0,0,0,0,0,1,0,0.00,0.00,0.00,0.00,0.00,Matches,38c81ae7
784,Luke Rawlings,eng ENG,MFFW,Wolves,16,2008,9,8,597,6.6,0,0,0,0,0,0,0,0,0.00,0.00,0.00,0.00,0.00,Matches,ba8a2a36
785,Jadan Raymond,wls WAL,MF,Crystal Palace,20,2003,5,3,323,3.6,0,0,0,0,0,0,1,0,0.00,0.00,0.00,0.00,0.00,Matches,9ad8d732
786,Ben Reeves,nir NIR,MFDF,Southampton,32,1991,4,3,298,3.3,0,0,0,0,0,0,0,0,0.00,0.00,0.00,0.00,0.00,Matches,4db1f85d
787,Dylan Reid,sct SCO,MF,Crystal Palace,19,2005,10,8,728,8.1,2,3,5,2,0,0,3,0,0.25,0.37,0.62,0.25,0.62,Matches,4b9efe53
788,Jacob Render,eng ENG,MF,Leeds United,16,2008,3,0,88,1.0,0,0,0,0,0,0,0,0,0.00,0.00,0.00,0.00,0.00,Matches,f7693fb2
789,Waylon Renecke,za RSA,DF,Norwich City,18,2006,1,0,48,0.5,0,0,0,0,0,0,1,0,0.00,0.00,0.00,0.00,0.00,Matches,b2b9b2c0
790,Vicente Reyes,cl CHI,GK,Norwich City,20,2003,1,1,90,1.0,0,0,0,0,0,0,0,0,0.00,0.00,0.00,0.00,0.00,Matches,e1bf7567
791,Fabian Reynolds,jm JAM,MF,Wolves,18,2005,7,1,160,1.8,1,0,1,1,0,0,0,0,0.56,0.00,0.56,0.56,0.56,Matches,8b5e88d5
792,Harrison Rhone,eng ENG,GK,Reading FC,19,2005,1,1,90,1.0,0,0,0,0,0,0,0,0,0.00,0.00,0.00,0.00,0.00,Matches,966a26ce
793,Chadi Riad,ma MAR,DF,Crystal Palace,21,2003,1,1,62,0.7,0,0,0,0,0,0,0,0,0.00,0.00,0.00,0.00,0.00,Matches,b3b9b8b8
794,Amani Richards,eng ENG,MFFW,Leicester City,19,2004,8,6,481,5.3,3,2,5,3,0,0,0,0,0.56,0.37,0.94,0.56,0.94,Matches,68ff0629
795,Jerome Richards,,MF,Derby County,,,2,0,50,0.6,0,0,0,0,0,0,0,0,0.00,0.00,0.00,0.00,0.00,Matches,ab079dc2
796,Joseph Richards,eng ENG,DFMF,Leeds United,18,2005,14,11,973,10.8,0,0,0,0,0,0,1,0,0.00,0.00,0.00,0.00,0.00,Matches,88bf6a2e
797,Matt Richards,eng ENG,MFDF,West Brom,19,2004,5,4,379,4.2,0,0,0,0,0,0,1,0,0.00,0.00,0.00,0.00,0.00,Matches,6fb64221
798,Rico Richards,eng ENG,FWMF,Aston Villa,20,2003,2,0,54,0.6,1,0,1,1,0,0,0,0,1.67,0.00,1.67,1.67,1.67,Matches,657792ee
799,Seth Ridgeon,eng ENG,MF,Fulham,15,2008,5,5,388,4.3,3,0,3,3,0,0,0,0,0.70,0.00,0.70,0.70,0.70,Matches,b12ba5d9
800,Daniel Rigge,eng ENG,MF,West Ham,18,2006,13,6,551,6.1,0,1,1,0,0,0,0,0,0.00,0.16,0.16,0.00,0.16,Matches,bb3df3f0
801,Alexander Roberts,wls WAL,FWMF,Norwich City,18,2005,14,4,460,5.1,0,2,2,0,0,0,2,0,0.00,0.39,0.39,0.00,0.39,Matches,8150784e
802,Josh Robertson,sct SCO,MFFW,Brighton,19,2005,9,6,436,4.8,0,0,0,0,0,0,2,0,0.00,0.00,0.00,0.00,0.00,Matches,24d5b001
803,Darren Robinson,nir NIR,MFDF,Derby County,19,2004,14,14,1241,13.8,1,1,2,1,0,0,3,0,0.07,0.07,0.15,0.07,0.15,Matches,569525cd
804,Jay Robinson,eng ENG,MFFW,Southampton,17,2007,18,17,1503,16.7,7,3,10,7,0,0,5,0,0.42,0.18,0.60,0.42,0.60,Matches,2a616c85
805,Josh Robinson,eng ENG,DF,Arsenal,19,2004,10,8,696,7.7,1,1,2,1,0,0,1,0,0.13,0.13,0.26,0.13,0.26,Matches,5260ea6b
806,Junior Robinson,eng ENG,MFDF,West Ham,20,2004,12,9,858,9.5,0,1,1,0,0,0,5,1,0.00,0.10,0.10,0.00,0.10,Matches,ecb01ccb
807,Keilen Robinson,eng ENG,DF,Derby County,18,2005,15,14,1294,14.4,0,0,0,0,0,0,2,0,0.00,0.00,0.00,0.00,0.00,Matches,5eb9ea18
808,Max Robson,eng ENG,DFMF,Tottenham,21,2002,14,11,1031,11.5,1,1,2,1,0,0,3,0,0.09,0.09,0.17,0.09,0.17,Matches,e498c8b0
809,Kaden Rodney,eng ENG,MFDF,Crystal Palace,19,2004,16,12,1049,11.7,0,0,0,0,0,0,3,0,0.00,0.00,0.00,0.00,0.00,Matches,49375cdd
810,Jake Rooney,eng ENG,DF,Derby County,20,2003,6,6,539,6.0,0,0,0,0,0,0,0,0,0.00,0.00,0.00,0.00,0.00,Matches,9842b4b1
811,Michal Rosiak,pl POL,DFMF,Arsenal,18,2005,17,17,1507,16.7,6,1,7,6,0,0,4,0,0.36,0.06,0.42,0.36,0.42,Matches,dbd6a18f
812,Tommy Rowe,eng ENG,MFDF,Manchester Utd,35,1988,14,9,855,9.5,0,0,0,0,0,0,3,0,0.00,0.00,0.00,0.00,0.00,Matches,607c1e45
813,Triston Rowe,eng ENG,DFMF,Aston Villa,18,2006,17,15,1401,15.6,1,1,2,1,0,0,2,0,0.06,0.06,0.13,0.06,0.13,Matches,3fcc22d5
814,Matt Rowley,eng ENG,GK,Reading FC,20,2004,3,3,270,3.0,0,0,0,0,0,0,0,0,0.00,0.00,0.00,0.00,0.00,Matches,e1e9fb6a
815,James Rowswell,eng ENG,DF,Tottenham,18,2006,8,3,304,3.4,0,0,0,0,0,0,2,0,0.00,0.00,0.00,0.00,0.00,Matches,419147f7
816,Tivonge Rushesha,wls WAL,MF,Reading FC,22,2002,2,2,176,2.0,0,1,1,0,0,0,0,0,0.00,0.51,0.51,0.00,0.51,Matches,6be423e1
817,Reiss Russell-Denny,eng ENG,MF,Tottenham,18,2006,7,7,569,6.3,1,3,4,1,0,0,0,0,0.16,0.47,0.63,0.16,0.63,Matches,02df5272
818,Reiss Russell-Denny,eng ENG,MF,Chelsea,18,2006,9,4,325,3.6,3,0,3,3,0,0,0,0,0.83,0.00,0.83,0.83,0.83,Matches,02df5272
819,Nazariy Rusyn,ua UKR,FW,Sunderland,25,1998,1,1,90,1.0,1,0,1,1,0,0,0,0,1.00,0.00,1.00,1.00,1.00,Matches,dab75831
820,Tyler Sackey,,MF,Reading FC,,,14,14,1114,12.4,2,0,2,2,0,0,3,0,0.16,0.00,0.16,0.16,0.16,Matches,f8455eef
821,Charles Sagoe Jr,eng ENG,MFFW,Arsenal,20,2004,4,2,227,2.5,1,2,3,1,0,0,0,0,0.40,0.79,1.19,0.40,1.19,Matches,187ab096
822,Marli Salmon,eng ENG,DF,Arsenal,14,2009,5,5,450,5.0,0,0,0,0,0,0,2,0,0.00,0.00,0.00,0.00,0.00,Matches,3dabb62e
823,Lakyle Samuel,eng ENG,DF,Manchester City,18,2006,19,18,1647,18.3,1,1,2,1,0,0,2,1,0.05,0.05,0.11,0.05,0.11,Matches,411d7d6b
824,Imari Samuels,eng ENG,DF,Brighton,21,2003,4,4,337,3.7,0,0,0,0,0,0,2,1,0.00,0.00,0.00,0.00,0.00,Matches,8218e831
825,Oliver Samuels,eng ENG,DF,Middlesbrough,18,2005,14,13,1174,13.0,0,0,0,0,0,0,5,0,0.00,0.00,0.00,0.00,0.00,Matches,49d923be
826,Ishé Samuels-Smith,eng ENG,DF,Chelsea,18,2006,18,18,1531,17.0,2,2,4,2,0,0,2,0,0.12,0.12,0.24,0.12,0.24,Matches,da95fde0
827,Odin Samuels-Smith,jm JAM,DFMF,Everton,18,2006,20,14,1325,14.7,0,1,1,0,0,0,2,0,0.00,0.07,0.07,0.00,0.07,Matches,9b3bb031
828,Trevan Sanusi,eng ENG,FW,Newcastle,17,2007,9,9,707,7.9,0,0,0,0,0,0,2,0,0.00,0.00,0.00,0.00,0.00,Matches,7cefbace
829,James Scanlon,gi GIB,MFFW,Manchester Utd,17,2006,8,6,538,6.0,2,0,2,2,0,0,0,0,0.33,0.00,0.33,0.33,0.33,Matches,b15811c7
830,Oliver Scarles,eng ENG,MFFW,West Ham,18,2005,7,6,561,6.2,3,1,4,3,0,0,2,0,0.48,0.16,0.64,0.48,0.64,Matches,242e5e6d
831,Joshua van Schoor,eng ENG,DF,Everton,17,2006,5,1,180,2.0,0,0,0,0,0,0,1,0,0.00,0.00,0.00,0.00,0.00,Matches,ce306417
832,Felix Scott,,MF,Sunderland,,,3,1,134,1.5,3,0,3,3,0,0,0,0,2.01,0.00,2.01,2.01,2.01,Matches,a1e47882
833,La'Sean Sealey,eng ENG,FW,Norwich City,17,2006,3,0,56,0.6,0,0,0,0,0,0,0,0,0.00,0.00,0.00,0.00,0.00,Matches,97d19446
834,Jenson Seelt,nl NED,DF,Sunderland,21,2003,2,2,161,1.8,0,0,0,0,0,0,0,0,0.00,0.00,0.00,0.00,0.00,Matches,ec75ee25
835,Kristian Sekularac,ch SUI,MF,Fulham,20,2003,13,13,1121,12.5,9,0,9,9,0,1,1,0,0.72,0.00,0.72,0.72,0.72,Matches,e20a28ce
836,Luis Semedo,pt POR,FW,Sunderland,20,2003,2,2,180,2.0,0,0,0,0,0,0,0,0,0.00,0.00,0.00,0.00,0.00,Matches,95a98690
837,Nélson Semedo,pt POR,DF,Wolves,30,1993,1,1,75,0.8,0,0,0,0,0,0,0,0,0.00,0.00,0.00,0.00,0.00,Matches,d04b94db
838,Jack Senga-Ngoyi,be BEL,MF,Reading FC,20,2004,19,15,1349,15.0,1,1,2,1,0,0,4,0,0.07,0.07,0.13,0.07,0.13,Matches,f65eb904
839,Jayden Sergeant,,FW,Blackburn,,,1,0,17,0.2,0,0,0,0,0,0,0,0,0.00,0.00,0.00,0.00,0.00,Matches,1a849739
840,Guilherme Serrão,pt POR,DF,Norwich City,20,2003,1,1,90,1.0,0,0,0,0,0,0,1,0,0.00,0.00,0.00,0.00,0.00,Matches,05c43608
841,Moses Sesay,eng ENG,MFDF,Southampton,17,2007,13,8,831,9.2,2,3,5,2,0,0,0,0,0.22,0.32,0.54,0.22,0.54,Matches,d0e1f82a
842,Tommy Setford,eng ENG,GK,Arsenal,18,2006,4,4,360,4.0,0,0,0,0,0,0,1,0,0.00,0.00,0.00,0.00,0.00,Matches,d1a2e006
843,Leo Shahar,eng ENG,DF,Newcastle,17,2007,13,12,1018,11.3,1,1,2,1,0,0,0,0,0.09,0.09,0.18,0.09,0.18,Matches,5536f008
844,Malachi Sharpe,sct SCO,MFFW,Manchester Utd,18,2005,13,11,928,10.3,4,4,8,4,0,0,2,0,0.39,0.39,0.78,0.39,0.78,Matches,1988af70
845,Josh Shattell,eng ENG,GK,Derby County,18,2005,1,0,36,0.4,0,0,0,0,0,0,0,0,0.00,0.00,0.00,0.00,0.00,Matches,62d4cbe9
846,Josh Shaw,eng ENG,DFMF,West Brom,20,2003,9,8,625,6.9,0,0,0,0,0,0,2,0,0.00,0.00,0.00,0.00,0.00,Matches,cab0c393
847,Joe Sheridan,eng ENG,DF,Crystal Palace,20,2003,3,3,270,3.0,0,0,0,0,0,0,1,0,0.00,0.00,0.00,0.00,0.00,Matches,67dc9601
848,Martin Sherif,nl NED,FW,Everton,18,2006,12,10,721,8.0,4,0,4,3,1,1,0,0,0.50,0.00,0.50,0.37,0.37,Matches,74c0903d
849,Lewis Shipley,eng ENG,DF,Norwich City,20,2003,7,7,555,6.2,1,0,1,1,0,0,1,1,0.16,0.00,0.16,0.16,0.16,Matches,2f1ec312
850,Sol Sidibé,eng ENG,MF,Stoke City,17,2007,1,1,90,1.0,0,0,0,0,0,0,1,0,0.00,0.00,0.00,0.00,0.00,Matches,e765162e
851,Zain Silcott-Duberry,ms MSR,MF,Chelsea,19,2005,2,0,35,0.4,0,0,0,0,0,0,0,0,0.00,0.00,0.00,0.00,0.00,Matches,2f5fa231
852,Tyler Silsby,eng ENG,FW,Brighton,16,2008,2,0,41,0.5,0,0,0,0,0,0,0,0,0.00,0.00,0.00,0.00,0.00,Matches,a8aa2acb
853,Eric da Silva Moreira,de GER,MFDF,Nottingham,18,2006,2,2,158,1.8,0,1,1,0,0,0,1,0,0.00,0.57,0.57,0.00,0.57,Matches,0a4f579a
854,Khalid Simmo,eng ENG,MF,Stoke City,,,1,1,77,0.9,0,0,0,0,0,0,0,0,0.00,0.00,0.00,0.00,0.00,Matches,2a1373ef
855,Freddie Simmonds,eng ENG,DF,Brighton,16,2008,17,13,1280,14.2,1,0,1,1,0,0,4,0,0.07,0.00,0.07,0.07,0.07,Matches,c1a271b9
856,Elton Simo,eng ENG,MF,Leeds United,16,2008,1,0,5,0.1,0,0,0,0,0,0,0,0,0.00,0.00,0.00,0.00,0.00,Matches,da7fb030
857,Kamarai Simon-Swyer,eng ENG,MFFW,West Ham,21,2002,20,19,1730,19.2,5,5,10,5,0,0,2,0,0.26,0.26,0.52,0.26,0.52,Matches,bfdf171d
858,Ewan Simpson,sct SCO,MF,Aston Villa,18,2006,1,0,9,0.1,0,0,0,0,0,0,0,0,0.00,0.00,0.00,0.00,0.00,Matches,7418f86b
859,Nathan Simpson,eng ENG,DFMF,Middlesbrough,20,2004,12,10,931,10.3,0,0,0,0,0,0,0,0,0.00,0.00,0.00,0.00,0.00,Matches,4fb8b1f2
860,Jahmai Simpson-Pusey,eng ENG,DF,Manchester City,18,2005,15,15,1350,15.0,2,1,3,2,0,0,3,0,0.13,0.07,0.20,0.13,0.20,Matches,383b10fd
861,Jimmy Sinclair,eng ENG,MFDF,Nottingham,17,2006,20,18,1567,17.4,5,2,7,5,0,0,0,0,0.29,0.11,0.40,0.29,0.40,Matches,7e118f84
862,Bradley Slade,eng ENG,DF,Fulham,17,2007,3,3,270,3.0,0,0,0,0,0,0,0,0,0.00,0.00,0.00,0.00,0.00,Matches,50ef20ca
863,Jacob Slater,ie IRL,DF,Brighton,19,2004,14,12,1089,12.1,0,1,1,0,0,0,1,0,0.00,0.08,0.08,0.00,0.08,Matches,a4a51de9
864,Kerr Smith,sct SCO,DF,Aston Villa,19,2004,6,6,525,5.8,0,0,0,0,0,0,2,0,0.00,0.00,0.00,0.00,0.00,Matches,a8e35a4f
865,Kiyan Smith,,MF,Reading FC,,,2,0,34,0.4,0,0,0,0,0,0,0,0,0.00,0.00,0.00,0.00,0.00,Matches,2e8e3631
866,William Smith,eng ENG,MFFW,Stoke City,18,2005,9,8,681,7.6,0,0,0,0,0,0,4,0,0.00,0.00,0.00,0.00,0.00,Matches,aee1324c
867,Joseph Snowdon,eng ENG,MF,Leeds United,20,2004,3,3,217,2.4,0,1,1,0,0,1,1,0,0.00,0.41,0.41,0.00,0.41,Matches,b34e93aa
868,Jude Soonsup-Bell,th THA,FW,Tottenham,20,2004,1,1,90,1.0,0,0,0,0,0,0,0,0,0.00,0.00,0.00,0.00,0.00,Matches,e9619634
869,Kai Source,,DF,Reading FC,,,10,6,563,6.3,0,0,0,0,0,0,2,0,0.00,0.00,0.00,0.00,0.00,Matches,38f19c5c
870,Jay Spearing,eng ENG,MF,Liverpool,35,1988,2,1,63,0.7,0,0,0,0,0,0,0,0,0.00,0.00,0.00,0.00,0.00,Matches,f26579f5
871,Morten Spencer,no NOR,MF,Derby County,20,2004,6,3,215,2.4,0,0,0,0,0,0,0,0,0.00,0.00,0.00,0.00,0.00,Matches,f26bcba1
872,Shay Spencer,,MF,Reading FC,,,10,9,766,8.5,0,0,0,0,0,0,0,0,0.00,0.00,0.00,0.00,0.00,Matches,171df959
873,Tony Springett,ie IRL,FW,Norwich City,21,2002,1,1,70,0.8,0,0,0,0,0,0,0,0,0.00,0.00,0.00,0.00,0.00,Matches,35be8087
874,T'Shay St Louis,,MF,Reading FC,,,2,0,18,0.2,0,0,0,0,0,0,0,0,0.00,0.00,0.00,0.00,0.00,Matches,0b8fb35b
875,Ellis Stanton,eng ENG,MFDF,Newcastle,19,2005,13,5,557,6.2,1,0,1,1,0,0,1,0,0.16,0.00,0.16,0.16,0.16,Matches,a08e5c69
876,Jason Steele,eng ENG,GK,Brighton,33,1990,1,1,90,1.0,0,0,0,0,0,0,0,0,0.00,0.00,0.00,0.00,0.00,Matches,28300a16
877,Ross Stewart,sct SCO,FW,Southampton,28,1996,1,1,45,0.5,0,0,0,0,0,0,0,0,0.00,0.00,0.00,0.00,0.00,Matches,18986367
878,Michael Stickland,eng ENG,DF,Reading FC,21,2002,14,14,1247,13.9,0,0,0,0,0,0,3,0,0.00,0.00,0.00,0.00,0.00,Matches,dfe059f0
879,Jakub Stolarczyk,pl POL,GK,Leicester City,23,2000,1,1,90,1.0,0,0,0,0,0,0,0,0,0.00,0.00,0.00,0.00,0.00,Matches,a4a76b3d
880,Jack Stott,eng ENG,MF,Middlesbrough,20,2003,15,15,1329,14.8,1,1,2,0,1,1,4,0,0.07,0.07,0.14,0.00,0.07,Matches,dbda0810
881,Zack Stritch,eng ENG,MF,Blackburn,18,2005,17,11,1017,11.3,3,1,4,3,0,0,1,0,0.27,0.09,0.35,0.27,0.35,Matches,b3fb8fc6
882,Zak Sturge,eng ENG,MFDF,Chelsea,20,2004,4,3,237,2.6,0,0,0,0,0,0,0,0,0.00,0.00,0.00,0.00,0.00,Matches,1095aec1
883,Ronnie Stutter,eng ENG,MFFW,Chelsea,19,2005,10,6,599,6.7,1,2,3,1,0,0,0,0,0.15,0.30,0.45,0.15,0.45,Matches,e3f9e68a
884,Callum Styles,hu HUN,FW,West Brom,24,2000,1,1,58,0.6,0,0,0,0,0,0,1,0,0.00,0.00,0.00,0.00,0.00,Matches,e96d5560
885,Eseosa Sule,sct SCO,FW,West Brom,18,2006,18,13,1174,13.0,8,2,10,8,0,1,1,0,0.61,0.15,0.77,0.61,0.77,Matches,73578107
886,Ethan Sutherland,sct SCO,MFDF,Wolves,18,2006,13,11,988,11.0,1,2,3,1,0,0,1,0,0.09,0.18,0.27,0.09,0.27,Matches,a7abd792
887,Will Sweet,eng ENG,DF,Arsenal,17,2006,8,8,720,8.0,2,0,2,2,0,0,1,0,0.25,0.00,0.25,0.25,0.25,Matches,a7d2c3e2
888,Sil Swinkels,nl NED,DF,Aston Villa,20,2004,5,5,405,4.5,0,0,0,0,0,0,2,0,0.00,0.00,0.00,0.00,0.00,Matches,a42f6058
889,Cain Sykes,eng ENG,DF,Middlesbrough,21,2002,4,3,246,2.7,0,0,0,0,0,0,1,0,0.00,0.00,0.00,0.00,0.00,Matches,864a47b4
890,Samuel Tabares,eng ENG,DF,Southampton,17,2006,5,2,277,3.1,0,0,0,0,0,0,1,0,0.00,0.00,0.00,0.00,0.00,Matches,851065a6
891,Samuel Tabares,eng ENG,DF,Fulham,17,2006,1,0,23,0.3,0,0,0,0,0,0,0,0,0.00,0.00,0.00,0.00,0.00,Matches,851065a6
892,William Tamen,eng ENG,DF,Everton,18,2006,8,8,649,7.2,0,0,0,0,0,0,1,0,0.00,0.00,0.00,0.00,0.00,Matches,2db16be2
893,Devan Tanton,co COL,DF,Fulham,20,2004,3,3,244,2.7,0,1,1,0,0,0,0,0,0.00,0.37,0.37,0.00,0.37,Matches,3c256bb1
894,Matt Targett,eng ENG,DF,Newcastle,28,1995,2,2,104,1.2,0,1,1,0,0,0,0,0,0.00,0.87,0.87,0.00,0.87,Matches,e514ab62
895,Sean Tarima,eng ENG,DF,West Ham,19,2004,8,3,384,4.3,0,0,0,0,0,0,2,0,0.00,0.00,0.00,0.00,0.00,Matches,e04cde81
896,Charlie Tasker,eng ENG,DF,Brighton,18,2006,12,9,797,8.9,1,0,1,1,0,0,0,0,0.11,0.00,0.11,0.11,0.11,Matches,c155dd7d
897,Charlie Taylor,eng ENG,DF,Southampton,30,1993,1,1,45,0.5,0,0,0,0,0,0,0,0,0.00,0.00,0.00,0.00,0.00,Matches,cc2d7ad5
898,Dale Taylor,nir NIR,FW,Nottingham,20,2003,2,2,180,2.0,1,1,2,1,0,0,1,0,0.50,0.50,1.00,0.50,1.00,Matches,d5094280
899,James Taylor,eng ENG,GK,Newcastle,18,2006,5,5,450,5.0,0,0,0,0,0,0,0,0,0.00,0.00,0.00,0.00,0.00,Matches,0aec50bd
900,Kane Taylor,eng ENG,DFMF,Aston Villa,19,2005,17,14,1316,14.6,2,1,3,1,1,1,2,0,0.14,0.07,0.21,0.07,0.14,Matches,988f3a15
901,Judah Tewiah,,DF,Middlesbrough,,,8,4,332,3.7,1,0,1,1,0,0,0,0,0.27,0.00,0.27,0.27,0.27,Matches,5a97b28c
902,Emre Tezgel,eng ENG,FWMF,Stoke City,18,2005,5,5,450,5.0,11,0,11,9,2,2,3,0,2.20,0.00,2.20,1.80,1.80,Matches,f8ae30b2
903,Oscar Thomas Abbotson,wls WAL,GK,Southampton,15,2009,2,2,180,2.0,0,0,0,0,0,0,0,0,0.00,0.00,0.00,0.00,0.00,Matches,00669273
904,Aled Thomas,wls WAL,DF,Everton,17,2006,15,15,1265,14.1,3,2,5,3,0,0,1,0,0.21,0.14,0.36,0.21,0.36,Matches,19199972
905,Luca Thomas,eng ENG,FW,Leeds United,19,2004,5,5,449,5.0,6,1,7,3,3,4,1,0,1.20,0.20,1.40,0.60,0.80,Matches,273815fa
906,Rhys Thomas,wls WAL,MF,Manchester City,17,2006,2,1,135,1.5,0,0,0,0,0,0,0,0,0.00,0.00,0.00,0.00,0.00,Matches,e1031168
907,Ciaran Thompson,eng ENG,DF,Newcastle,19,2004,15,15,1341,14.9,0,1,1,0,0,0,0,0,0.00,0.07,0.07,0.00,0.07,Matches,0a951b0e
908,Jack Thompson,eng ENG,DF,Nottingham,19,2005,18,13,1228,13.6,0,1,1,0,0,0,3,0,0.00,0.07,0.07,0.00,0.07,Matches,c1653237
909,Jack Thompson,eng ENG,GK,Derby County,17,2006,7,7,594,6.6,0,0,0,0,0,0,1,0,0.00,0.00,0.00,0.00,0.00,Matches,35c6f024
910,Max Thompson,eng ENG,GK,Newcastle,19,2004,1,1,90,1.0,0,0,0,0,0,0,0,0,0.00,0.00,0.00,0.00,0.00,Matches,6569d1d8
911,Jim Thwaites,eng ENG,MF,Manchester Utd,16,2007,2,1,82,0.9,0,0,0,0,0,0,0,0,0.00,0.00,0.00,0.00,0.00,Matches,1b212310
912,Jack Tierney,eng ENG,DF,Everton,19,2005,4,3,315,3.5,0,0,0,0,0,0,0,0,0.00,0.00,0.00,0.00,0.00,Matches,f8c6a111
913,Nile Timson,,DF,Aston Villa,,,1,0,23,0.3,0,0,0,0,0,0,1,0,0.00,0.00,0.00,0.00,0.00,Matches,55f2eddf
914,Marsel Tola,,MF,Derby County,,,2,1,120,1.3,0,0,0,0,0,0,0,0,0.00,0.00,0.00,0.00,0.00,Matches,c7e5ebf5
915,Jonathan Tomkinson,us USA,DF,Norwich City,22,2002,9,9,810,9.0,0,0,0,0,0,0,2,0,0.00,0.00,0.00,0.00,0.00,Matches,4ba27cea
916,Balázs Tóth,hu HUN,GK,Blackburn,26,1997,1,1,90,1.0,0,0,0,0,0,0,0,0,0.00,0.00,0.00,0.00,0.00,Matches,e6eb693d
917,Daniel Toulson,eng ENG,MFDF,Leeds United,18,2005,10,7,651,7.2,0,0,0,0,0,0,2,0,0.00,0.00,0.00,0.00,0.00,Matches,77539fd4
918,Boubacar Traoré,ml MLI,MF,Wolves,22,2001,2,2,77,0.9,0,0,0,0,0,0,0,0,0.00,0.00,0.00,0.00,0.00,Matches,999ceb5f
919,Yacouba Traore,eng ENG,DFMF,Middlesbrough,19,2004,6,3,297,3.3,0,0,0,0,0,0,1,0,0.00,0.00,0.00,0.00,0.00,Matches,c332dfe1
920,Nectarios Triantis,gr GRE,MF,Sunderland,21,2003,1,1,32,0.4,0,0,0,0,0,0,0,0,0.00,0.00,0.00,0.00,0.00,Matches,73d58203
921,Kieran Trippier,eng ENG,DF,Newcastle,33,1990,1,1,45,0.5,0,0,0,0,0,0,0,0,0.00,0.00,0.00,0.00,0.00,Matches,21512407
922,Basil Tuma,mt MLT,MFFW,Reading FC,18,2006,6,5,466,5.2,2,1,3,2,0,0,0,0,0.39,0.19,0.58,0.39,0.58,Matches,ba21f636
923,Freddie Turley,ie IRL,MFDF,Derby County,18,2006,18,16,1258,14.0,0,0,0,0,0,0,5,0,0.00,0.00,0.00,0.00,0.00,Matches,4fb3405d
924,Jay Turner-Cooke,eng ENG,MFFW,Newcastle,20,2003,18,14,1341,14.9,5,2,7,3,2,2,5,0,0.34,0.13,0.47,0.20,0.34,Matches,794b60b6
925,Ed Turns,wls WAL,DF,Brighton,21,2002,6,6,501,5.6,0,0,0,0,0,0,3,0,0.00,0.00,0.00,0.00,0.00,Matches,9bbef03e
926,Timur Tuterov,ua UKR,MFFW,Sunderland,19,2005,11,8,721,8.0,4,1,5,4,0,0,1,0,0.50,0.12,0.62,0.50,0.62,Matches,7ba5d93b
927,Igor Tyjon,eng ENG,MFFW,Blackburn,16,2008,7,5,470,5.2,4,0,4,4,0,0,3,0,0.77,0.00,0.77,0.77,0.77,Matches,f4a2077a
928,Victor Udoh,ng NGA,FW,Southampton,19,2004,5,4,285,3.2,2,0,2,2,0,0,0,0,0.63,0.00,0.63,0.63,0.63,Matches,59282461
929,Franco Umeh-Chibueze,ie IRL,MFFW,Crystal Palace,19,2005,11,10,725,8.1,3,0,3,3,0,0,1,0,0.37,0.00,0.37,0.37,0.37,Matches,8e526344
930,Jemiah Umolu,eng ENG,FW,Crystal Palace,18,2005,10,8,744,8.3,9,0,9,9,0,0,1,0,1.09,0.00,1.09,1.09,1.09,Matches,b8ef2272
931,Marco Underwood,eng ENG,GK,Fulham,18,2006,4,4,360,4.0,0,0,0,0,0,0,0,0,0.00,0.00,0.00,0.00,0.00,Matches,0af6481a
932,Harvey Vale,ie IRL,MF,Chelsea,20,2003,7,7,630,7.0,3,5,8,3,0,0,1,0,0.43,0.71,1.14,0.43,1.14,Matches,a70182a5
933,Frank Vare,eng ENG,MF,Blackburn,16,2007,1,0,29,0.3,0,0,0,0,0,0,0,0,0.00,0.00,0.00,0.00,0.00,Matches,06462265
934,Tommy Ventura,eng ENG,DF,Southampton,17,2006,1,1,90,1.0,0,0,0,0,0,0,0,0,0.00,0.00,0.00,0.00,0.00,Matches,1b833e22
935,Caylan Vickers,eng ENG,FWMF,Brighton,19,2004,12,11,999,11.1,4,2,6,4,0,0,0,0,0.36,0.18,0.54,0.36,0.54,Matches,14c0268f
936,Jacob Vickers,,DF,Brighton,,,3,2,182,2.0,0,0,0,0,0,0,1,0,0.00,0.00,0.00,0.00,0.00,Matches,79fcb97a
937,André Vidigal,ao ANG,MFFW,Stoke City,25,1998,4,4,314,3.5,2,1,3,2,0,0,1,0,0.57,0.29,0.86,0.57,0.86,Matches,3f332394
938,Harvey Vincent,eng ENG,MFFW,Leeds United,17,2007,14,9,824,9.2,0,0,0,0,0,0,0,0,0.00,0.00,0.00,0.00,0.00,Matches,6b9edb97
939,Caden Voice,eng ENG,DF,Wolves,17,2006,15,11,998,11.1,2,1,3,2,0,0,1,0,0.18,0.09,0.27,0.18,0.27,Matches,61546807
940,Adriel Walker,eng ENG,MF,West Brom,18,2005,6,1,115,1.3,0,1,1,0,0,0,0,0,0.00,0.78,0.78,0.00,0.78,Matches,b54f0cd0
941,Adriel Walker,eng ENG,FW,Stoke City,18,2005,5,4,275,3.1,0,0,0,0,0,0,0,0,0.00,0.00,0.00,0.00,0.00,Matches,b54f0cd0
942,Joe Wallis,nz NZL,GK,West Brom,19,2005,6,6,540,6.0,0,0,0,0,0,0,0,0,0.00,0.00,0.00,0.00,0.00,Matches,05f301ff
943,Reggie Walsh,eng ENG,MF,Chelsea,15,2008,2,0,25,0.3,0,0,0,0,0,0,0,0,0.00,0.00,0.00,0.00,0.00,Matches,92908848
944,Rhys Walsh,nir NIR,MFFW,Sunderland,18,2006,14,10,878,9.8,1,3,4,1,0,0,2,0,0.10,0.31,0.41,0.10,0.41,Matches,109af6be
945,Joe Ward,eng ENG,DF,Derby County,28,1995,1,1,75,0.8,0,0,0,0,0,0,0,0,0.00,0.00,0.00,0.00,0.00,Matches,22f621af
946,Matthew Warhurst,eng ENG,FW,Manchester City,17,2006,3,0,64,0.7,2,0,2,2,0,0,0,0,2.81,0.00,2.81,2.81,2.81,Matches,9bfcb15a
947,Jaden Warner,eng ENG,DF,Norwich City,21,2002,8,8,659,7.3,0,0,0,0,0,0,0,0,0.00,0.00,0.00,0.00,0.00,Matches,11e3b2ee
948,Conor Washington,nir NIR,FWMF,Derby County,32,1992,4,4,244,2.7,1,1,2,1,0,0,0,0,0.37,0.37,0.74,0.37,0.74,Matches,a20986b6
949,Deivid Washington,br BRA,MFFW,Chelsea,19,2005,5,2,240,2.7,4,1,5,4,0,0,0,0,1.50,0.37,1.87,1.50,1.87,Matches,95bd120d
950,Marcell Washington,eng ENG,DF,Arsenal,16,2007,6,5,407,4.5,0,0,0,0,0,0,0,0,0.00,0.00,0.00,0.00,0.00,Matches,f4195ddd
951,Jake Waters,eng ENG,FW,Sunderland,18,2006,1,0,3,0.0,0,0,0,0,0,0,0,0,0.00,0.00,0.00,0.00,0.00,Matches,b848a7f5
952,Tom Watson,eng ENG,MFFW,Sunderland,18,2006,6,6,513,5.7,5,3,8,5,0,0,0,0,0.88,0.53,1.40,0.88,1.40,Matches,9886c32e
953,Harvey Watts,eng ENG,FW,Stoke City,18,2006,5,2,154,1.7,0,0,0,0,0,0,0,0,0.00,0.00,0.00,0.00,0.00,Matches,64826696
954,Logan Watts,eng ENG,DF,Newcastle,17,2007,2,1,105,1.2,0,0,0,0,0,0,0,0,0.00,0.00,0.00,0.00,0.00,Matches,91c040e6
955,Finley Welch,eng ENG,MFFW,Norwich City,19,2004,6,6,540,6.0,3,1,4,3,0,0,1,0,0.50,0.17,0.67,0.50,0.67,Matches,0e5b23db
956,Reece Welch,eng ENG,DF,Everton,20,2003,12,12,1080,12.0,1,1,2,1,0,0,2,0,0.08,0.08,0.17,0.08,0.17,Matches,a182122b
957,Welington,br BRA,DF,Southampton,23,2001,1,1,45,0.5,0,0,0,0,0,0,0,0,0.00,0.00,0.00,0.00,0.00,Matches,a7f95b1f
958,Charlie Wellens,eng ENG,MF,Reading FC,21,2002,14,13,1118,12.4,1,1,2,1,0,0,0,0,0.08,0.08,0.16,0.08,0.16,Matches,deaaf449
959,Jack Wells-Morrison,eng ENG,MF,Crystal Palace,20,2004,5,4,392,4.4,0,0,0,0,0,0,1,0,0.00,0.00,0.00,0.00,0.00,Matches,a71ebcc8
960,Aidan West,,FW,Brighton,,,3,1,134,1.5,0,0,0,0,0,0,0,0,0.00,0.00,0.00,0.00,0.00,Matches,47a35e34
961,Oliver Whatmuff,eng ENG,GK,Manchester City,16,2007,8,8,720,8.0,0,0,0,0,0,0,2,0,0.00,0.00,0.00,0.00,0.00,Matches,54253f35
962,Ethan Wheatley,eng ENG,FW,Manchester Utd,18,2006,9,7,701,7.8,6,0,6,6,0,1,3,0,0.77,0.00,0.77,0.77,0.77,Matches,5c368c88
963,Lennon Wheeldon,eng ENG,FWMF,Derby County,17,2006,12,11,981,10.9,6,0,6,6,0,0,1,0,0.55,0.00,0.55,0.55,0.55,Matches,db5373f7
964,Charlie Whitaker,eng ENG,MFFW,Everton,20,2003,9,8,670,7.4,7,0,7,5,2,2,2,1,0.94,0.00,0.94,0.67,0.67,Matches,08288a57
965,Alfie White,eng ENG,MFDF,Wolves,17,2007,9,3,429,4.8,0,1,1,0,0,0,0,0,0.00,0.21,0.21,0.00,0.21,Matches,f277873a
966,Archie Whitehall,eng ENG,MF,Nottingham,18,2006,5,0,62,0.7,0,0,0,0,0,0,0,0,0.00,0.00,0.00,0.00,0.00,Matches,b7ceda3e
967,Isaac Whitehall,eng ENG,MFDF,Blackburn,22,2002,2,2,134,1.5,0,0,0,0,0,0,0,0,0.00,0.00,0.00,0.00,0.00,Matches,294f2af7
968,Jack Whittaker,eng ENG,MFFW,Sunderland,17,2006,8,6,560,6.2,0,2,2,0,0,0,0,0,0.00,0.32,0.32,0.00,0.32,Matches,33ea39be
969,Matthew Whittingham,eng ENG,MF,Wolves,19,2004,16,12,1134,12.6,0,1,1,0,0,0,2,1,0.00,0.08,0.08,0.00,0.08,Matches,cd84f0e3
970,Harry Whitwell,eng ENG,MFFW,West Brom,18,2005,17,17,1466,16.3,8,3,11,6,2,2,3,0,0.49,0.18,0.68,0.37,0.55,Matches,df554821
971,Gabriel Willhoft-King,eng ENG,MF,Manchester City,18,2006,1,0,10,0.1,0,0,0,0,0,0,0,0,0.00,0.00,0.00,0.00,0.00,Matches,a84a0f4b
972,Alex Williams,wls WAL,MFDF,West Brom,19,2005,13,11,1044,11.6,1,2,3,1,0,0,4,0,0.09,0.17,0.26,0.09,0.26,Matches,a41a876f
973,Barnaby Williams,,MF,Southampton,,,1,0,8,0.1,0,0,0,0,0,0,0,0,0.00,0.00,0.00,0.00,0.00,Matches,8ef8b3de
974,Ethan Williams,eng ENG,MFFW,Manchester Utd,18,2005,3,3,220,2.4,1,0,1,1,0,0,0,1,0.41,0.00,0.41,0.41,0.41,Matches,d8b9fc76
975,Jaden Williams,eng ENG,FWMF,Tottenham,19,2004,16,12,1081,12.0,5,0,5,5,0,0,5,0,0.42,0.00,0.42,0.42,0.42,Matches,3b5e5b64
976,Sebastian Williams,eng ENG,MF,Crystal Palace,17,2007,5,0,37,0.4,1,0,1,1,0,0,0,0,2.43,0.00,2.43,2.43,2.43,Matches,4ba209fd
977,Tyler Williams,eng ENG,DF,Norwich City,17,2006,4,2,250,2.8,0,0,0,0,0,0,0,0,0.00,0.00,0.00,0.00,0.00,Matches,a322bfde
978,Nathan Willis,,MF,Blackburn,,,1,0,29,0.3,0,0,0,0,0,0,0,0,0.00,0.00,0.00,0.00,0.00,Matches,87834c48
979,Pharrell Willis,eng ENG,MFFW,Middlesbrough,21,2003,4,3,245,2.7,1,1,2,1,0,0,1,0,0.37,0.37,0.73,0.37,0.73,Matches,926492d5
980,Keehan Willows,eng ENG,GK,Nottingham,18,2005,3,2,244,2.7,0,0,0,0,0,0,0,0,0.00,0.00,0.00,0.00,0.00,Matches,8d1baf38
981,Kieron Willox,sct SCO,MF,Stoke City,18,2006,8,2,248,2.8,0,0,0,0,0,0,2,0,0.00,0.00,0.00,0.00,0.00,Matches,bb0de511
982,Charlie Wilson,eng ENG,DF,Norwich City,19,2005,19,14,1334,14.8,0,0,0,0,0,0,0,1,0.00,0.00,0.00,0.00,0.00,Matches,5eed50cc
983,James Wilson,,DF,Middlesbrough,,,1,1,90,1.0,0,0,0,0,0,0,0,0,0.00,0.00,0.00,0.00,0.00,Matches,709361d2
984,Kaiden Wilson,eng ENG,DFMF,Chelsea,18,2005,12,10,853,9.5,1,0,1,1,0,0,3,0,0.11,0.00,0.11,0.11,0.11,Matches,a155966e
985,Rory Wilson,sct SCO,FW,Aston Villa,18,2006,5,4,331,3.7,2,0,2,1,1,1,2,0,0.54,0.00,0.54,0.27,0.27,Matches,f6659df9
986,Thomas Wilson-Brown,eng ENG,DF,Leicester City,19,2004,6,6,419,4.7,0,0,0,0,0,0,1,0,0.00,0.00,0.00,0.00,0.00,Matches,b495353c
987,Josh Wilson-Esbrand,eng ENG,DF,Manchester City,21,2002,4,4,286,3.2,1,2,3,1,0,0,0,0,0.31,0.63,0.94,0.31,0.94,Matches,c19a2df1
988,Tom Wingate,eng ENG,FW,Fulham,17,2006,2,0,12,0.1,0,0,0,0,0,0,0,0,0.00,0.00,0.00,0.00,0.00,Matches,1e783e52
989,Jack Wint,eng ENG,GK,Manchester City,17,2006,4,4,360,4.0,0,0,0,0,0,0,0,0,0.00,0.00,0.00,0.00,0.00,Matches,5891189d
990,Blake Wolsoncroft,,GK,Blackburn,,,1,0,46,0.5,0,0,0,0,0,0,0,0,0.00,0.00,0.00,0.00,0.00,Matches,09eecf6c
991,Harrison Wood,eng ENG,FW,Blackburn,19,2004,3,3,270,3.0,3,0,3,3,0,0,0,0,1.00,0.00,1.00,1.00,1.00,Matches,f2cac685
992,Nathan Wood-Gordon,eng ENG,DF,Southampton,22,2002,1,1,90,1.0,0,0,0,0,0,0,0,0,0.00,0.00,0.00,0.00,0.00,Matches,4ccf2d5b
993,McCartney Woodhouse,eng ENG,DF,Middlesbrough,15,2009,1,0,18,0.2,0,0,0,0,0,0,0,0,0.00,0.00,0.00,0.00,0.00,Matches,3fb43ad3
994,Luke Woolston,eng ENG,DFMF,Middlesbrough,19,2004,9,9,768,8.5,0,3,3,0,0,0,6,1,0.00,0.35,0.35,0.00,0.35,Matches,d4a37d73
995,Terrell Works,eng ENG,MFFW,Fulham,19,2004,20,18,1427,15.9,3,5,8,3,0,0,0,0,0.19,0.32,0.50,0.19,0.50,Matches,fc7dfdcf
996,Joe Wormleighton,eng ENG,DF,Leicester City,20,2003,12,6,688,7.6,0,0,0,0,0,0,4,0,0.00,0.00,0.00,0.00,0.00,Matches,59d2e6bb
997,Jacob Wright,eng ENG,MF,Manchester City,18,2005,11,11,938,10.4,3,5,8,2,1,1,4,1,0.29,0.48,0.77,0.19,0.67,Matches,b6db05c3
998,Jerry Yates,eng ENG,FW,Derby County,27,1996,1,1,90,1.0,0,0,0,0,0,0,0,0,0.00,0.00,0.00,0.00,0.00,Matches,637047f7
999,Andy Yiadom,gh GHA,DF,Reading FC,32,1991,3,2,180,2.0,0,0,0,0,0,0,0,0,0.00,0.00,0.00,0.00,0.00,Matches,be950e35
1000,Kadan Young,eng ENG,MFFW,Aston Villa,18,2006,9,9,628,7.0,0,2,2,0,0,0,1,0,0.00,0.29,0.29,0.00,0.29,Matches,91c75917
1001,Ranel Young,eng ENG,FW,Liverpool,18,2005,20,14,1217,13.5,3,3,6,3,0,0,0,0,0.22,0.22,0.44,0.22,0.44,Matches,0426b987
1002,Oliwier Zych,pl POL,GK,Aston Villa,20,2004,2,2,180,2.0,0,0,0,0,0,0,0,0,0.00,0.00,0.00,0.00,0.00,Matches,be18d79f