,,,,,,,Playing Time,Playing Time,Playing Time,Playing Time,Performance,Performance,Performance,Performance,Performance,Performance,Performance,Performance,Per 90 Minutes,Per 90 Minutes,Per 90 Minutes,Per 90 Minutes,Per 90 Minutes,,-additional
Rk,Player,Nation,Pos,Squad,Age,Born,MP,Starts,Min,90s,Gls,Ast,G+A,G-PK,PK,PKatt,CrdY,CrdR,Gls,Ast,G+A,G-PK,G+A-PK,Matches,-9999
1,Zach Abbott,eng ENG,DF,Nottingham,19,2006,9,9,810,9.0,0,0,0,0,0,0,2,0,0.00,0.00,0.00,0.00,0.00,Matches,c103921a
2,Ahmed Abdullahi,ng NGA,FW,Sunderland,21,2004,3,3,185,2.1,4,0,4,4,0,0,0,0,1.95,0.00,1.95,1.95,1.95,Matches,8073edf4
3,Ken Aboh,eng ENG,MFFW,Norwich City,20,2004,7,7,630,7.0,2,2,4,2,0,0,1,0,0.29,0.29,0.57,0.29,0.57,Matches,282cee33
4,Kelvin Abrefa,eng ENG,DF,Reading FC,21,2003,6,6,540,6.0,0,0,0,0,0,0,2,0,0.00,0.00,0.00,0.00,0.00,Matches,ceabce33
5,Abdul Abudu,,DF,West Brom,,,9,6,586,6.5,0,0,0,0,0,0,0,0,0.00,0.00,0.00,0.00,0.00,Matches,26e12e8b
6,Prince Acheampong,,MFDF,Middlesbrough,,,7,6,468,5.2,0,1,1,0,0,0,2,0,0.00,0.19,0.19,0.00,0.19,Matches,5d536c91
7,Tristan Achu,eng ENG,MFDF,Stoke City,16,2008,4,3,291,3.2,0,0,0,0,0,0,1,0,0.00,0.00,0.00,0.00,0.00,Matches,9967c088
8,Kai Adams-Collman,,DF,Crystal Palace,,,1,0,4,0.0,0,0,0,0,0,0,0,0,0.00,0.00,0.00,0.00,0.00,Matches,bcc34f5e
9,Afi Adebayo,ie IRL,MFFW,Ipswich Town,18,2007,7,3,245,2.7,2,0,2,2,0,0,0,0,0.73,0.00,0.73,0.73,0.73,Matches,9ba08dbd
10,Emmanuel Adegboyega,ie IRL,DF,Norwich City,21,2003,2,2,180,2.0,1,0,1,1,0,0,0,0,0.50,0.00,0.50,0.50,0.50,Matches,45dde494
11,Noah Adekoya,eng ENG,DF,Liverpool,18,2006,4,3,334,3.7,1,0,1,1,0,0,0,0,0.27,0.00,0.27,0.27,0.27,Matches,d2c3f844
12,Theodore Adelusi,eng ENG,DF,Norwich City,18,2007,18,18,1610,17.9,0,0,0,0,0,0,5,1,0.00,0.00,0.00,0.00,0.00,Matches,5b67854d
13,Miracle Adewole,eng ENG,DF,Tottenham,17,2007,2,0,44,0.5,0,0,0,0,0,0,0,0,0.00,0.00,0.00,0.00,0.00,Matches,1340d1b1
14,Emeka Adiele,,MFFW,West Ham,,,10,10,851,9.5,2,6,8,2,0,0,0,1,0.21,0.63,0.85,0.21,0.85,Matches,fb28e0ea
15,Hansel Afriyie,eng ENG,DF,Southampton,17,2008,10,8,609,6.8,0,0,0,0,0,0,2,0,0.00,0.00,0.00,0.00,0.00,Matches,8d9eb990
16,Asher Agbinone,eng ENG,MF,Crystal Palace,19,2005,9,6,528,5.9,1,1,2,1,0,0,0,0,0.17,0.17,0.34,0.17,0.34,Matches,6a10efb3
17,Sydney Agina,ke KEN,DF,Stoke City,17,2007,8,7,643,7.1,0,1,1,0,0,0,2,0,0.00,0.14,0.14,0.00,0.14,Matches,41d6cf4e
18,Demiane Agustien,nl NED,MF,Arsenal,18,2007,15,11,1010,11.2,4,0,4,4,0,0,4,0,0.36,0.00,0.36,0.36,0.36,Matches,2fa1d0f7
19,Enock Agyei,be BEL,MF,Burnley,20,2005,3,3,205,2.3,0,0,0,0,0,0,1,0,0.00,0.00,0.00,0.00,0.00,Matches,a1dd3b81
20,Naouirou Ahamada,fr FRA,MF,Crystal Palace,23,2002,2,2,155,1.7,1,0,1,1,0,0,0,0,0.58,0.00,0.58,0.58,0.58,Matches,a6c58494
21,Ashqar Ahmed,,DFMF,Reading FC,,,5,5,405,4.5,2,0,2,2,0,0,0,0,0.44,0.00,0.44,0.44,0.44,Matches,aa0e5f3f
22,Kareem Ahmed,eg EGY,FW,Liverpool,18,2007,4,0,50,0.6,0,0,0,0,0,0,0,0,0.00,0.00,0.00,0.00,0.00,Matches,7b534d58
23,Yusuf Ahmed,eng ENG,MFFW,Birmingham City,18,2007,10,9,748,8.3,0,1,1,0,0,0,5,0,0.00,0.12,0.12,0.00,0.12,Matches,10beb30b
24,Emmanuel Airoboma,eng ENG,DF,Liverpool,18,2007,2,0,12,0.1,0,0,0,0,0,0,0,0,0.00,0.00,0.00,0.00,0.00,Matches,e70229ff
25,Joshua Ajala,eng ENG,MFFW,West Ham,18,2006,14,13,1071,11.9,7,5,12,7,0,1,0,0,0.59,0.42,1.01,0.59,1.01,Matches,1efb5369
26,Noah Ajayi,de GER,FW,Manchester Utd,16,2008,1,0,29,0.3,0,0,0,0,0,0,0,0,0.00,0.00,0.00,0.00,0.00,Matches,cffaf63c
27,Romeo Akachukwu,ie IRL,MFFW,Southampton,19,2006,11,11,954,10.6,3,3,6,3,0,0,0,0,0.28,0.28,0.57,0.28,0.57,Matches,e964b8f3
28,Demi Akarakiri,eng ENG,MF,Everton,16,2008,10,7,615,6.8,2,0,2,2,0,0,1,0,0.29,0.00,0.29,0.29,0.29,Matches,a05dac22
29,Yusuf Akhamrich,eng ENG,MF,Tottenham,19,2005,9,9,806,9.0,2,2,4,2,0,0,2,0,0.22,0.22,0.45,0.22,0.45,Matches,e19dc888
30,Tyron Akpata,eng ENG,MFDF,West Ham,18,2006,14,7,667,7.4,1,0,1,1,0,0,1,0,0.13,0.00,0.13,0.13,0.13,Matches,e1bfc002
31,Adedamola Alabi,eng ENG,MF,Newcastle,16,2009,1,0,14,0.2,0,0,0,0,0,0,0,0,0.00,0.00,0.00,0.00,0.00,Matches,d5f1b74a
32,Zane Albarus,eng ENG,MFDF,Brighton,19,2005,7,5,409,4.5,0,0,0,0,0,0,2,0,0.00,0.00,0.00,0.00,0.00,Matches,128c81a4
33,Milan Aleksić,rs SRB,MF,Sunderland,19,2005,2,2,148,1.6,0,0,0,0,0,0,1,0,0.00,0.00,0.00,0.00,0.00,Matches,c79f7793
34,Ajibola Alese,eng ENG,DF,Sunderland,24,2001,2,2,106,1.2,0,0,0,0,0,0,0,0,0.00,0.00,0.00,0.00,0.00,Matches,182a8b9d
35,Max Alexander Bilac,si SVN,FW,Aston Villa,18,2007,3,1,175,1.9,0,0,0,0,0,0,0,0,0.00,0.00,0.00,0.00,0.00,Matches,628262bf
36,Mirsad Ali,eng ENG,DF,Leicester City,19,2006,19,19,1710,19.0,0,2,2,0,0,0,1,0,0.00,0.11,0.11,0.00,0.11,Matches,7c79cc59
37,Sonny Aljofree,eng ENG,DF,Manchester Utd,20,2004,9,9,764,8.5,0,0,0,0,0,0,1,0,0.00,0.00,0.00,0.00,0.00,Matches,bd44b52f
38,Samuel Alker,eng ENG,FW,Leeds United,16,2009,3,1,134,1.5,2,0,2,2,0,0,0,0,1.34,0.00,1.34,1.34,1.34,Matches,89858b55
39,Isaac Allan,,GK,Sunderland,,,7,7,621,6.9,0,0,0,0,0,0,3,1,0.00,0.00,0.00,0.00,0.00,Matches,c1237e20
40,Cruz Allen,wls WAL,MFFW,Derby County,18,2007,10,10,829,9.2,1,1,2,1,0,0,0,0,0.11,0.11,0.22,0.11,0.22,Matches,7a5b542a
41,Max Alleyne,eng ENG,DF,Manchester City,20,2005,2,2,180,2.0,0,0,0,0,0,0,1,0,0.00,0.00,0.00,0.00,0.00,Matches,defcfd32
42,Olabade Aluko,,DF,Leicester City,,,6,6,485,5.4,2,1,3,2,0,0,3,0,0.37,0.19,0.56,0.37,0.56,Matches,12bb637a
43,Bobby Amartey,eng ENG,DF,Leicester City,19,2006,12,11,976,10.8,1,2,3,1,0,0,2,0,0.09,0.18,0.28,0.09,0.28,Matches,7e188f3d
44,Harry Amass,eng ENG,DF,Manchester Utd,18,2007,1,1,90,1.0,0,0,0,0,0,0,0,0,0.00,0.00,0.00,0.00,0.00,Matches,7b47100c
45,Jaydon Amauri Banel,nl NED,MF,Burnley,20,2004,1,1,45,0.5,0,0,0,0,0,0,0,0,0.00,0.00,0.00,0.00,0.00,Matches,98e0d76c
46,Botan Ameen,iq IRQ,FWMF,Norwich City,18,2007,14,13,1128,12.5,2,0,2,2,0,0,1,0,0.16,0.00,0.16,0.16,0.16,Matches,ed2a6e16
47,Idrissa Amihere,,MFDF,West Brom,,,7,4,395,4.4,0,0,0,0,0,0,0,0,0.00,0.00,0.00,0.00,0.00,Matches,0ad197e1
48,Samuel Amissah,eng ENG,DF,Fulham,18,2007,16,16,1440,16.0,1,0,1,1,0,0,4,0,0.06,0.00,0.06,0.06,0.06,Matches,2835bfe1
49,Ato Ampah,eng ENG,MFFW,Chelsea,19,2006,7,5,402,4.5,0,3,3,0,0,0,0,0,0.00,0.67,0.67,0.00,0.67,Matches,4b98d1d4
50,Joe Anderson,eng ENG,DF,Sunderland,24,2001,1,1,90,1.0,0,0,0,0,0,0,1,0,0.00,0.00,0.00,0.00,0.00,Matches,19a890ba
51,Dani Ángel,es ESP,FW,Wolves,19,2006,15,12,1004,11.2,8,0,8,8,0,0,2,1,0.72,0.00,0.72,0.72,0.72,Matches,3ccb9f65
52,Danny Anijsko,eng ENG,MF,Nottingham,19,2006,7,2,270,3.0,0,0,0,0,0,0,0,0,0.00,0.00,0.00,0.00,0.00,Matches,997f9101
53,Andre Annous,eng ENG,FWMF,Arsenal,17,2007,16,15,1279,14.2,5,1,6,4,1,3,0,0,0.35,0.07,0.42,0.28,0.35,Matches,2d14071d
54,Caleb Ansen,eng ENG,GK,Norwich City,19,2005,5,5,450,5.0,0,0,0,0,0,0,0,0,0.00,0.00,0.00,0.00,0.00,Matches,5be1a1f3
55,Michail Antonio,jm JAM,FW,West Ham,35,1990,2,2,132,1.5,0,0,0,0,0,0,0,0,0.00,0.00,0.00,0.00,0.00,Matches,ac05f970
56,Genesis Antwi,se SWE,DF,Chelsea,18,2007,19,19,1662,18.5,0,6,6,0,0,0,1,0,0.00,0.32,0.32,0.00,0.32,Matches,aaa96db5
57,Dapo Anunlopo,ie IRL,FW,Wolves,16,2009,2,0,30,0.3,0,0,0,0,0,0,0,0,0.00,0.00,0.00,0.00,0.00,Matches,d6510ca3
58,Harvey Araujo,,DF,Fulham,,,1,1,90,1.0,0,0,0,0,0,0,0,0,0.00,0.00,0.00,0.00,0.00,Matches,eeda6489
59,Samual Archer,eng ENG,GK,Tottenham,18,2007,1,1,90,1.0,0,0,0,0,0,0,0,0,0.00,0.00,0.00,0.00,0.00,Matches,6e7c688a
60,Pele Arganese-Mcdermott,eng ENG,DF,Tottenham,19,2005,19,14,1207,13.4,1,0,1,1,0,0,4,0,0.07,0.00,0.07,0.07,0.07,Matches,0259465e
61,Daniel Armer,sct SCO,DF,Manchester Utd,17,2007,14,10,1035,11.5,1,0,1,1,0,0,4,0,0.09,0.00,0.09,0.09,0.09,Matches,f94abf1b
62,Teddie Arthur Bloomfield,eng ENG,DF,Aston Villa,17,2007,4,3,315,3.5,0,0,0,0,0,0,0,0,0.00,0.00,0.00,0.00,0.00,Matches,6e193747
63,Aimuamwonsa Asemota,eng ENG,GK,Aston Villa,17,2008,6,6,540,6.0,0,0,0,0,0,0,0,0,0.00,0.00,0.00,0.00,0.00,Matches,2f677ec5
64,Harrison Ashby,sct SCO,DFMF,Newcastle,23,2001,3,3,195,2.2,0,0,0,0,0,0,0,0,0.00,0.00,0.00,0.00,0.00,Matches,b391383a
65,Tyrell Ashcroft,eng ENG,DF,Tottenham,21,2004,6,6,531,5.9,0,0,0,0,0,0,0,0,0.00,0.00,0.00,0.00,0.00,Matches,c7675488
66,Joe Ashton,eng ENG,DFMF,Burnley,18,2006,10,8,776,8.6,0,0,0,0,0,0,3,0,0.00,0.00,0.00,0.00,0.00,Matches,b942aeda
67,Finlay Ashworth,wls WAL,MFDF,Wolves,19,2005,11,8,675,7.5,0,1,1,0,0,0,0,0,0.00,0.13,0.13,0.00,0.13,Matches,3d19acc8
68,Tom Atcheson,nir NIR,DF,Blackburn,18,2006,9,9,764,8.5,0,1,1,0,0,0,0,0,0.00,0.12,0.12,0.00,0.12,Matches,1dd307a6
69,Bigo Atom,de GER,DF,Brighton,20,2005,13,12,1017,11.3,1,0,1,1,0,0,1,0,0.09,0.00,0.09,0.09,0.09,Matches,966f64a3
70,Zach Awe,eng ENG,DF,Southampton,21,2004,1,0,23,0.3,0,0,0,0,0,0,0,0,0.00,0.00,0.00,0.00,0.00,Matches,7a0ae4f0
71,Lanre Awesu,eng ENG,GK,West Ham,17,2008,1,1,90,1.0,0,0,0,0,0,0,0,0,0.00,0.00,0.00,0.00,0.00,Matches,f801d255
72,Leon Ayinde,ie IRL,MFFW,Ipswich Town,20,2004,10,10,700,7.8,4,0,4,4,0,0,1,0,0.51,0.00,0.51,0.51,0.51,Matches,9ac825cb
73,Abdoullah Ba,fr FRA,MF,Sunderland,22,2003,1,1,45,0.5,0,0,0,0,0,0,0,0,0.00,0.00,0.00,0.00,0.00,Matches,3f651f34
74,Daniel Babb,ie IRL,DF,Ipswich Town,19,2006,7,5,456,5.1,0,1,1,0,0,0,0,0,0.00,0.20,0.20,0.00,0.20,Matches,f7a0b421
75,Elkan Baggott,id IDN,DF,Ipswich Town,22,2002,4,4,360,4.0,0,0,0,0,0,0,1,0,0.00,0.00,0.00,0.00,0.00,Matches,a0e00e23
76,James Bailey,eng ENG,MF,Manchester Utd,17,2007,1,1,67,0.7,0,0,0,0,0,0,0,0,0.00,0.00,0.00,0.00,0.00,Matches,b2d3d6e3
77,Lewis Bailey,,FW,Stoke City,,,4,2,188,2.1,0,0,0,0,0,0,0,0,0.00,0.00,0.00,0.00,0.00,Matches,24afd585
78,Scott Bailey,eng ENG,MF,Newcastle,19,2006,19,17,1462,16.2,0,2,2,0,0,0,9,0,0.00,0.12,0.12,0.00,0.12,Matches,7e086cd1
79,Brando Bailey-Joseph,eng ENG,MFFW,Arsenal,16,2008,10,7,555,6.2,1,0,1,1,0,0,1,0,0.16,0.00,0.16,0.16,0.16,Matches,f75edb43
80,Oliver Bainbridge,eng ENG,DF,Sunderland,20,2005,1,1,55,0.6,0,0,0,0,0,0,0,0,0.00,0.00,0.00,0.00,0.00,Matches,f4bbe2ed
81,Hazeem Bakre,eng ENG,MF,Middlesbrough,19,2005,5,0,101,1.1,1,0,1,1,0,0,0,0,0.89,0.00,0.89,0.89,0.89,Matches,101dfbcf
82,Levi Ball,,MF,Blackburn,,,4,1,163,1.8,1,0,1,1,0,0,2,0,0.55,0.00,0.55,0.55,0.55,Matches,b8d3c25a
83,Emilio Ballard-Matthews,eng ENG,MFFW,Wolves,16,2008,6,3,270,3.0,0,0,0,0,0,0,0,0,0.00,0.00,0.00,0.00,0.00,Matches,3fa4272e
84,Hamzat Balogun,eng ENG,DF,Burnley,20,2005,1,1,61,0.7,0,0,0,0,0,0,0,0,0.00,0.00,0.00,0.00,0.00,Matches,8e96a1b6
85,Salif Bamba,eng ENG,DF,Birmingham City,17,2008,2,1,64,0.7,0,0,0,0,0,0,0,0,0.00,0.00,0.00,0.00,0.00,Matches,4ac2759d
86,Alex Bangura,sl SLE,DF,Middlesbrough,26,1999,1,1,45,0.5,0,0,0,0,0,0,0,0,0.00,0.00,0.00,0.00,0.00,Matches,c47e09ba
87,Tamer Bani Odeh,jo JOR,MF,West Brom,21,2003,1,1,45,0.5,0,0,0,0,0,0,0,0,0.00,0.00,0.00,0.00,0.00,Matches,8a03364a
88,Luke Banks,,DFMF,Derby County,,,14,10,1023,11.4,0,0,0,0,0,0,1,0,0.00,0.00,0.00,0.00,0.00,Matches,f8852e28
89,Kobe Barbour,eng ENG,FW,Chelsea,17,2007,5,0,71,0.8,0,0,0,0,0,0,0,0,0.00,0.00,0.00,0.00,0.00,Matches,89b3d5ac
90,Finley Barbrook,eng ENG,MF,Ipswich Town,20,2004,5,5,450,5.0,3,1,4,3,0,0,0,0,0.60,0.20,0.80,0.60,0.80,Matches,5c957d3e
91,Ben Barclay,eng ENG,DF,Brighton,28,1996,16,12,1106,12.3,1,0,1,1,0,0,4,0,0.08,0.00,0.08,0.08,0.08,Matches,17dff2e1
92,James Barker,,FW,Sunderland,,,1,0,4,0.0,0,0,0,0,0,0,0,0,0.00,0.00,0.00,0.00,0.00,Matches,8d1bcbc5
93,Ty Barnett,eng ENG,MFFW,Wolves,20,2005,9,3,409,4.5,0,0,0,0,0,0,0,0,0.00,0.00,0.00,0.00,0.00,Matches,c68c6838
94,Joseph Barough,eng ENG,MF,Reading FC,19,2006,7,3,279,3.1,0,0,0,0,0,0,0,0,0.00,0.00,0.00,0.00,0.00,Matches,388012c7
95,George Barrett,eng ENG,GK,Ipswich Town,19,2006,1,1,90,1.0,0,0,0,0,0,0,0,0,0.00,0.00,0.00,0.00,0.00,Matches,aca976d1
96,Jack Barrett,eng ENG,GK,Blackburn,23,2002,2,1,117,1.3,0,0,0,0,0,0,0,0,0.00,0.00,0.00,0.00,0.00,Matches,6217792f
97,Briar Bateman,,MFFW,Birmingham City,,,12,12,931,10.3,2,2,4,2,0,0,2,0,0.19,0.19,0.39,0.19,0.39,Matches,e7f6a377
98,Callum Bates,eng ENG,MF,Everton,19,2005,18,15,1269,14.1,1,4,5,1,0,0,1,0,0.07,0.28,0.35,0.07,0.35,Matches,b2010f35
99,Ryan Battrum,eng ENG,DFMF,West Ham,19,2005,15,13,1179,13.1,2,1,3,2,0,0,5,0,0.15,0.08,0.23,0.15,0.23,Matches,1791f9a4
100,Daniel Batty,eng ENG,MF,Tottenham,18,2006,4,0,26,0.3,0,0,0,0,0,0,1,0,0.00,0.00,0.00,0.00,0.00,Matches,4eb1ad2d
101,Jake Batty,eng ENG,DFMF,Blackburn,20,2005,7,7,575,6.4,1,1,2,1,0,0,1,0,0.16,0.16,0.31,0.16,0.31,Matches,79f29835
102,Zachary Baumann,ua UKR,MF,Manchester Utd,18,2007,2,1,112,1.2,0,0,0,0,0,0,0,0,0.00,0.00,0.00,0.00,0.00,Matches,7a361d1c
103,Zachary Baumann,ua UKR,MFFW,Norwich City,18,2007,13,8,642,7.1,1,0,1,1,0,0,2,0,0.14,0.00,0.14,0.14,0.14,Matches,7a361d1c
104,Stevie Bausor,eng ENG,GK,Leicester City,20,2005,5,5,450,5.0,0,0,0,0,0,0,0,0,0.00,0.00,0.00,0.00,0.00,Matches,e3413112
105,Boyd Beacroft,eng ENG,DF,Reading FC,22,2003,7,6,540,6.0,1,0,1,1,0,0,0,0,0.17,0.00,0.17,0.17,0.17,Matches,12b39eae
106,Jacob Beaumont-Clark,eng ENG,MFFW,Everton,19,2005,10,4,471,5.2,2,0,2,2,0,0,1,0,0.38,0.00,0.38,0.38,0.38,Matches,16430796
107,Owen Beck,wls WAL,DF,Derby County,22,2002,1,1,39,0.4,0,0,0,0,0,0,0,0,0.00,0.00,0.00,0.00,0.00,Matches,a011a1e9
108,Jamel Beggs,eng ENG,MF,Tottenham,17,2007,3,0,21,0.2,0,0,0,0,0,0,0,0,0.00,0.00,0.00,0.00,0.00,Matches,7d44b88e
109,Joe Belmont,wls WAL,FW,Brighton,18,2006,20,14,1114,12.4,7,1,8,7,0,0,3,0,0.57,0.08,0.65,0.57,0.65,Matches,6caf4093
110,Dean Benamar,eng ENG,DFMF,Crystal Palace,17,2008,7,6,558,6.2,2,0,2,2,0,0,1,0,0.32,0.00,0.32,0.32,0.32,Matches,b047bb3b
111,Nazim Benchaita,eng ENG,DF,Fulham,16,2008,3,0,82,0.9,0,0,0,0,0,0,1,0,0.00,0.00,0.00,0.00,0.00,Matches,e1a85fd1
112,Lewys Benjamin,wls WAL,GK,Wolves,18,2006,5,5,450,5.0,0,0,0,0,0,0,1,0,0.00,0.00,0.00,0.00,0.00,Matches,41b36757
113,Omari Benjamin,wls WAL,FWMF,Everton,19,2005,11,8,788,8.8,3,1,4,3,0,0,2,0,0.34,0.11,0.46,0.34,0.46,Matches,eb4365e6
114,Joshua Bentley,ae UAE,GK,Ipswich Town,16,2009,2,2,180,2.0,0,0,0,0,0,0,0,0,0.00,0.00,0.00,0.00,0.00,Matches,b0e20547
115,Freddy Bernal,eng ENG,GK,Chelsea,16,2008,1,1,90,1.0,0,0,0,0,0,0,0,0,0.00,0.00,0.00,0.00,0.00,Matches,28cb93de
116,Adam Berry,eng ENG,MFFW,Nottingham,19,2006,10,7,657,7.3,2,1,3,2,0,0,1,0,0.27,0.14,0.41,0.27,0.41,Matches,696ee5de
117,Kian Best,eng ENG,DF,Chelsea,19,2005,4,0,42,0.5,0,1,1,0,0,0,1,0,0.00,2.14,2.14,0.00,2.14,Matches,171642db
118,Zaid Betteka,,MFFW,Birmingham City,,,16,16,1277,14.2,4,5,9,3,1,2,6,0,0.28,0.35,0.63,0.21,0.56,Matches,aaf4cb59
119,Joe Bevan,sct SCO,FWMF,Burnley,20,2005,5,5,305,3.4,2,0,2,2,0,0,1,0,0.59,0.00,0.59,0.59,0.59,Matches,5f6f8dee
120,Gabriele Biancheri,wls WAL,FW,Manchester Utd,18,2006,11,7,585,6.5,5,3,8,5,0,0,0,0,0.77,0.46,1.23,0.77,1.23,Matches,6e68626f
121,Josh Bickerton,eng ENG,DF,Stoke City,19,2005,5,3,263,2.9,0,0,0,0,0,0,0,0,0.00,0.00,0.00,0.00,0.00,Matches,22c9900b
122,Nicholas Bilokapic,au AUS,GK,Ipswich Town,22,2002,4,4,360,4.0,0,0,0,0,0,0,0,0,0.00,0.00,0.00,0.00,0.00,Matches,b48dcb27
123,Xu Bin,cn CHN,MF,Wolves,21,2004,1,1,90,1.0,0,0,0,0,0,0,1,0,0.00,0.00,0.00,0.00,0.00,Matches,652e3e86
124,Coban Bird,eng ENG,MFDF,Leeds United,17,2007,7,5,378,4.2,0,0,0,0,0,0,2,0,0.00,0.00,0.00,0.00,0.00,Matches,353c732b
125,Leo Black,eng ENG,MF,Tottenham,19,2006,15,4,460,5.1,1,0,1,1,0,0,1,0,0.20,0.00,0.20,0.20,0.20,Matches,d7f02829
126,Albert Blackie,eng ENG,DFMF,Burnley,17,2007,10,9,732,8.1,0,1,1,0,0,0,0,0,0.00,0.12,0.12,0.00,0.12,Matches,2cebccb2
127,Charlie Blackshields,,MFDF,West Brom,,,10,7,597,6.6,1,0,1,1,0,0,2,0,0.15,0.00,0.15,0.15,0.15,Matches,ad3836c2
128,Zyan Blake,eng ENG,MFFW,Nottingham,17,2007,7,5,396,4.4,2,0,2,2,0,0,0,0,0.45,0.00,0.45,0.45,0.45,Matches,adf7ca78
129,Carey Bloedorn,de GER,GK,Tottenham,19,2005,8,8,720,8.0,0,0,0,0,0,0,1,0,0.00,0.00,0.00,0.00,0.00,Matches,b025ad55
130,Godfred Boakye,be BEL,DF,Birmingham City,19,2006,6,2,214,2.4,0,0,0,0,0,0,1,0,0.00,0.00,0.00,0.00,0.00,Matches,18f21c2c
131,Kingsford Boakye,gh GHA,MF,Everton,20,2004,13,10,808,9.0,2,2,4,2,0,0,1,0,0.22,0.22,0.45,0.22,0.45,Matches,175bc3e4
132,Ashley Boatswain,ms MSR,FWMF,Ipswich Town,20,2005,5,4,323,3.6,1,0,1,1,0,0,0,0,0.28,0.00,0.28,0.28,0.28,Matches,5d2fb6e9
133,Joe Boggan,,FWMF,Blackburn,,,16,11,967,10.7,5,0,5,5,0,0,0,0,0.47,0.00,0.47,0.47,0.47,Matches,08116e2e
134,Somto Boniface,eng ENG,DF,Ipswich Town,19,2006,15,15,1350,15.0,1,5,6,1,0,0,3,0,0.07,0.33,0.40,0.07,0.40,Matches,6115a18a
135,Nathaniel Boot,,DF,Southampton,,,2,2,123,1.4,0,0,0,0,0,0,0,0,0.00,0.00,0.00,0.00,0.00,Matches,915bdee1
136,Christian Boothe,eng ENG,MF,Leicester City,15,2009,1,0,24,0.3,0,0,0,0,0,0,0,0,0.00,0.00,0.00,0.00,0.00,Matches,f5fc1daa
137,Jacob Borgnis,eng ENG,DFMF,Reading FC,22,2003,6,6,484,5.4,1,0,1,1,0,0,2,0,0.19,0.00,0.19,0.19,0.19,Matches,eb4425b4
138,Toby Borgnis,nz NZL,GK,Reading FC,16,2008,3,3,270,3.0,0,0,0,0,0,0,0,0,0.00,0.00,0.00,0.00,0.00,Matches,e70edeec
139,Aidan Borland,sct SCO,MF,Aston Villa,18,2007,9,9,810,9.0,0,1,1,0,0,0,2,0,0.00,0.11,0.11,0.00,0.11,Matches,634c58a6
140,Alexander Borto,us USA,GK,Fulham,21,2003,4,4,360,4.0,0,0,0,0,0,0,0,0,0.00,0.00,0.00,0.00,0.00,Matches,85c20be9
141,Ollie Bostock,wls WAL,MF,West Brom,18,2007,5,5,377,4.2,1,0,1,0,1,1,0,0,0.24,0.00,0.24,0.00,0.00,Matches,52f8322e
142,Ashton Boswell,,DF,Ipswich Town,,,4,3,258,2.9,0,0,0,0,0,0,0,0,0.00,0.00,0.00,0.00,0.00,Matches,590acc7a
143,Carter Bowdery,,MFDF,Reading FC,,,14,8,815,9.1,1,0,1,1,0,0,2,1,0.11,0.00,0.11,0.11,0.11,Matches,69a77204
144,Josh Bowler,eng ENG,MF,Nottingham,26,1999,1,1,82,0.9,2,0,2,2,0,0,0,0,2.20,0.00,2.20,2.20,2.20,Matches,ea39a081
145,Aaron Bowman,,DF,Sunderland,,,4,0,12,0.1,0,0,0,0,0,0,0,0,0.00,0.00,0.00,0.00,0.00,Matches,11ab8559
146,Fletcher Boyd,sct SCO,MF,Aston Villa,17,2008,1,0,45,0.5,0,0,0,0,0,0,1,0,0.00,0.00,0.00,0.00,0.00,Matches,07279527
147,Miles Bracking,eng ENG,MF,Norwich City,18,2007,10,8,734,8.2,0,0,0,0,0,0,2,0,0.00,0.00,0.00,0.00,0.00,Matches,810aacc8
148,Louie Bradbury,wls WAL,FW,Manchester Utd,16,2008,5,0,61,0.7,2,0,2,2,0,0,0,0,2.95,0.00,2.95,2.95,2.95,Matches,2ecb55bf
149,Makenzie Bradbury,wls WAL,MF,Wolves,17,2007,16,14,1134,12.6,0,1,1,0,0,0,1,1,0.00,0.08,0.08,0.00,0.08,Matches,41b33809
150,Alfie Bradshaw,,MF,Nottingham,,,2,0,52,0.6,0,0,0,0,0,0,1,0,0.00,0.00,0.00,0.00,0.00,Matches,44d1cfcb
151,Joseph Bradshaw,nir NIR,MF,Liverpool,17,2008,10,4,500,5.6,0,0,0,0,0,0,0,0,0.00,0.00,0.00,0.00,0.00,Matches,cb7f073f
152,Louis Brady,,GK,West Brom,,,4,4,360,4.0,0,0,0,0,0,0,1,0,0.00,0.00,0.00,0.00,0.00,Matches,7b8b570e
153,Cameron Bragg,eng ENG,MF,Southampton,20,2005,8,8,695,7.7,1,4,5,1,0,0,1,0,0.13,0.52,0.65,0.13,0.65,Matches,a596a82a
154,Kaden Braithwaite,eng ENG,DFMF,Manchester City,17,2008,9,6,575,6.4,1,0,1,1,0,0,2,0,0.16,0.00,0.16,0.16,0.16,Matches,dd1bd054
155,Cole Brannigan,nir NIR,MFFW,Aston Villa,18,2007,15,12,942,10.5,3,2,5,3,0,0,2,0,0.29,0.19,0.48,0.29,0.48,Matches,400fa959
156,Jack Bray,eng ENG,FW,West Brom,18,2007,12,5,559,6.2,4,0,4,4,0,0,3,0,0.64,0.00,0.64,0.64,0.64,Matches,8ec5a644
157,Sammy Braybrooke,eng ENG,MF,Leicester City,21,2004,3,3,270,3.0,1,0,1,0,1,1,1,0,0.33,0.00,0.33,0.00,0.00,Matches,9f684e25
158,Joe Brayson,eng ENG,FW,Newcastle,18,2007,7,2,309,3.4,2,1,3,2,0,0,0,0,0.58,0.29,0.87,0.58,0.87,Matches,d97bba30
159,Kian Breckin,eng ENG,MF,Manchester City,21,2003,2,2,180,2.0,0,2,2,0,0,0,0,0,0.00,1.00,1.00,0.00,1.00,Matches,ce3ed70d
160,Zac Brennan,eng ENG,MF,Brighton,17,2008,2,0,11,0.1,0,0,0,0,0,0,1,0,0.00,0.00,0.00,0.00,0.00,Matches,9b70ef4f
161,Adam Brett,wls WAL,FW,Brighton,17,2007,9,5,464,5.2,2,0,2,2,0,0,0,0,0.39,0.00,0.39,0.39,0.39,Matches,4fc53b50
162,AJ Bridge,eng ENG,MF,Norwich City,20,2005,11,6,548,6.1,1,1,2,0,1,1,1,0,0.16,0.16,0.33,0.00,0.16,Matches,76f24ab5
163,George Brierley,eng ENG,MF,Burnley,17,2007,16,15,1322,14.7,0,0,0,0,0,0,5,0,0.00,0.00,0.00,0.00,0.00,Matches,a57a4ea8
164,Joshua Briggs,nir NIR,DF,West Ham,19,2006,13,13,1146,12.7,0,0,0,0,0,0,1,0,0.00,0.00,0.00,0.00,0.00,Matches,880979fb
165,Logan Briggs,eng ENG,MFFW,Leicester City,20,2005,20,19,1727,19.2,6,8,14,6,0,0,2,0,0.31,0.42,0.73,0.31,0.73,Matches,2dd26f66
166,Trae Briscoe,,DFMF,Birmingham City,,,11,10,949,10.5,1,0,1,1,0,0,1,0,0.09,0.00,0.09,0.09,0.09,Matches,8c5bb9b3
167,Thorsten Brits,eng ENG,GK,Manchester City,18,2007,7,7,630,7.0,0,0,0,0,0,0,0,0,0.00,0.00,0.00,0.00,0.00,Matches,d5837248
168,Devon Brockie,sct SCO,MFFW,Leeds United,18,2007,6,2,208,2.3,1,1,2,1,0,0,0,0,0.43,0.43,0.87,0.43,0.87,Matches,7810becf
169,Benjamin Broggio,eng ENG,MFFW,Aston Villa,18,2007,8,8,673,7.5,1,1,2,1,0,0,1,0,0.13,0.13,0.27,0.13,0.27,Matches,cdf9e86a
170,Alfie Brooks,rs SRB,GK,Wolves,21,2003,12,12,1080,12.0,0,0,0,0,0,0,0,0,0.00,0.00,0.00,0.00,0.00,Matches,aaf61e0d
171,Ethan Broomes,eng ENG,DF,Nottingham,17,2008,5,0,82,0.9,0,0,0,0,0,0,0,0,0.00,0.00,0.00,0.00,0.00,Matches,80d469fd
172,Luis Brown,eng ENG,DF,West Ham,19,2005,11,6,523,5.8,0,0,0,0,0,0,2,0,0.00,0.00,0.00,0.00,0.00,Matches,5b2a7c84
173,Nathaniel Brown,eng ENG,FW,Manchester Utd,16,2008,1,0,5,0.1,0,0,0,0,0,0,0,0,0.00,0.00,0.00,0.00,0.00,Matches,2104ec18
174,Thierry Brown,,MFDF,Southampton,,,8,6,576,6.4,2,1,3,2,0,0,0,0,0.31,0.16,0.47,0.31,0.47,Matches,6877f665
175,Wess Brown,,MF,Sunderland,,,1,0,7,0.1,0,0,0,0,0,0,0,0,0.00,0.00,0.00,0.00,0.00,Matches,c331be77
176,Luke Browne,ie IRL,DF,Crystal Palace,19,2005,8,8,720,8.0,1,0,1,1,0,0,1,0,0.12,0.00,0.12,0.12,0.12,Matches,1832fbfa
177,Rylan Brownlie,au AUS,MFFW,Crystal Palace,18,2007,5,1,157,1.7,0,0,0,0,0,0,0,0,0.00,0.00,0.00,0.00,0.00,Matches,4641bbc4
178,Gerard Buabo,,FW,Ipswich Town,,,2,0,27,0.3,0,0,0,0,0,0,0,0,0.00,0.00,0.00,0.00,0.00,Matches,1d5e51e5
179,Lee Buchanan,eng ENG,DF,Birmingham City,24,2001,1,1,45,0.5,0,0,0,0,0,0,0,0,0.00,0.00,0.00,0.00,0.00,Matches,45e95f21
180,Woody Burgess,,DF,Aston Villa,,,12,10,902,10.0,0,0,0,0,0,0,6,0,0.00,0.00,0.00,0.00,0.00,Matches,f5471fe3
181,Marshall Burke,eng ENG,MF,Sunderland,20,2005,6,5,345,3.8,0,0,0,0,0,0,1,0,0.00,0.00,0.00,0.00,0.00,Matches,e7086088
182,Matthew Burns,nir NIR,MF,Sunderland,16,2008,2,0,18,0.2,0,0,0,0,0,0,0,0,0.00,0.00,0.00,0.00,0.00,Matches,3f55d4e2
183,William Burrell,eng ENG,DFMF,Birmingham City,18,2007,20,20,1717,19.1,2,0,2,2,0,0,1,0,0.10,0.00,0.10,0.10,0.10,Matches,6ad6238e
184,Bradley Burrowes,eng ENG,FWMF,Aston Villa,17,2008,13,13,1145,12.7,11,3,14,9,2,2,2,0,0.86,0.24,1.10,0.71,0.94,Matches,802ee5ca
185,Jun'ai Byfield,eng ENG,DF,Tottenham,16,2008,7,7,545,6.1,1,0,1,1,0,0,1,0,0.17,0.00,0.17,0.17,0.17,Matches,0312881b
186,Harry Byrne,eng ENG,DF,Tottenham,17,2007,1,1,73,0.8,0,0,0,0,0,0,0,0,0.00,0.00,0.00,0.00,0.00,Matches,8e680e6f
187,Jaiden Caesar,,FWMF,West Brom,,,10,5,516,5.7,0,0,0,0,0,0,0,0,0.00,0.00,0.00,0.00,0.00,Matches,1218d739
188,Shae Cahill,au AUS,MF,Nottingham,20,2005,2,0,8,0.1,0,0,0,0,0,0,0,0,0.00,0.00,0.00,0.00,0.00,Matches,833dcb78
189,Alex Cairns,eng ENG,GK,Leeds United,32,1993,2,2,180,2.0,0,0,0,0,0,0,0,0,0.00,0.00,0.00,0.00,0.00,Matches,1a5e36e7
190,Gabriel Caliste,mu MRI,MFFW,West Ham,18,2006,15,7,697,7.7,2,0,2,2,0,0,1,0,0.26,0.00,0.26,0.26,0.26,Matches,a43b2ff4
191,Mamadi Camará,gw GNB,MFFW,Reading FC,21,2003,3,3,183,2.0,0,0,0,0,0,0,0,0,0.00,0.00,0.00,0.00,0.00,Matches,cb8564f8
192,Blake Campbell,,DF,Birmingham City,,,1,0,9,0.1,0,0,0,0,0,0,0,0,0.00,0.00,0.00,0.00,0.00,Matches,5e326ea3
193,Elijah Campbell,eng ENG,DFMF,Everton,20,2004,7,6,499,5.5,0,0,0,0,0,0,0,0,0.00,0.00,0.00,0.00,0.00,Matches,48ba3f58
194,Layton Campbell,,FW,Middlesbrough,,,14,9,724,8.0,5,0,5,5,0,0,1,0,0.62,0.00,0.62,0.62,0.62,Matches,30540e29
195,Lewis Campbell,,FW,Sunderland,,,4,0,90,1.0,0,0,0,0,0,0,0,0,0.00,0.00,0.00,0.00,0.00,Matches,01876e9d
196,Luke Campbell,eng ENG,GK,Nottingham,19,2005,10,10,900,10.0,0,0,0,0,0,0,0,0,0.00,0.00,0.00,0.00,0.00,Matches,0814bbe2
197,Michael Campbell,,FW,Birmingham City,,,2,0,62,0.7,0,0,0,0,0,0,0,0,0.00,0.00,0.00,0.00,0.00,Matches,f9b6a988
198,Murray Campbell,sct SCO,DF,Burnley,19,2006,19,19,1710,19.0,1,1,2,1,0,0,4,0,0.05,0.05,0.11,0.05,0.11,Matches,e9d4bc4c
199,Rio Canoville,,DF,Derby County,,,10,8,769,8.5,0,0,0,0,0,0,1,0,0.00,0.00,0.00,0.00,0.00,Matches,268b8ee5
200,Jayden Carbon,eng ENG,FWMF,Middlesbrough,19,2005,10,8,680,7.6,2,2,4,2,0,0,1,0,0.26,0.26,0.53,0.26,0.53,Matches,11c66428
201,Rio Cardines,tt TRI,MF,Crystal Palace,19,2006,9,9,681,7.6,1,1,2,1,0,0,3,0,0.13,0.13,0.26,0.13,0.26,Matches,702812fe
202,Leo Cardoso,pt POR,MF,Chelsea,18,2006,15,11,935,10.4,5,3,8,5,0,0,0,0,0.48,0.29,0.77,0.48,0.77,Matches,31e81036
203,Riley Carr,,MF,Leicester City,,,7,5,427,4.7,1,0,1,1,0,0,1,0,0.21,0.00,0.21,0.21,0.21,Matches,f8176d7a
204,Ryan Carr,sct SCO,MF,Ipswich Town,20,2004,15,15,1245,13.8,0,1,1,0,0,0,5,0,0.00,0.07,0.07,0.00,0.07,Matches,f4dd7cdf
205,Ezra Carrington,eng ENG,DF,Manchester City,19,2005,1,0,14,0.2,0,0,0,0,0,0,0,0,0.00,0.00,0.00,0.00,0.00,Matches,2c5633c5
206,Theodore Carroll,eng ENG,DF,Aston Villa,18,2007,17,17,1519,16.9,1,0,1,1,0,0,2,1,0.06,0.00,0.06,0.06,0.06,Matches,88bf137b
207,Hayden Carter,eng ENG,DF,Blackburn,25,1999,4,4,212,2.4,0,0,0,0,0,0,0,0,0.00,0.00,0.00,0.00,0.00,Matches,40f85b8f
208,Finley Cartwright,eng ENG,MF,Middlesbrough,18,2007,11,10,840,9.3,0,2,2,0,0,0,4,0,0.00,0.21,0.21,0.00,0.21,Matches,f09d1baa
209,Ben Casey,eng ENG,MFFW,Crystal Palace,17,2007,12,5,530,5.9,0,1,1,0,0,0,1,0,0.00,0.17,0.17,0.00,0.17,Matches,39f7c6fe
210,Dan Casey,eng ENG,MF,Fulham,17,2007,7,5,465,5.2,0,0,0,0,0,0,0,0,0.00,0.00,0.00,0.00,0.00,Matches,a1c46ec9
211,Charlie Casper,eng ENG,GK,Burnley,20,2005,7,7,630,7.0,0,0,0,0,0,0,0,0,0.00,0.00,0.00,0.00,0.00,Matches,35e858f2
212,Dante Cassanova,jm JAM,DFMF,Tottenham,21,2004,18,17,1527,17.0,1,4,5,1,0,0,4,0,0.06,0.24,0.29,0.06,0.29,Matches,0b8373bb
213,Joel Catesby,,MFFW,Everton,,,6,4,319,3.5,0,1,1,0,0,0,0,0,0.00,0.28,0.28,0.00,0.28,Matches,f7b6d374
214,Tarrell Cavell,eng ENG,FW,Fulham,16,2008,1,0,11,0.1,0,0,0,0,0,0,1,0,0.00,0.00,0.00,0.00,0.00,Matches,5fb0aad0
215,Rhys Chadwick-Chaplin,eng ENG,MFFW,Leeds United,18,2007,18,18,1586,17.6,5,4,9,4,1,1,7,1,0.28,0.23,0.51,0.23,0.45,Matches,1fb22c14
216,Luke Chambers,eng ENG,DF,Liverpool,21,2004,2,2,151,1.7,0,0,0,0,0,0,0,0,0.00,0.00,0.00,0.00,0.00,Matches,7d6af698
217,Samuel Chambers,eng ENG,MFFW,Leeds United,17,2007,7,7,530,5.9,0,0,0,0,0,0,2,0,0.00,0.00,0.00,0.00,0.00,Matches,30b33655
218,Alfie Chang,eng ENG,MF,Birmingham City,22,2002,1,1,71,0.8,0,1,1,0,0,0,0,0,0.00,1.27,1.27,0.00,1.27,Matches,011890d9
219,Archie Chaplin,eng ENG,DF,Middlesbrough,19,2005,19,19,1710,19.0,1,2,3,1,0,0,2,0,0.05,0.11,0.16,0.05,0.16,Matches,8b366d58
220,Samuel Chapman,eng ENG,DF,Arsenal,17,2007,1,1,87,1.0,0,0,0,0,0,0,0,0,0.00,0.00,0.00,0.00,0.00,Matches,6d4697ab
221,Harry Chard,,DF,Reading FC,,,2,2,134,1.5,0,0,0,0,0,0,1,0,0.00,0.00,0.00,0.00,0.00,Matches,29d8799a
222,Brandon Charles,,MF,Southampton,,,8,2,291,3.2,3,0,3,3,0,0,2,1,0.93,0.00,0.93,0.93,0.93,Matches,84736aa5
223,Matthew Charles Compton,eng ENG,MF,Ipswich Town,17,2007,7,7,527,5.9,2,0,2,2,0,0,1,0,0.34,0.00,0.34,0.34,0.34,Matches,3f3ab194
224,Dylan Charlton,eng ENG,DFMF,Newcastle,19,2006,11,10,815,9.1,0,0,0,0,0,0,1,0,0.00,0.00,0.00,0.00,0.00,Matches,7d0f679f
225,Chiboso Chibueze,eng ENG,MF,Stoke City,19,2006,20,15,1413,15.7,4,1,5,4,0,1,0,0,0.25,0.06,0.32,0.25,0.32,Matches,3307fc06
226,Toby Chilvers,eng ENG,MF,Norwich City,18,2007,20,11,1028,11.4,2,0,2,2,0,0,0,0,0.18,0.00,0.18,0.18,0.18,Matches,844004ae
227,Dan Chimeziri,eng ENG,FWMF,West Brom,18,2006,7,3,286,3.2,0,1,1,0,0,0,0,0,0.00,0.31,0.31,0.00,0.31,Matches,43af8464
228,Seth Chingwaro,eng ENG,MF,Fulham,17,2007,12,12,1016,11.3,0,0,0,0,0,0,4,0,0.00,0.00,0.00,0.00,0.00,Matches,fcd8c492
229,Tawanda Chirewa,zw ZIM,MFFW,Wolves,21,2003,4,4,288,3.2,2,1,3,1,1,1,0,0,0.62,0.31,0.94,0.31,0.62,Matches,34721c11
230,Leon Chiwome,eng ENG,MFFW,Wolves,19,2006,3,2,113,1.3,0,1,1,0,0,0,0,0,0.00,0.80,0.80,0.00,0.80,Matches,a2852b4f
231,Dennis Cirkin,lv LVA,DF,Sunderland,23,2002,2,2,135,1.5,0,0,0,0,0,0,0,0,0.00,0.00,0.00,0.00,0.00,Matches,307ea3b6
232,Ben Cisse,eng ENG,GK,West Brom,19,2005,5,5,377,4.2,0,0,0,0,0,0,0,0,0.00,0.00,0.00,0.00,0.00,Matches,df1eaf9d
233,Prince Cisse,wls WAL,DF,Liverpool,17,2008,1,1,67,0.7,1,0,1,1,0,0,0,0,1.34,0.00,1.34,1.34,1.34,Matches,f6b64e36
234,Charlie Clanford,,FW,Blackburn,,,3,1,136,1.5,0,1,1,0,0,0,0,0,0.00,0.66,0.66,0.00,0.66,Matches,39ba24ee
235,Ben Clark,,GK,West Brom,,,1,1,90,1.0,0,0,0,0,0,0,0,0,0.00,0.00,0.00,0.00,0.00,Matches,4bb643f8
236,Ben Clark,,GK,Stoke City,,,1,1,90,1.0,0,0,0,0,0,0,0,0,0.00,0.00,0.00,0.00,0.00,Matches,9d2fd5c3
237,Ellis Clark,,MF,Burnley,,,18,17,1454,16.2,1,3,4,1,0,0,2,0,0.06,0.19,0.25,0.06,0.25,Matches,5dea865f
238,Brayden Clarke,wls WAL,DF,Arsenal,18,2007,19,15,1425,15.8,0,0,0,0,0,0,4,0,0.00,0.00,0.00,0.00,0.00,Matches,f9657b1b
239,Harry Clarke,eng ENG,DF,Ipswich Town,24,2001,2,2,135,1.5,0,0,0,0,0,0,0,0,0.00,0.00,0.00,0.00,0.00,Matches,a64f2573
240,Justin Clarke,,MFFW,Everton,,,6,4,317,3.5,2,1,3,2,0,0,0,0,0.57,0.28,0.85,0.57,0.85,Matches,a1abd2b0
241,Kristian Clarke,,DF,Nottingham,,,2,0,70,0.8,0,0,0,0,0,0,0,0,0.00,0.00,0.00,0.00,0.00,Matches,04fc8f56
242,Regan Clayton,eng ENG,MFFW,West Ham,20,2004,13,11,1016,11.3,0,4,4,0,0,0,4,0,0.00,0.35,0.35,0.00,0.35,Matches,97855227
243,Callum Cliff,eng ENG,DF,Reading FC,17,2007,4,1,120,1.3,0,0,0,0,0,0,0,0,0.00,0.00,0.00,0.00,0.00,Matches,3bc0cca6
244,Caleb Clothier,eng ENG,GK,Stoke City,18,2007,11,11,990,11.0,0,0,0,0,0,0,2,0,0.00,0.00,0.00,0.00,0.00,Matches,ee30defd
245,Dimitri Colau,fr FRA,DF,West Ham,19,2006,2,1,107,1.2,0,0,0,0,0,0,2,0,0.00,0.00,0.00,0.00,0.00,Matches,dab81d17
246,Ryan Colesby,,MFFW,West Brom,,,9,6,569,6.3,1,1,2,1,0,0,1,0,0.16,0.16,0.32,0.16,0.32,Matches,869dc64d
247,Harry Collins,,DF,Stoke City,,,3,2,225,2.5,0,0,0,0,0,0,1,0,0.00,0.00,0.00,0.00,0.00,Matches,90e231d5
248,Lucas Connell,,DF,Stoke City,,,3,1,129,1.4,0,0,0,0,0,0,0,0,0.00,0.00,0.00,0.00,0.00,Matches,e5f178ec
249,Shea Connor,eng ENG,GK,Middlesbrough,19,2005,8,8,720,8.0,0,0,0,0,0,0,0,0,0.00,0.00,0.00,0.00,0.00,Matches,500ed7a9
250,Robert Cook,au AUS,GK,Leeds United,18,2007,3,3,270,3.0,0,0,0,0,0,0,1,0,0.00,0.00,0.00,0.00,0.00,Matches,b13af844
251,Logan Cooke,eng ENG,DF,Fulham,17,2007,4,0,24,0.3,0,0,0,0,0,0,0,0,0.00,0.00,0.00,0.00,0.00,Matches,bceb8f23
252,Oisin Cooney,ie IRL,GK,Burnley,18,2007,10,10,900,10.0,0,0,0,0,0,0,0,0,0.00,0.00,0.00,0.00,0.00,Matches,555879ed
253,Noah Cooper,eng ENG,GK,Stoke City,19,2006,3,3,270,3.0,0,1,1,0,0,0,0,0,0.00,0.33,0.33,0.00,0.33,Matches,c5145ba0
254,Louie Copley,eng ENG,MF,Arsenal,18,2006,8,8,702,7.8,1,0,1,1,0,0,2,0,0.13,0.00,0.13,0.13,0.13,Matches,ab30afe6
255,Finlay Corke,eng ENG,FW,Norwich City,17,2007,5,2,217,2.4,0,0,0,0,0,0,0,0,0.00,0.00,0.00,0.00,0.00,Matches,cf50d676
256,Sean Corry,nir NIR,DF,Derby County,17,2007,2,1,106,1.2,0,1,1,0,0,0,0,0,0.00,0.85,0.85,0.00,0.85,Matches,c9f76ae7
257,Croyde da Costa,eng ENG,DF,Burnley,16,2009,1,1,90,1.0,0,0,0,0,0,0,1,0,0.00,0.00,0.00,0.00,0.00,Matches,8e8db2c2
258,Mason Cotcher,eng ENG,FWMF,Aston Villa,18,2006,12,4,405,4.5,1,0,1,1,0,0,1,0,0.22,0.00,0.22,0.22,0.22,Matches,1f0beaab
259,Frankie Coulson,,MFFW,Middlesbrough,,,18,12,1194,13.3,2,7,9,2,0,0,4,0,0.15,0.53,0.68,0.15,0.68,Matches,1fd2ef91
260,Brandon Cover,jm JAM,DFMF,Leicester City,21,2003,9,9,789,8.8,1,2,3,1,0,0,3,0,0.11,0.23,0.34,0.11,0.34,Matches,ceb3632f
261,Joe Cowan,eng ENG,GK,Sunderland,16,2008,7,7,630,7.0,0,0,0,0,0,0,2,0,0.00,0.00,0.00,0.00,0.00,Matches,3b1687fa
262,Daniel Cox,wls WAL,DF,Derby County,19,2006,1,1,61,0.7,0,0,0,0,0,0,0,0,0.00,0.00,0.00,0.00,0.00,Matches,c05eb01e
263,Matthew Craig,sct SCO,MF,Tottenham,22,2003,9,9,783,8.7,0,2,2,0,0,0,0,0,0.00,0.23,0.23,0.00,0.23,Matches,bc914523
264,Alfie Cresswell,eng ENG,MFDF,Leeds United,18,2007,17,17,1500,16.7,3,2,5,3,0,0,3,0,0.18,0.12,0.30,0.18,0.30,Matches,67cc36ba
265,Charlie Crew,wls WAL,MF,Leeds United,19,2006,6,6,465,5.2,0,1,1,0,0,0,0,0,0.00,0.19,0.19,0.00,0.19,Matches,e8392083
266,Luca Crolla,eng ENG,DF,Derby County,16,2008,2,1,154,1.7,0,0,0,0,0,0,0,0,0.00,0.00,0.00,0.00,0.00,Matches,8ed8169e
267,Matthew Crowther,,MF,West Brom,,,12,9,879,9.8,0,0,0,0,0,0,0,0,0.00,0.00,0.00,0.00,0.00,Matches,8eca623b
268,Thomas Cryer,,FW,Blackburn,,,2,1,73,0.8,0,0,0,0,0,0,0,0,0.00,0.00,0.00,0.00,0.00,Matches,5b8beb02
269,Cuiabano,br BRA,DF,Nottingham,22,2003,1,1,90,1.0,0,0,0,0,0,0,0,0,0.00,0.00,0.00,0.00,0.00,Matches,7e49bdbd
270,Daniel Cummings,sct SCO,FW,West Ham,19,2006,11,3,401,4.5,3,0,3,3,0,0,3,0,0.67,0.00,0.67,0.67,0.67,Matches,700dd93a
271,Jair Cunha,br BRA,DF,Nottingham,20,2005,1,1,90,1.0,0,0,0,0,0,0,0,0,0.00,0.00,0.00,0.00,0.00,Matches,ac31d35e
272,Ted Curd,eng ENG,GK,Chelsea,19,2006,4,4,360,4.0,0,0,0,0,0,0,0,0,0.00,0.00,0.00,0.00,0.00,Matches,d9bd6f58
273,Ruben Curley,eng ENG,MF,Stoke City,19,2005,4,4,315,3.5,0,0,0,0,0,0,1,0,0.00,0.00,0.00,0.00,0.00,Matches,e8fb9be7
274,Isaiah Dada-Mascoll,eng ENG,MF,Manchester City,19,2006,10,6,535,5.9,2,1,3,2,0,0,1,0,0.34,0.17,0.50,0.34,0.50,Matches,7edf54f7
275,Brodie Dair,sct SCO,FW,Fulham,17,2008,4,0,64,0.7,0,0,0,0,0,0,0,0,0.00,0.00,0.00,0.00,0.00,Matches,308a55c8
276,Aston Daley,eng ENG,MF,Southampton,18,2006,11,4,432,4.8,1,1,2,1,0,0,0,0,0.21,0.21,0.42,0.21,0.42,Matches,1c94acee
277,Damari Daley,eng ENG,FW,Norwich City,18,2007,1,0,9,0.1,0,0,0,0,0,0,1,0,0.00,0.00,0.00,0.00,0.00,Matches,b8629454
278,Jack Daley,,DF,Middlesbrough,,,12,12,1080,12.0,5,0,5,5,0,0,1,0,0.42,0.00,0.42,0.42,0.42,Matches,807da918
279,Jayden Danns,eng ENG,FW,Liverpool,19,2006,4,4,189,2.1,1,0,1,1,0,0,0,0,0.48,0.00,0.48,0.48,0.48,Matches,003cf4d1
280,Matteo Dashi,al ALB,MF,Crystal Palace,18,2007,12,4,374,4.2,0,0,0,0,0,0,0,0,0.00,0.00,0.00,0.00,0.00,Matches,3496557c
281,Jayden Davidson,eng ENG,MF,Derby County,18,2006,7,3,275,3.1,0,0,0,0,0,0,0,0,0.00,0.00,0.00,0.00,0.00,Matches,7681bfe8
282,Josh Davidson,eng ENG,DFMF,Liverpool,19,2005,13,7,775,8.6,0,1,1,0,0,0,4,0,0.00,0.12,0.12,0.00,0.12,Matches,c9382cb6
283,Max Davies,,DF,Blackburn,,,16,13,1271,14.1,0,0,0,0,0,0,2,0,0.00,0.00,0.00,0.00,0.00,Matches,204f1527
284,Luca Davis,eng ENG,DF,Everton,18,2006,11,6,566,6.3,1,2,3,1,0,0,1,0,0.16,0.32,0.48,0.16,0.48,Matches,e212a273
285,Myles Dayman,,DF,Wolves,,,9,2,254,2.8,0,0,0,0,0,0,1,0,0.00,0.00,0.00,0.00,0.00,Matches,d6eb4f7a
286,Michael Decandia,eng ENG,DF,Blackburn,17,2007,8,4,444,4.9,0,0,0,0,0,0,3,0,0.00,0.00,0.00,0.00,0.00,Matches,06ab3f34
287,Josh Dede,sct SCO,MFDF,Middlesbrough,19,2006,10,9,835,9.3,0,0,0,0,0,0,3,0,0.00,0.00,0.00,0.00,0.00,Matches,b997d73b
288,Cole Deeming,,MF,West Brom,,,3,3,211,2.3,0,0,0,0,0,0,1,0,0.00,0.00,0.00,0.00,0.00,Matches,c62af1ae
289,Nikolai Degtiarev,,FW,Birmingham City,,,4,0,62,0.7,0,0,0,0,0,0,0,0,0.00,0.00,0.00,0.00,0.00,Matches,8ea15f5d
290,Scofield Dekam,eng ENG,MF,Reading FC,17,2008,2,0,5,0.1,0,0,0,0,0,0,0,0,0.00,0.00,0.00,0.00,0.00,Matches,73ae6a87
291,Hannes Delcroix,ht HAI,DF,Burnley,26,1999,3,3,225,2.5,0,1,1,0,0,0,0,0,0.00,0.40,0.40,0.00,0.40,Matches,b737f944
292,Braidin Derbyshire,eng ENG,FW,Burnley,17,2008,2,0,23,0.3,0,0,0,0,0,0,0,0,0.00,0.00,0.00,0.00,0.00,Matches,4eb06b37
293,Jesse Derry,eng ENG,MF,Chelsea,18,2007,17,12,1167,13.0,6,3,9,6,0,0,5,0,0.46,0.23,0.69,0.46,0.69,Matches,bbfe0e5d
294,Jacob Devaney,ie IRL,MFDF,Manchester Utd,18,2007,11,11,990,11.0,1,1,2,1,0,0,3,0,0.09,0.09,0.18,0.09,0.18,Matches,7bb853b2
295,Calvin Diakite,eng ENG,DF,Chelsea,16,2009,2,2,134,1.5,0,1,1,0,0,0,0,0,0.00,0.67,0.67,0.00,0.67,Matches,b3466e92
296,Sufianu Dibaga,es ESP,MFFW,Southampton,18,2007,12,11,897,10.0,3,1,4,3,0,0,0,0,0.30,0.10,0.40,0.30,0.40,Matches,94c43feb
297,Seny Dieng,sn SEN,GK,Middlesbrough,30,1994,3,3,240,2.7,0,0,0,0,0,0,0,0,0.00,0.00,0.00,0.00,0.00,Matches,c135cddd
298,Andre Dike,eng ENG,MF,West Ham,17,2008,4,1,92,1.0,1,0,1,1,0,0,0,0,0.98,0.00,0.98,0.98,0.98,Matches,c8827743
299,Charlie Dinsdale,,MF,Sunderland,,,12,7,600,6.7,1,4,5,1,0,0,0,0,0.15,0.60,0.75,0.15,0.75,Matches,216eecc6
300,Muhamed Diomande,eng ENG,DF,West Brom,19,2006,13,13,1053,11.7,1,0,1,1,0,0,2,0,0.09,0.00,0.09,0.09,0.09,Matches,2a7f6393
301,Baylee Dipepa,eng ENG,FW,Southampton,18,2007,7,6,456,5.1,2,0,2,2,0,0,2,0,0.39,0.00,0.39,0.39,0.39,Matches,294ebd30
302,Axel Disasi,fr FRA,DF,Chelsea,27,1998,1,1,70,0.8,0,0,0,0,0,0,0,0,0.00,0.00,0.00,0.00,0.00,Matches,ad82197c
303,Jaden Dixon,eng ENG,DF,Stoke City,18,2007,7,7,630,7.0,1,0,1,1,0,0,1,0,0.14,0.00,0.14,0.14,0.14,Matches,437f821e
304,Jaden Dixon,eng ENG,DF,Arsenal,18,2007,5,3,269,3.0,0,0,0,0,0,0,0,0,0.00,0.00,0.00,0.00,0.00,Matches,437f821e
305,Uriah Djedje,eng ENG,MF,Norwich City,19,2006,10,1,186,2.1,0,0,0,0,0,0,2,0,0.00,0.00,0.00,0.00,0.00,Matches,47a43e82
306,Nathan Dlamini,,MFFW,Blackburn,,,7,3,301,3.3,0,0,0,0,0,0,0,0,0.00,0.00,0.00,0.00,0.00,Matches,ea68c1fc
307,Aodhan Doherty,nir NIR,MFFW,Blackburn,19,2006,12,10,817,9.1,3,0,3,3,0,0,2,0,0.33,0.00,0.33,0.33,0.33,Matches,36398ec3
308,Ryan Doherty,,MF,Ipswich Town,,,1,0,68,0.8,0,0,0,0,0,0,0,0,0.00,0.00,0.00,0.00,0.00,Matches,9b094575
309,Trent Doherty,ie IRL,MF,Liverpool,19,2006,14,14,1142,12.7,0,5,5,0,0,0,0,0,0.00,0.39,0.39,0.00,0.39,Matches,55f40df2
310,Alan Domeracki,sct SCO,MF,Norwich City,18,2006,18,8,768,8.5,0,3,3,0,0,0,4,0,0.00,0.35,0.35,0.00,0.35,Matches,241cfae6
311,Ryan Donnelly,nir NIR,DFMF,Leicester City,18,2006,16,11,1072,11.9,2,1,3,2,0,0,3,0,0.17,0.08,0.25,0.17,0.25,Matches,af0ff7be
312,Jake Donohue,,GK,Leicester City,,,3,3,270,3.0,0,0,0,0,0,0,0,0,0.00,0.00,0.00,0.00,0.00,Matches,dec02221
313,Jake Donohue,,GK,Burnley,,,1,1,90,1.0,0,0,0,0,0,0,0,0,0.00,0.00,0.00,0.00,0.00,Matches,dec02221
314,Alfie Dorrington,eng ENG,DF,Tottenham,20,2005,2,2,180,2.0,0,0,0,0,0,0,1,0,0.00,0.00,0.00,0.00,0.00,Matches,ac1ef440
315,Cheick Doucouré,ml MLI,MF,Crystal Palace,25,2000,3,3,176,2.0,0,0,0,0,0,0,0,0,0.00,0.00,0.00,0.00,0.00,Matches,ce4f40c7
316,Connor Douglas,eng ENG,MFDF,Leeds United,19,2005,6,6,484,5.4,1,2,3,1,0,0,3,1,0.19,0.37,0.56,0.19,0.56,Matches,6ba8e5b0
317,Max Dowman,eng ENG,MF,Arsenal,15,2009,3,3,205,2.3,2,0,2,2,0,0,0,0,0.88,0.00,0.88,0.88,0.88,Matches,9008bb70
318,Joél Drakes-Thomas,eng ENG,MF,Crystal Palace,16,2009,8,5,497,5.5,0,0,0,0,0,0,1,0,0.00,0.00,0.00,0.00,0.00,Matches,1bd530e8
319,Isifu Drammeh,,DF,Birmingham City,,,1,0,8,0.1,0,0,0,0,0,0,0,0,0.00,0.00,0.00,0.00,0.00,Matches,869d397d
320,Phillip Duah,gh GHA,DF,Reading FC,18,2006,20,19,1715,19.1,0,0,0,0,0,0,6,0,0.00,0.00,0.00,0.00,0.00,Matches,556634ea
321,Louie Dudley,eng ENG,DF,Leeds United,17,2007,8,7,625,6.9,1,1,2,1,0,0,2,0,0.14,0.14,0.29,0.14,0.29,Matches,e48e3969
322,Harrison Dudziak,eng ENG,MF,Arsenal,19,2006,8,5,413,4.6,0,0,0,0,0,0,1,0,0.00,0.00,0.00,0.00,0.00,Matches,cba1d4cd
323,Harvey Duggins,,DF,Ipswich Town,,,1,1,90,1.0,0,0,0,0,0,0,1,0,0.00,0.00,0.00,0.00,0.00,Matches,5c4605ff
324,Isaac Dunn,,MF,Blackburn,,,11,9,858,9.5,1,0,1,1,0,0,2,0,0.10,0.00,0.10,0.10,0.10,Matches,b3d7b94f
325,Noah Dupont,nz NZL,DFMF,West Brom,17,2007,11,10,870,9.7,0,1,1,0,0,0,4,0,0.00,0.10,0.10,0.00,0.10,Matches,b210939c
326,Kiano Dyer,eng ENG,MF,Chelsea,18,2006,10,9,779,8.7,2,1,3,2,0,0,3,0,0.23,0.12,0.35,0.23,0.35,Matches,b43204f6
327,Owen Eames,,MF,Derby County,,,11,11,890,9.9,2,0,2,2,0,0,4,0,0.20,0.00,0.20,0.20,0.20,Matches,79ad2685
328,George Earthy,eng ENG,MF,West Ham,20,2004,3,3,217,2.4,1,1,2,1,0,0,0,0,0.41,0.41,0.83,0.41,0.83,Matches,123d2733
329,Coby Ebere,de GER,FW,Everton,19,2005,12,4,408,4.5,0,1,1,0,0,0,1,0,0.00,0.22,0.22,0.00,0.22,Matches,61a42f10
330,Mathis Eboue,eng ENG,FW,Chelsea,16,2009,2,0,7,0.1,0,0,0,0,0,0,1,0,0.00,0.00,0.00,0.00,0.00,Matches,fc306af4
331,James Edmondson,eng ENG,MF,Blackburn,19,2005,2,2,180,2.0,0,0,0,0,0,0,0,0,0.00,0.00,0.00,0.00,0.00,Matches,2770b692
332,Tom Edozie,eng ENG,MFFW,Wolves,19,2006,15,10,773,8.6,3,1,4,3,0,0,0,0,0.35,0.12,0.47,0.35,0.47,Matches,3354ea94
333,I-Lani Edwards,eng ENG,MF,Aston Villa,19,2005,1,1,90,1.0,0,0,0,0,0,0,0,0,0.00,0.00,0.00,0.00,0.00,Matches,40b084a1
334,Walker Edwards,gy GUY,DF,Ipswich Town,,,12,12,1021,11.3,0,1,1,0,0,0,6,1,0.00,0.09,0.09,0.00,0.09,Matches,d4a0feda
335,Kelvin Ehibhatiomhan,eng ENG,FW,Reading FC,22,2003,1,1,90,1.0,0,1,1,0,0,0,0,0,0.00,1.00,1.00,0.00,1.00,Matches,786ee995
336,Princewill Ehibhatiomhan,eng ENG,FW,Southampton,19,2005,2,1,86,1.0,0,0,0,0,0,0,0,0,0.00,0.00,0.00,0.00,0.00,Matches,a932fe31
337,Sid Eldred,nir NIR,MF,Ipswich Town,17,2008,3,2,164,1.8,0,0,0,0,0,0,0,0,0.00,0.00,0.00,0.00,0.00,Matches,7e589f29
338,Reiss Elliot-Parris,gy GUY,MFFW,Tottenham,17,2007,5,2,201,2.2,0,1,1,0,0,0,1,0,0.00,0.45,0.45,0.00,0.45,Matches,e1d0351d
339,Leon Elliott,bb BRB,DF,Ipswich Town,18,2006,14,10,966,10.7,0,0,0,0,0,0,2,0,0.00,0.00,0.00,0.00,0.00,Matches,8ea3595e
340,O'Shea Ellis,eng ENG,MF,Birmingham City,19,2006,5,3,295,3.3,0,1,1,0,0,0,0,0,0.00,0.31,0.31,0.00,0.31,Matches,916689ab
341,Landon Emenalo,eng ENG,DF,Chelsea,17,2008,14,14,1215,13.5,0,3,3,0,0,0,2,0,0.00,0.22,0.22,0.00,0.22,Matches,e1cc82b1
342,Oghosaiwi Enabulele,,MF,Stoke City,,,17,16,1357,15.1,0,0,0,0,0,0,4,0,0.00,0.00,0.00,0.00,0.00,Matches,ef0bd3fa
343,Ethan Ennis,eng ENG,MF,Manchester Utd,20,2004,2,2,164,1.8,2,0,2,2,0,0,0,0,1.10,0.00,1.10,1.10,1.10,Matches,143c022e
344,Josh Esen,wls WAL,MF,Wolves,20,2004,2,0,32,0.4,0,0,0,0,0,0,0,0,0.00,0.00,0.00,0.00,0.00,Matches,5b14e145
345,Jonathan Esenga,eng ENG,DF,Fulham,18,2007,15,13,1125,12.5,1,7,8,1,0,0,2,0,0.08,0.56,0.64,0.08,0.64,Matches,cb3edef2
346,Romain Esse,eng ENG,MF,Crystal Palace,20,2005,3,3,202,2.2,2,2,4,2,0,0,1,0,0.89,0.89,1.78,0.89,1.78,Matches,87189f25
347,Dario Essugo,pt POR,MF,Chelsea,20,2005,1,1,90,1.0,0,0,0,0,0,0,0,0,0.00,0.00,0.00,0.00,0.00,Matches,1e4319ac
348,Cameron Eubank,eng ENG,MF,Birmingham City,19,2006,15,13,1179,13.1,0,1,1,0,0,0,1,0,0.00,0.08,0.08,0.00,0.08,Matches,6f0cf5ad
349,Aidan Evans,ca CAN,MF,Fulham,16,2008,1,0,7,0.1,0,0,0,0,0,0,0,0,0.00,0.00,0.00,0.00,0.00,Matches,46191a44
350,Harry Evans,eng ENG,GK,Derby County,20,2004,2,2,180,2.0,0,0,0,0,0,0,0,0,0.00,0.00,0.00,0.00,0.00,Matches,95e1cb53
351,Jake Evans,eng ENG,FWMF,Leicester City,16,2008,6,6,540,6.0,3,0,3,3,0,0,1,0,0.50,0.00,0.50,0.50,0.50,Matches,cb7bcef0
352,Reece Evans,nir NIR,FW,Reading FC,19,2005,17,11,1004,11.2,7,0,7,5,2,2,2,0,0.63,0.00,0.63,0.45,0.45,Matches,b3fdc524
353,Clae Ewing,eng ENG,DFMF,Liverpool,18,2006,11,9,797,8.9,1,0,1,1,0,0,1,0,0.11,0.00,0.11,0.11,0.11,Matches,9637a3c3
354,Daniel Eyaife,,MF,Stoke City,,,2,0,56,0.6,0,1,1,0,0,0,0,0,0.00,1.61,1.61,0.00,1.61,Matches,de797adb
355,Nelson Eze,,MF,Ipswich Town,,,3,0,49,0.5,1,0,1,1,0,0,0,0,1.84,0.00,1.84,1.84,1.84,Matches,0d1860c4
356,Chizaram Ezenwata,eng ENG,FW,Chelsea,16,2008,1,1,60,0.7,1,0,1,1,0,0,0,0,1.50,0.00,1.50,1.50,1.50,Matches,97e3fab9
357,Oluwafemi Fapetu,eng ENG,MF,Manchester City,17,2007,15,7,575,6.4,0,0,0,0,0,0,1,1,0.00,0.00,0.00,0.00,0.00,Matches,b229aca3
358,Patrik Farkas,hu HUN,MF,Blackburn,18,2006,10,3,374,4.2,0,0,0,0,0,0,1,0,0.00,0.00,0.00,0.00,0.00,Matches,a881cbc9
359,Craig Farquhar,nir NIR,DF,Crystal Palace,22,2003,5,5,270,3.0,1,0,1,1,0,0,0,0,0.33,0.00,0.33,0.33,0.33,Matches,a1430c41
360,Jacob Fasida,eng ENG,MFDF,Crystal Palace,16,2008,7,6,574,6.4,0,0,0,0,0,0,1,0,0.00,0.00,0.00,0.00,0.00,Matches,aefd23bb
361,Favour Fawunmi,eng ENG,MFFW,Stoke City,19,2006,7,7,625,6.9,5,3,8,5,0,0,1,0,0.72,0.43,1.15,0.72,1.15,Matches,700639ef
362,Elliot Fearn,,MFDF,Stoke City,,,9,7,721,8.0,1,0,1,1,0,0,0,0,0.12,0.00,0.12,0.12,0.12,Matches,c606dc28
363,Preston Fearon,eng ENG,MF,West Ham,18,2007,20,19,1707,19.0,7,1,8,7,0,0,2,1,0.37,0.05,0.42,0.37,0.42,Matches,b5cddc6d
364,George Feeney,nir NIR,FW,Tottenham,17,2008,1,0,17,0.2,0,0,0,0,0,0,0,0,0.00,0.00,0.00,0.00,0.00,Matches,14239508
365,Sebastian Ferdinand,eng ENG,FWMF,Arsenal,19,2006,16,6,685,7.6,3,1,4,3,0,0,1,0,0.39,0.13,0.53,0.39,0.53,Matches,0e2f74b5
366,Nathan Ferguson,eng ENG,DFMF,Reading FC,24,2000,3,3,270,3.0,0,0,0,0,0,0,0,0,0.00,0.00,0.00,0.00,0.00,Matches,2f8d27bc
367,Matheos Ferreira,eng ENG,MFFW,Newcastle,16,2008,7,6,528,5.9,4,0,4,2,2,2,0,1,0.68,0.00,0.68,0.34,0.34,Matches,7737a4c5
368,Keyrol Figueroa,hn HON,FW,Liverpool,18,2006,13,7,705,7.8,9,0,9,8,1,1,2,0,1.15,0.00,1.15,1.02,1.02,Matches,9a9ef388
369,Sonny Finch,eng ENG,FWMF,Middlesbrough,19,2005,9,9,742,8.2,5,0,5,5,0,0,0,0,0.61,0.00,0.61,0.61,0.61,Matches,3e04dfad
370,Rory Finneran,ie IRL,MF,Newcastle,17,2008,14,12,1037,11.5,1,1,2,1,0,0,2,0,0.09,0.09,0.17,0.09,0.17,Matches,ed1cab5a
371,George Finney,eng ENG,DFMF,Everton,18,2007,7,7,566,6.3,0,1,1,0,0,0,2,1,0.00,0.16,0.16,0.00,0.16,Matches,019b975b
372,Will Firth,au AUS,DF,Leeds United,17,2007,7,3,384,4.3,0,0,0,0,0,0,0,0,0.00,0.00,0.00,0.00,0.00,Matches,ee8622e6
373,Hugo Fisher,eng ENG,GK,Southampton,20,2004,8,8,720,8.0,0,0,0,0,0,0,0,0,0.00,0.00,0.00,0.00,0.00,Matches,56350399
374,Nathan Fisher,eng ENG,GK,Middlesbrough,20,2005,1,1,90,1.0,0,0,0,0,0,0,0,0,0.00,0.00,0.00,0.00,0.00,Matches,78e531f3
375,Alfie Fisken,eng ENG,MF,Leicester City,19,2005,6,3,272,3.0,0,0,0,0,0,0,0,0,0.00,0.00,0.00,0.00,0.00,Matches,98168353
376,Jayce Fitzgerald,eng ENG,MF,Manchester Utd,18,2007,16,16,1383,15.4,2,1,3,2,0,0,5,1,0.13,0.07,0.20,0.13,0.20,Matches,462c5660
377,Kyle Fitzgerald,ie IRL,MFFW,Newcastle,18,2007,14,9,779,8.7,1,2,3,1,0,0,1,0,0.12,0.23,0.35,0.12,0.35,Matches,87242596
378,Charlie Fletcher,eng ENG,MF,Blackburn,15,2010,1,0,1,0.0,0,0,0,0,0,0,0,0,0.00,0.00,0.00,0.00,0.00,Matches,264b9887
379,Edward Fletcher,rs SRB,MFFW,Leeds United,16,2008,5,3,283,3.1,0,0,0,0,0,0,0,0,0.00,0.00,0.00,0.00,0.00,Matches,cee6a0fc
380,Jack Fletcher,eng ENG,MFDF,Manchester Utd,18,2007,14,13,1103,12.3,4,5,9,4,0,0,3,0,0.33,0.41,0.73,0.33,0.73,Matches,38a6c944
381,Luca Fletcher,eng ENG,FWMF,Ipswich Town,18,2007,15,15,1172,13.0,6,2,8,6,0,0,1,0,0.46,0.15,0.61,0.46,0.61,Matches,57634872
382,Tyler Fletcher,sct SCO,MFDF,Manchester Utd,18,2007,15,13,1188,13.2,0,1,1,0,0,0,1,0,0.00,0.08,0.08,0.00,0.08,Matches,81a92add
383,Diandro Fletchman,eng ENG,DF,Burnley,16,2008,1,0,17,0.2,0,0,0,0,0,0,0,0,0.00,0.00,0.00,0.00,0.00,Matches,cdc805aa
384,Luca Fong,eng ENG,DF,Burnley,16,2009,1,0,17,0.2,0,0,0,0,0,0,0,0,0.00,0.00,0.00,0.00,0.00,Matches,4d792cd9
385,Brandon Forbes,sct SCO,MFFW,Norwich City,19,2006,8,3,280,3.1,3,0,3,3,0,0,0,0,0.96,0.00,0.96,0.96,0.96,Matches,069da594
386,Adam Forshaw,eng ENG,MF,Blackburn,33,1991,2,2,85,0.9,0,0,0,0,0,0,0,0,0.00,0.00,0.00,0.00,0.00,Matches,9f1938ab
387,Lewis Forshaw,eng ENG,GK,Burnley,19,2006,2,2,180,2.0,0,0,0,0,0,0,0,0,0.00,0.00,0.00,0.00,0.00,Matches,165e06d4
388,Charlie Forsyth,,DF,Sunderland,,,1,1,84,0.9,0,0,0,0,0,0,0,0,0.00,0.00,0.00,0.00,0.00,Matches,1334187a
389,Rodrigo Fortes,pt POR,DFMF,Aston Villa,17,2007,10,7,674,7.5,1,0,1,1,0,0,1,0,0.13,0.00,0.13,0.13,0.13,Matches,3b1c3809
390,Harvey Foster,eng ENG,MF,Everton,18,2007,1,1,70,0.8,0,2,2,0,0,0,0,0,0.00,2.57,2.57,0.00,2.57,Matches,32cb6a77
391,Owen Foster,eng ENG,GK,Middlesbrough,20,2005,8,7,660,7.3,0,0,0,0,0,0,0,0,0.00,0.00,0.00,0.00,0.00,Matches,b08a2a4b
392,Djamna Frank,,MF,Nottingham,,,1,0,35,0.4,0,0,0,0,0,0,0,0,0.00,0.00,0.00,0.00,0.00,Matches,9528284d
393,Oscar Fraulo,dk DEN,MF,Derby County,21,2003,1,1,75,0.8,0,0,0,0,0,0,0,0,0.00,0.00,0.00,0.00,0.00,Matches,458e3479
394,Tyler Fredricson,eng ENG,DF,Manchester Utd,20,2005,4,4,215,2.4,0,0,0,0,0,0,0,0,0.00,0.00,0.00,0.00,0.00,Matches,58630379
395,Harry French,eng ENG,MF,West Brom,16,2008,4,0,127,1.4,0,0,0,0,0,0,1,0,0.00,0.00,0.00,0.00,0.00,Matches,44a0887a
396,Harry French,eng ENG,GK,Leicester City,19,2005,8,8,720,8.0,0,0,0,0,0,0,0,0,0.00,0.00,0.00,0.00,0.00,Matches,e1cf44dd
397,Max Fry,eng ENG,DFMF,Southampton,18,2007,7,7,560,6.2,1,2,3,1,0,0,1,0,0.16,0.32,0.48,0.16,0.48,Matches,42252b73
398,Kallum Fuller Thompson,,MF,Reading FC,,,1,0,22,0.2,0,0,0,0,0,0,0,0,0.00,0.00,0.00,0.00,0.00,Matches,03cde5f8
399,Luca Furnell-Gill,eng ENG,DF,Tottenham,18,2006,12,5,492,5.5,1,1,2,1,0,0,0,0,0.18,0.18,0.37,0.18,0.37,Matches,3192536f
400,Andre Garcia,eng ENG,MF,Reading FC,17,2007,2,2,135,1.5,1,0,1,1,0,0,1,0,0.67,0.00,0.67,0.67,0.67,Matches,7b3d54d7
401,Jake Garrett,eng ENG,MF,Blackburn,22,2003,6,6,494,5.5,1,1,2,1,0,0,1,0,0.18,0.18,0.36,0.18,0.36,Matches,ea1094af
402,Gabriel Garside Kelly,,MF,Stoke City,,,11,11,945,10.5,1,0,1,1,0,0,1,0,0.10,0.00,0.10,0.10,0.10,Matches,fac84925
403,Harry Gathercole,eng ENG,FWMF,Southampton,17,2007,14,6,774,8.6,1,0,1,1,0,0,2,0,0.12,0.00,0.12,0.12,0.12,Matches,298fd1d8
404,Billy Gee,eng ENG,DF,Norwich City,20,2005,18,18,1584,17.6,1,0,1,1,0,0,2,0,0.06,0.00,0.06,0.06,0.06,Matches,13f17c60
405,Finn Geragusyan,am ARM,FWMF,Sunderland,17,2007,11,10,838,9.3,3,2,5,2,1,2,3,0,0.32,0.21,0.54,0.21,0.43,Matches,e72d0b12
406,Laurence Giani,it ITA,DFMF,Stoke City,17,2008,9,9,737,8.2,0,5,5,0,0,0,1,0,0.00,0.61,0.61,0.00,0.61,Matches,6c409c8a
407,Joseph Gibbard,ie IRL,MFDF,Crystal Palace,19,2005,16,13,1179,13.1,1,1,2,1,0,0,5,1,0.08,0.08,0.15,0.08,0.15,Matches,6a5851c7
408,Liam Gibbs,eng ENG,MF,Norwich City,22,2002,1,1,65,0.7,0,0,0,0,0,0,1,0,0.00,0.00,0.00,0.00,0.00,Matches,e4b6d914
409,Alexander Gilbert,ie IRL,MF,Middlesbrough,23,2001,2,2,179,2.0,1,0,1,1,0,0,0,0,0.50,0.00,0.50,0.50,0.50,Matches,4f4a7bcb
410,Kacey Gill,eng ENG,MF,Derby County,16,2009,3,3,208,2.3,0,0,0,0,0,0,2,0,0.00,0.00,0.00,0.00,0.00,Matches,7cd74ce2
411,Tristan Gill,eng ENG,MF,Derby County,18,2006,4,1,173,1.9,0,0,0,0,0,0,0,0,0.00,0.00,0.00,0.00,0.00,Matches,ab452f32
412,Jake Glossop,eng ENG,DF,Norwich City,16,2009,2,1,94,1.0,0,0,0,0,0,0,0,0,0.00,0.00,0.00,0.00,0.00,Matches,80e94c8f
413,Felix Goddard,eng ENG,GK,Blackburn,21,2004,2,2,180,2.0,0,0,0,0,0,0,0,0,0.00,0.00,0.00,0.00,0.00,Matches,975dc6ea
414,Oliver Gofford,eng ENG,MFDF,Fulham,19,2005,12,9,796,8.8,3,0,3,3,0,0,3,0,0.34,0.00,0.34,0.34,0.34,Matches,248970bd
415,Airidas Golambeckis,eng ENG,DF,West Ham,17,2007,10,10,832,9.2,0,0,0,0,0,0,1,0,0.00,0.00,0.00,0.00,0.00,Matches,59149473
416,Michael Golding,eng ENG,MF,Leicester City,19,2006,16,12,934,10.4,3,0,3,3,0,0,1,0,0.29,0.00,0.29,0.29,0.29,Matches,67c5e0e8
417,Francis Gomez,gm GAM,MF,Everton,19,2006,18,15,1292,14.4,1,2,3,1,0,0,4,0,0.07,0.14,0.21,0.07,0.21,Matches,9d6b9e2d
418,Shane Gompe,eng ENG,MF,West Brom,16,2008,1,1,90,1.0,0,0,0,0,0,0,0,0,0.00,0.00,0.00,0.00,0.00,Matches,ed45c1fd
419,Enso Gonzalez,py PAR,MFFW,Wolves,20,2005,7,6,412,4.6,1,1,2,1,0,0,1,0,0.22,0.22,0.44,0.22,0.44,Matches,7e5bebeb
420,Isaac Gordon,,DF,Derby County,,,8,8,583,6.5,0,1,1,0,0,0,0,0,0.00,0.15,0.15,0.00,0.15,Matches,5c69114e
421,Kaide Gordon,eng ENG,MF,Liverpool,20,2004,5,5,450,5.0,2,3,5,1,1,2,2,0,0.40,0.60,1.00,0.20,0.80,Matches,19a9cb70
422,Khace Gordon,eng ENG,DF,Derby County,17,2008,1,1,90,1.0,0,0,0,0,0,0,0,0,0.00,0.00,0.00,0.00,0.00,Matches,7a18d80c
423,Sol Gordon,eng ENG,FW,Chelsea,17,2007,2,0,42,0.5,1,0,1,1,0,0,0,0,2.14,0.00,2.14,2.14,2.14,Matches,2edde1a4
424,Tino Goremusandu,eng ENG,DF,Blackburn,17,2008,1,1,85,0.9,0,0,0,0,0,0,0,0,0.00,0.00,0.00,0.00,0.00,Matches,8ec5a340
425,Billy Gough,eng ENG,DF,Derby County,19,2006,7,6,518,5.8,0,0,0,0,0,0,4,0,0.00,0.00,0.00,0.00,0.00,Matches,369a42ee
426,Josh Gracey,nir NIR,GK,Wolves,17,2007,3,3,270,3.0,0,0,0,0,0,0,0,0,0.00,0.00,0.00,0.00,0.00,Matches,5f3ab4b3
427,Braiden Graham,nir NIR,MFFW,Everton,17,2007,18,17,1574,17.5,12,2,14,11,1,1,4,0,0.69,0.11,0.80,0.63,0.74,Matches,bd1d3020
428,True Grant,eng ENG,GK,Stoke City,19,2005,5,5,450,5.0,0,0,0,0,0,0,0,0,0.00,0.00,0.00,0.00,0.00,Matches,4b339c90
429,Jake Grante,ie IRL,DF,Crystal Palace,19,2006,6,6,540,6.0,0,0,0,0,0,0,1,0,0.00,0.00,0.00,0.00,0.00,Matches,418e1451
430,Charlie Gray,eng ENG,MF,Manchester City,19,2006,8,6,506,5.6,0,1,1,0,0,0,2,0,0.00,0.18,0.18,0.00,0.18,Matches,59429fa1
431,Harry Gray,eng ENG,FWMF,Leeds United,16,2008,7,7,595,6.6,5,1,6,4,1,1,0,0,0.76,0.15,0.91,0.61,0.76,Matches,99965ed0
432,Henry Gray,nz NZL,GK,Ipswich Town,20,2005,3,3,270,3.0,0,0,0,0,0,0,2,0,0.00,0.00,0.00,0.00,0.00,Matches,87e6ad90
433,Kevon Gray,,DF,Leicester City,,,15,15,1319,14.7,0,2,2,0,0,0,2,0,0.00,0.14,0.14,0.00,0.14,Matches,3ff0db3a
434,Israel Green,eng ENG,MF,Derby County,16,2008,8,2,334,3.7,1,0,1,1,0,0,1,0,0.27,0.00,0.27,0.27,0.27,Matches,3b7b8e7d
435,Isaac Greenup,,MF,Middlesbrough,,,7,4,360,4.0,0,1,1,0,0,0,1,0,0.00,0.25,0.25,0.00,0.25,Matches,accea66a
436,Jake Griffin,ie IRL,DF,Stoke City,19,2005,12,12,995,11.1,0,0,0,0,0,0,1,1,0.00,0.00,0.00,0.00,0.00,Matches,fd0e019a
437,Euan Griffiths,eng ENG,MF,Derby County,16,2009,1,0,17,0.2,0,0,0,0,0,0,0,0,0.00,0.00,0.00,0.00,0.00,Matches,96f7e4f0
438,Harvey Griffiths,eng ENG,MF,Wolves,21,2003,10,9,795,8.8,0,1,1,0,0,0,1,0,0.00,0.11,0.11,0.00,0.11,Matches,6e4cb264
439,Wiktor Gromek,pl POL,MFDF,Stoke City,20,2005,5,5,405,4.5,0,1,1,0,0,0,1,0,0.00,0.22,0.22,0.00,0.22,Matches,74d4a44e
440,Luca Gunter,eng ENG,GK,Tottenham,20,2005,9,9,810,9.0,0,0,0,0,0,0,0,0,0.00,0.00,0.00,0.00,0.00,Matches,4f334ed9
441,Aurelien Gurnier,,FWMF,Birmingham City,,,15,11,1016,11.3,3,0,3,2,1,1,3,0,0.27,0.00,0.27,0.18,0.18,Matches,f890c1b6
442,Francis Gyimah,eng ENG,DF,Stoke City,19,2006,1,0,16,0.2,0,0,0,0,0,0,0,0,0.00,0.00,0.00,0.00,0.00,Matches,d731b553
443,Lewis Hall,eng ENG,DF,Newcastle,20,2004,1,1,90,1.0,0,0,0,0,0,0,1,0,0.00,0.00,0.00,0.00,0.00,Matches,da011f18
444,Steven Hall,au AUS,GK,Brighton,20,2005,11,11,990,11.0,0,0,0,0,0,0,0,0,0.00,0.00,0.00,0.00,0.00,Matches,3ce10d10
445,Bailey Hall-Macdonald,eng ENG,GK,Liverpool,17,2007,1,1,90,1.0,0,0,0,0,0,0,0,0,0.00,0.00,0.00,0.00,0.00,Matches,de3cc724
446,Eric Hamelberg,eng ENG,MF,Middlesbrough,17,2007,8,3,287,3.2,2,1,3,2,0,0,0,0,0.63,0.31,0.94,0.63,0.94,Matches,a72c0fd4
447,Eric Hamelberg,eng ENG,MF,Stoke City,17,2007,2,2,169,1.9,1,0,1,1,0,0,0,0,0.53,0.00,0.53,0.53,0.53,Matches,a72c0fd4
448,Callan Hamill,sct SCO,DF,Arsenal,16,2009,8,7,582,6.5,0,1,1,0,0,0,2,0,0.00,0.15,0.15,0.00,0.15,Matches,d2b4cac6
449,Micah Hamilton,eng ENG,MFFW,Middlesbrough,21,2003,8,8,633,7.0,1,4,5,1,0,0,0,0,0.14,0.57,0.71,0.14,0.71,Matches,0b059e15
450,Ben Hammond,wls WAL,MFDF,Nottingham,21,2004,12,12,1064,11.8,0,0,0,0,0,0,5,0,0.00,0.00,0.00,0.00,0.00,Matches,b1101b63
451,Justin Hanks,wls WAL,DF,Nottingham,20,2004,19,19,1708,19.0,2,0,2,2,0,0,3,0,0.11,0.00,0.11,0.11,0.11,Matches,6e9136ec
452,Sontje Hansen,cw CUW,MFFW,Middlesbrough,23,2002,2,2,180,2.0,0,1,1,0,0,0,0,0,0.00,0.50,0.50,0.00,0.50,Matches,70bad10b
453,Malachi Hardy,eng ENG,DF,Tottenham,17,2008,11,10,899,10.0,0,0,0,0,0,0,2,1,0.00,0.00,0.00,0.00,0.00,Matches,3478fa17
454,Riley Hargan,eng ENG,MF,West Ham,18,2006,3,1,98,1.1,0,0,0,0,0,0,0,0,0.00,0.00,0.00,0.00,0.00,Matches,e56567fa
455,Fraser Harper,,MF,Newcastle,,,5,0,131,1.5,1,0,1,1,0,0,0,0,0.69,0.00,0.69,0.69,0.69,Matches,377754f6
456,Aidan Harris,eng ENG,GK,Newcastle,18,2006,9,9,810,9.0,1,0,1,1,0,0,0,0,0.11,0.00,0.11,0.11,0.11,Matches,49e9c2d8
457,Adam Harrison,eng ENG,GK,Newcastle,18,2006,4,4,360,4.0,0,0,0,0,0,0,0,0,0.00,0.00,0.00,0.00,0.00,Matches,d962fd42
458,Alfie Harrison,eng ENG,MFFW,Newcastle,19,2005,11,10,903,10.0,0,3,3,0,0,0,2,0,0.00,0.30,0.30,0.00,0.30,Matches,c74bfe88
459,Elyh Harrison,eng ENG,GK,Manchester Utd,19,2006,1,1,90,1.0,0,0,0,0,0,0,0,0,0.00,0.00,0.00,0.00,0.00,Matches,6175ebf8
460,Lucas Harrison,eng ENG,MF,Middlesbrough,17,2007,3,1,125,1.4,0,1,1,0,0,0,0,0,0.00,0.72,0.72,0.00,0.72,Matches,e00c5f03
461,Max Harrison,,MF,Stoke City,,,1,0,5,0.1,0,0,0,0,0,0,0,0,0.00,0.00,0.00,0.00,0.00,Matches,21b7163f
462,Ollie Harrison,eng ENG,MF,Chelsea,17,2007,18,16,1385,15.4,1,0,1,1,0,0,0,0,0.06,0.00,0.06,0.06,0.06,Matches,6ce635b6
463,Sam Harrison,,DF,Reading FC,,,8,5,374,4.2,0,0,0,0,0,0,0,0,0.00,0.00,0.00,0.00,0.00,Matches,5c48dea2
464,Maalik Hashi,eng ENG,MF,Arsenal,16,2008,3,1,131,1.5,0,0,0,0,0,0,0,0,0.00,0.00,0.00,0.00,0.00,Matches,43043a71
465,Harry Hawkins,eng ENG,DFMF,Derby County,19,2006,7,4,417,4.6,0,0,0,0,0,0,2,0,0.00,0.00,0.00,0.00,0.00,Matches,a4424c39
466,Matthew Hayden,eng ENG,MF,Brighton,18,2007,4,1,188,2.1,0,0,0,0,0,0,0,0,0.00,0.00,0.00,0.00,0.00,Matches,5d8e83e2
467,Fraser Heard,,DF,Ipswich Town,,,2,0,29,0.3,0,0,0,0,0,0,0,0,0.00,0.00,0.00,0.00,0.00,Matches,0bd13909
468,Travis Hearnes,no NOR,MF,Newcastle,19,2005,3,3,240,2.7,0,0,0,0,0,0,0,0,0.00,0.00,0.00,0.00,0.00,Matches,849e071e
469,Isaac Heath,eng ENG,MF,Everton,20,2004,3,2,221,2.5,1,0,1,1,0,0,0,0,0.41,0.00,0.41,0.41,0.41,Matches,b54c480e
470,Cathal Heffernan,ie IRL,DF,Newcastle,20,2005,9,8,748,8.3,1,0,1,1,0,0,0,0,0.12,0.00,0.12,0.12,0.12,Matches,7ca8cb7d
471,Krisztián Hegyi,hu HUN,GK,West Ham,22,2002,2,2,180,2.0,0,0,0,0,0,0,0,0,0.00,0.00,0.00,0.00,0.00,Matches,2411c7f7
472,Yuel Helafu,eng ENG,DF,Manchester Utd,16,2008,5,2,214,2.4,0,0,0,0,0,0,0,0,0.00,0.00,0.00,0.00,0.00,Matches,f27cb73c
473,George Hemmings,eng ENG,MF,Aston Villa,18,2007,10,10,834,9.3,0,2,2,0,0,0,3,1,0.00,0.22,0.22,0.00,0.22,Matches,28795530
474,Matthew Henderson-Hall,eng ENG,MFDF,Manchester City,18,2006,7,2,265,2.9,0,0,0,0,0,0,2,0,0.00,0.00,0.00,0.00,0.00,Matches,1c18c5e2
475,Zack Henry,eng ENG,DF,Crystal Palace,18,2007,1,1,71,0.8,0,0,0,0,0,0,0,0,0.00,0.00,0.00,0.00,0.00,Matches,aa36840f
476,Finlay Herrick,eng ENG,GK,West Ham,19,2006,3,3,270,3.0,0,0,0,0,0,0,1,0,0.00,0.00,0.00,0.00,0.00,Matches,8a764f73
477,Jaden Heskey,eng ENG,MF,Manchester City,19,2005,9,9,765,8.5,0,2,2,0,0,0,2,0,0.00,0.24,0.24,0.00,0.24,Matches,5281da0d
478,Reigan Heskey,eng ENG,MFFW,Manchester City,17,2008,15,12,1048,11.6,4,6,10,4,0,1,0,0,0.34,0.52,0.86,0.34,0.86,Matches,d4ee4622
479,Bayley Hester,,DFMF,Sunderland,,,5,5,381,4.2,0,0,0,0,0,0,0,0,0.00,0.00,0.00,0.00,0.00,Matches,d4ac6c01
480,David Hicks,,MFFW,Reading FC,,,19,17,1516,16.8,4,4,8,4,0,0,5,1,0.24,0.24,0.47,0.24,0.47,Matches,ac47585c
481,Akeel Higgins,eng ENG,MF,West Brom,20,2005,3,2,209,2.3,0,0,0,0,0,0,0,0,0.00,0.00,0.00,0.00,0.00,Matches,0e6e09b8
482,Harvey Higgins,eng ENG,MFFW,Blackburn,16,2009,4,4,285,3.2,1,0,1,1,0,0,0,0,0.32,0.00,0.32,0.32,0.32,Matches,4e1188f9
483,Dantel Hodges,eng ENG,MF,Derby County,17,2007,4,0,104,1.2,0,1,1,0,0,0,0,0,0.00,0.87,0.87,0.00,0.87,Matches,6714e011
484,Finlay Holcroft,eng ENG,DF,Sunderland,17,2007,17,15,1415,15.7,0,0,0,0,0,0,5,0,0.00,0.00,0.00,0.00,0.00,Matches,e56edaf8
485,Charlie Holland,eng ENG,MF,Chelsea,16,2009,1,0,6,0.1,0,0,0,0,0,0,0,0,0.00,0.00,0.00,0.00,0.00,Matches,88a17a09
486,Ronnie Hollingshead,wls WAL,GK,Aston Villa,20,2004,4,4,360,4.0,0,0,0,0,0,0,0,0,0.00,0.00,0.00,0.00,0.00,Matches,74ab11a7
487,Fletcher Holman,eng ENG,FWMF,Wolves,20,2004,8,4,442,4.9,4,0,4,4,0,1,0,0,0.81,0.00,0.81,0.81,0.81,Matches,de40b95a
488,Solomon Honor,eng ENG,GK,Blackburn,19,2006,1,1,90,1.0,0,0,0,0,0,0,0,0,0.00,0.00,0.00,0.00,0.00,Matches,1b71d535
489,Finley Hooper,eng ENG,GK,West Ham,17,2008,5,5,450,5.0,0,0,0,0,0,0,0,0,0.00,0.00,0.00,0.00,0.00,Matches,c5338abe
490,Lucas Houghton,,DF,Blackburn,,,10,10,861,9.6,0,3,3,0,0,0,0,0,0.00,0.31,0.31,0.00,0.31,Matches,e5421ff0
491,Jacob Howard,eng ENG,DF,Leeds United,16,2009,11,11,905,10.1,0,1,1,0,0,0,4,0,0.00,0.10,0.10,0.00,0.10,Matches,1a1ddf76
492,Luke Howard,,MF,Reading FC,,,16,7,822,9.1,1,0,1,1,0,0,3,0,0.11,0.00,0.11,0.11,0.11,Matches,500c4076
493,Harry Howell,eng ENG,MF,Brighton,17,2008,4,4,242,2.7,0,2,2,0,0,0,0,0,0.00,0.74,0.74,0.00,0.74,Matches,d8a7e52c
494,Max Howells,eng ENG,FW,Middlesbrough,20,2004,3,0,20,0.2,0,0,0,0,0,0,0,0,0.00,0.00,0.00,0.00,0.00,Matches,edad9f20
495,Jonny Howson,eng ENG,DFMF,Leeds United,37,1988,10,9,816,9.1,0,1,1,0,0,0,0,0,0.00,0.11,0.11,0.00,0.11,Matches,08b10f50
496,Cameron Humphreys,eng ENG,MF,Ipswich Town,21,2003,2,2,180,2.0,0,0,0,0,0,0,0,0,0.00,0.00,0.00,0.00,0.00,Matches,6068431b
497,Evan Humphries,eng ENG,DF,West Brom,19,2005,10,10,900,10.0,0,0,0,0,0,0,1,0,0.00,0.00,0.00,0.00,0.00,Matches,2a08abf1
498,Harley Hunt,,DF,Middlesbrough,,,4,4,319,3.5,0,0,0,0,0,0,0,0,0.00,0.00,0.00,0.00,0.00,Matches,e3ebbfc2
499,Liam Hunt,,MFDF,Sunderland,,,9,5,494,5.5,0,0,0,0,0,0,0,0,0.00,0.00,0.00,0.00,0.00,Matches,8759ac37
500,Lorenz Hutchinson,eng ENG,MFFW,Leicester City,17,2008,11,7,691,7.7,4,2,6,4,0,0,0,0,0.52,0.26,0.78,0.52,0.78,Matches,5002280b
501,Alfie Hutchison,sct SCO,FW,Newcastle,16,2009,1,0,21,0.2,0,0,0,0,0,0,0,0,0.00,0.00,0.00,0.00,0.00,Matches,7e0534dd
502,Cruz Ibeh,,FW,Middlesbrough,,,4,3,272,3.0,3,0,3,3,0,1,0,0,0.99,0.00,0.99,0.99,0.99,Matches,29317106
503,Amir Ibragimov,ru RUS,FW,Manchester Utd,17,2008,1,0,14,0.2,1,0,1,1,0,0,0,0,6.43,0.00,6.43,6.43,6.43,Matches,5d2db70f
504,Ife Ibrahim,eng ENG,MF,Arsenal,17,2008,19,16,1380,15.3,0,1,1,0,0,0,1,0,0.00,0.07,0.07,0.00,0.07,Matches,67fff243
505,Younes Ibrahim,eng ENG,FW,Brighton,17,2008,3,2,195,2.2,1,1,2,1,0,0,1,0,0.46,0.46,0.92,0.46,0.92,Matches,1137c4f9
506,Glen Ilunga,ie IRL,MF,Burnley,15,2009,2,1,123,1.4,0,0,0,0,0,0,0,0,0.00,0.00,0.00,0.00,0.00,Matches,129fe2c8
507,Oliver Irow,eng ENG,MFFW,Tottenham,19,2006,9,7,564,6.3,3,0,3,2,1,1,0,0,0.48,0.00,0.48,0.32,0.32,Matches,d6994da8
508,Dan Isichei,,MF,Birmingham City,,,10,8,739,8.2,3,1,4,2,1,1,2,0,0.37,0.12,0.49,0.24,0.37,Matches,ef377e58
509,Jackson Izquierdo,eng ENG,GK,Crystal Palace,20,2004,7,7,630,7.0,0,0,0,0,0,0,0,0,0.00,0.00,0.00,0.00,0.00,Matches,d806f016
510,Kayden Jackson,eng ENG,FW,Derby County,31,1994,1,1,90,1.0,0,0,0,0,0,0,0,0,0.00,0.00,0.00,0.00,0.00,Matches,4cb3b5a7
511,Louis Jackson,sct SCO,DF,Manchester Utd,19,2005,8,7,601,6.7,0,0,0,0,0,0,0,0,0.00,0.00,0.00,0.00,0.00,Matches,06a441c4
512,Daniel James,,MF,Middlesbrough,,,10,8,690,7.7,0,3,3,0,0,0,1,0,0.00,0.39,0.39,0.00,0.39,Matches,6ad9a83b
513,Herbie James,eng ENG,FW,Tottenham,18,2006,2,0,33,0.4,0,0,0,0,0,0,0,0,0.00,0.00,0.00,0.00,0.00,Matches,e27c15c3
514,Mahdi Jazuli,eng ENG,MF,Chelsea,15,2010,2,1,119,1.3,0,0,0,0,0,0,0,0,0.00,0.00,0.00,0.00,0.00,Matches,b1dcc59b
515,Josh Jeffries,eng ENG,GK,Southampton,19,2005,3,2,203,2.3,0,0,0,0,0,0,0,0,0.00,0.00,0.00,0.00,0.00,Matches,5fe4b24e
516,Eyimofe Jemide,eng ENG,DF,Crystal Palace,18,2006,12,10,963,10.7,0,1,1,0,0,0,1,0,0.00,0.09,0.09,0.00,0.09,Matches,34ed64d2
517,Max Jenner,eng ENG,MF,Aston Villa,17,2008,11,4,493,5.5,0,0,0,0,0,0,1,0,0.00,0.00,0.00,0.00,0.00,Matches,848bba9a
518,Sebastian Jensen,dk DEN,GK,Brighton,19,2006,6,6,540,6.0,0,0,0,0,0,0,0,0,0.00,0.00,0.00,0.00,0.00,Matches,c880a8ad
519,Brad de Jesus,pt POR,DF,Fulham,19,2006,20,16,1450,16.1,1,0,1,1,0,0,2,0,0.06,0.00,0.06,0.06,0.06,Matches,f627cafa
520,Jamaldeen Jimoh,eng ENG,MFFW,Aston Villa,18,2006,4,4,346,3.8,1,2,3,1,0,0,3,1,0.26,0.52,0.78,0.26,0.78,Matches,1e711234
521,Brayden Johnson,eng ENG,MFDF,Middlesbrough,19,2006,16,16,1440,16.0,0,2,2,0,0,0,10,0,0.00,0.12,0.12,0.00,0.12,Matches,fc472fa3
522,Henry Johnson,eng ENG,DF,Newcastle,17,2008,5,1,206,2.3,0,0,0,0,0,0,0,0,0.00,0.00,0.00,0.00,0.00,Matches,dfde8b17
523,Zac Johnson,eng ENG,DF,Sunderland,21,2004,1,1,50,0.6,0,0,0,0,0,0,0,0,0.00,0.00,0.00,0.00,0.00,Matches,67cd6d8d
524,Zach Johnson,eng ENG,MFFW,Burnley,18,2007,15,8,799,8.9,4,0,4,4,0,0,2,0,0.45,0.00,0.45,0.45,0.45,Matches,ff9f2b4d
525,Max Johnston,sct SCO,DF,Derby County,21,2003,1,1,45,0.5,0,0,0,0,0,0,0,0,0.00,0.00,0.00,0.00,0.00,Matches,827651b8
526,Dylan Jones,,FW,Norwich City,,,6,5,459,5.1,4,0,4,4,0,0,0,0,0.78,0.00,0.78,0.78,0.78,Matches,1dd36d06
527,Frankie Jones,,DF,Derby County,,,1,1,62,0.7,0,0,0,0,0,0,0,0,0.00,0.00,0.00,0.00,0.00,Matches,6353df40
528,Harrison Jones,eng ENG,MF,Sunderland,20,2004,9,9,738,8.2,5,3,8,5,0,0,1,0,0.61,0.37,0.98,0.61,0.98,Matches,2a78981b
529,Jaydon Jones,eng ENG,MF,Sunderland,18,2006,17,13,1273,14.1,1,2,3,1,0,0,5,1,0.07,0.14,0.21,0.07,0.21,Matches,3ad7599b
530,Jenson Jones,eng ENG,DF,Sunderland,24,2000,13,13,1142,12.7,1,3,4,1,0,0,6,0,0.08,0.24,0.32,0.08,0.32,Matches,4776da26
531,Jerae Jones,eng ENG,MFFW,Reading FC,18,2007,12,5,561,6.2,1,1,2,1,0,0,1,0,0.16,0.16,0.32,0.16,0.32,Matches,ffb4f185
532,Riquelme Jones,eng ENG,DF,Birmingham City,17,2008,7,7,591,6.6,0,0,0,0,0,0,0,0,0.00,0.00,0.00,0.00,0.00,Matches,6883b3e6
533,Valentin Joseph,,FW,Blackburn,,,8,3,382,4.2,0,1,1,0,0,0,0,0,0.00,0.24,0.24,0.00,0.24,Matches,745b9d54
534,Jasper Judd,eng ENG,DF,Crystal Palace,17,2007,5,3,325,3.6,0,0,0,0,0,0,0,0,0.00,0.00,0.00,0.00,0.00,Matches,065b072f
535,Theo Julienne,eng ENG,MF,Arsenal,17,2008,11,10,831,9.2,1,1,2,1,0,0,3,0,0.11,0.11,0.22,0.11,0.22,Matches,2d8126be
536,Ismeal Kabia,eng ENG,MF,Arsenal,19,2005,2,2,180,2.0,1,1,2,1,0,0,0,0,0.50,0.50,1.00,0.50,1.00,Matches,6b15cf32
537,Maldini Kacurri,al ALB,DF,Arsenal,19,2005,4,4,314,3.5,0,0,0,0,0,0,2,0,0.00,0.00,0.00,0.00,0.00,Matches,7be4311f
538,Dino Kaiser,ba BIH,GK,Fulham,18,2007,1,1,90,1.0,0,0,0,0,0,0,0,0,0.00,0.00,0.00,0.00,0.00,Matches,668f41c7
539,Lucca Kakai,,FW,Middlesbrough,,,4,0,54,0.6,0,0,0,0,0,0,0,0,0.00,0.00,0.00,0.00,0.00,Matches,7bcfaf7b
540,Sutura Kakay,,MFFW,Southampton,,,16,8,784,8.7,0,1,1,0,0,0,3,0,0.00,0.11,0.11,0.00,0.11,Matches,509bc60a
541,Osman Kamara,sl SLE,MFFW,Blackburn,18,2006,8,5,532,5.9,2,0,2,2,0,0,0,0,0.34,0.00,0.34,0.34,0.34,Matches,59574026
542,Osman Kamara,sl SLE,MF,Arsenal,18,2006,6,1,217,2.4,1,0,1,1,0,0,0,0,0.41,0.00,0.41,0.41,0.41,Matches,59574026
543,Jaydan Kamason,eng ENG,DF,Manchester Utd,18,2006,10,10,822,9.1,1,0,1,1,0,0,2,0,0.11,0.00,0.11,0.11,0.11,Matches,62619644
544,Samuel Kane,sct SCO,GK,Derby County,19,2006,3,3,270,3.0,0,0,0,0,0,0,0,0,0.00,0.00,0.00,0.00,0.00,Matches,f30f388b
545,Abdoulaye Kanté,fr FRA,MF,Middlesbrough,20,2005,1,1,90,1.0,0,0,0,0,0,0,0,0,0.00,0.00,0.00,0.00,0.00,Matches,ee799e7f
546,Mohamadou Kanté,fr FRA,MF,West Ham,19,2005,9,8,711,7.9,3,1,4,3,0,0,2,0,0.38,0.13,0.51,0.38,0.51,Matches,0041f3e6
547,Augustus Kargbo,sl SLE,MF,Blackburn,25,1999,1,1,45,0.5,0,0,0,0,0,0,0,0,0.00,0.00,0.00,0.00,0.00,Matches,0c8f27b5
548,Henry Kasvosve,wls WAL,FW,Brighton,17,2007,2,0,23,0.3,0,0,0,0,0,0,0,0,0.00,0.00,0.00,0.00,0.00,Matches,7beaf91d
549,Jadel Katongo,zm ZAM,DF,Manchester City,20,2004,4,4,360,4.0,0,0,0,0,0,0,0,0,0.00,0.00,0.00,0.00,0.00,Matches,abce1eac
550,Ryan Kavuma McQueen,eng ENG,MFFW,Chelsea,16,2009,13,9,732,8.1,5,2,7,5,0,0,5,0,0.61,0.25,0.86,0.61,0.86,Matches,e82e145e
551,Joachim Kayi Sanda,fr FRA,DFMF,Southampton,18,2006,11,11,990,11.0,0,1,1,0,0,0,3,0,0.00,0.09,0.09,0.00,0.09,Matches,e2b2a181
552,Leon Kelley-Quinn,,DF,Blackburn,,,3,1,100,1.1,0,0,0,0,0,0,1,0,0.00,0.00,0.00,0.00,0.00,Matches,93f56ac3
553,Kyle Kelly,kn SKN,MF,Liverpool,19,2005,11,10,862,9.6,0,0,0,0,0,0,3,0,0.00,0.00,0.00,0.00,0.00,Matches,e7319536
554,Sean Keogh,ie IRL,DFMF,Brighton,19,2006,19,13,1188,13.2,0,3,3,0,0,0,4,0,0.00,0.23,0.23,0.00,0.23,Matches,6c51a40a
555,Omar Khedr,eg EGY,MF,Aston Villa,19,2006,3,1,110,1.2,0,0,0,0,0,0,1,0,0.00,0.00,0.00,0.00,0.00,Matches,695a4eb9
556,Reiss Khela,eng ENG,DF,Leicester City,18,2006,7,6,522,5.8,0,0,0,0,0,0,2,1,0.00,0.00,0.00,0.00,0.00,Matches,4845b71d
557,Ben Kindon,,DF,Sunderland,,,19,19,1710,19.0,1,0,1,1,0,0,1,0,0.05,0.00,0.05,0.05,0.05,Matches,69fb6e21
558,Corey King,eng ENG,DF,Burnley,17,2007,5,4,349,3.9,0,0,0,0,0,0,0,0,0.00,0.00,0.00,0.00,0.00,Matches,6bd939ff
559,George King,eng ENG,DF,Crystal Palace,18,2007,14,14,1260,14.0,2,1,3,2,0,0,2,0,0.14,0.07,0.21,0.14,0.21,Matches,72103498
560,Isaac King,,DF,Ipswich Town,,,1,1,90,1.0,0,0,0,0,0,0,0,0,0.00,0.00,0.00,0.00,0.00,Matches,7f9c55c4
561,Josiah King,eng ENG,FW,Arsenal,16,2009,1,0,13,0.1,0,0,0,0,0,0,0,0,0.00,0.00,0.00,0.00,0.00,Matches,71a84184
562,Maeson King,eng ENG,DF,Tottenham,19,2005,8,8,697,7.7,0,0,0,0,0,0,1,0,0.00,0.00,0.00,0.00,0.00,Matches,b00671f2
563,Joe Knight,eng ENG,MF,Brighton,19,2005,6,5,418,4.6,1,0,1,1,0,0,5,0,0.22,0.00,0.22,0.22,0.22,Matches,16168a0f
564,Mohamed Koné,ci CIV,MF,Aston Villa,18,2007,19,16,1428,15.9,1,0,1,1,0,0,8,0,0.06,0.00,0.06,0.06,0.06,Matches,74034714
565,Charalampos Kostoulas,gr GRE,FW,Brighton,18,2007,1,0,29,0.3,0,0,0,0,0,0,0,0,0.00,0.00,0.00,0.00,0.00,Matches,816010c4
566,Caleb Kporha,eng ENG,DF,Crystal Palace,19,2006,2,1,90,1.0,0,0,0,0,0,0,0,0,0.00,0.00,0.00,0.00,0.00,Matches,c80f8c9d
567,Godwill Kukonki,eng ENG,DF,Manchester Utd,17,2008,8,6,591,6.6,0,0,0,0,0,0,1,0,0.00,0.00,0.00,0.00,0.00,Matches,30416cc3
568,Jonah Kusi-Asare,se SWE,FW,Fulham,18,2007,5,5,395,4.4,4,0,4,4,0,0,0,0,0.91,0.00,0.91,0.91,0.91,Matches,c7c26e61
569,Rio Kyerematen,eng ENG,MFFW,Tottenham,20,2005,18,16,1407,15.6,7,4,11,7,0,0,2,0,0.45,0.26,0.70,0.45,0.70,Matches,04a1c050
570,Jerome Kyremeh,,FW,Stoke City,,,12,10,850,9.4,4,0,4,4,0,0,1,0,0.42,0.00,0.42,0.42,0.42,Matches,5f2b569e
571,Shea Lacey,eng ENG,MFFW,Manchester Utd,18,2007,10,7,596,6.6,8,3,11,6,2,2,2,0,1.21,0.45,1.66,0.91,1.36,Matches,3160e952
572,Michael Laffey,eng ENG,MF,Liverpool,19,2005,20,15,1405,15.6,2,1,3,2,0,0,3,0,0.13,0.06,0.19,0.13,0.19,Matches,0b253f7e
573,Keiber Lamadrid,ve VEN,FW,West Ham,21,2003,3,3,192,2.1,1,1,2,1,0,0,0,0,0.47,0.47,0.94,0.47,0.94,Matches,5903eca2
574,Josh Landers,sct SCO,FW,West Ham,18,2007,17,12,1022,11.4,7,1,8,7,0,0,2,0,0.62,0.09,0.70,0.62,0.70,Matches,8074bc2f
575,Darius Lane,us USA,MF,Brighton,17,2007,2,0,72,0.8,0,0,0,0,0,0,0,0,0.00,0.00,0.00,0.00,0.00,Matches,421049e5
576,Freddie Lane,eng ENG,DFMF,Leeds United,17,2007,10,9,745,8.3,1,0,1,1,0,0,0,0,0.12,0.00,0.12,0.12,0.12,Matches,6abec90e
577,Sondre Langås,no NOR,DF,Derby County,24,2001,1,1,30,0.3,0,0,0,0,0,0,0,0,0.00,0.00,0.00,0.00,0.00,Matches,107e4890
578,Thomas Lavery,eng ENG,DF,Sunderland,19,2005,1,1,90,1.0,1,0,1,1,0,0,1,0,1.00,0.00,1.00,1.00,1.00,Matches,404b1e8f
579,Roméo Lavia,be BEL,DF,Chelsea,21,2004,1,1,45,0.5,0,0,0,0,0,0,0,0,0.00,0.00,0.00,0.00,0.00,Matches,ecad9aa5
580,Emilio Lawrence,sct SCO,MFFW,Manchester City,19,2005,9,7,595,6.6,1,2,3,1,0,0,0,0,0.15,0.30,0.45,0.15,0.45,Matches,fe6c9062
581,Will Lawrence,,MF,Leicester City,,,2,0,58,0.6,0,0,0,0,0,0,0,0,0.00,0.00,0.00,0.00,0.00,Matches,dca35629
582,Callum Leacock,nir NIR,DF,West Ham,16,2008,6,3,316,3.5,0,0,0,0,0,0,1,0,0.00,0.00,0.00,0.00,0.00,Matches,906b2078
583,Freddie Leatherbarrow,,MF,Blackburn,,,2,2,139,1.5,0,0,0,0,0,0,0,1,0.00,0.00,0.00,0.00,0.00,Matches,3da314af
584,Harry Lee,eng ENG,GK,Crystal Palace,20,2004,13,13,1170,13.0,0,0,0,0,0,0,0,0,0.00,0.00,0.00,0.00,0.00,Matches,87161c89
585,Ellis Lehane,gd GRN,FWMF,Tottenham,18,2006,16,4,531,5.9,1,1,2,1,0,0,0,0,0.17,0.17,0.34,0.17,0.34,Matches,4e21972c
586,Dexter Lembikisa,jm JAM,DFMF,Wolves,21,2003,15,15,1344,14.9,0,0,0,0,0,0,1,0,0.00,0.00,0.00,0.00,0.00,Matches,0bdda685
587,Elias Lenz,de GER,MF,Sunderland,19,2005,6,3,256,2.8,0,0,0,0,0,0,1,0,0.00,0.00,0.00,0.00,0.00,Matches,c63af1f5
588,Diego León,py PAR,DF,Manchester Utd,18,2007,11,10,841,9.3,1,0,1,1,0,0,3,0,0.11,0.00,0.11,0.11,0.11,Matches,69ea448b
589,Harry Leonard,eng ENG,FW,Blackburn,21,2003,1,1,90,1.0,0,0,0,0,0,0,0,0,0.00,0.00,0.00,0.00,0.00,Matches,b8c665a1
590,Adam Letlat,eng ENG,MFDF,West Brom,16,2008,10,7,621,6.9,1,0,1,1,0,0,0,0,0.14,0.00,0.14,0.14,0.14,Matches,284b23c8
591,Joshua Lett,gd GRN,DF,Sunderland,20,2004,2,1,89,1.0,0,0,0,0,0,0,0,0,0.00,0.00,0.00,0.00,0.00,Matches,578ccd2d
592,Marley Leuluai,nz NZL,MFDF,Burnley,18,2006,14,5,564,6.3,0,0,0,0,0,0,0,0,0.00,0.00,0.00,0.00,0.00,Matches,888dfa9b
593,James Lewis,eng ENG,MF,Burnley,16,2009,1,0,8,0.1,0,0,0,0,0,0,0,0,0.00,0.00,0.00,0.00,0.00,Matches,d53b081e
594,Josh Lewis,,DFMF,Ipswich Town,,,13,2,402,4.5,0,0,0,0,0,0,0,0,0.00,0.00,0.00,0.00,0.00,Matches,cb23e410
595,Alex Lienard,nz NZL,DF,Sunderland,16,2008,6,4,412,4.6,0,0,0,0,0,0,0,0,0.00,0.00,0.00,0.00,0.00,Matches,54d50de8
596,Jayden Lienou,wls WAL,DF,Leeds United,17,2008,19,19,1645,18.3,0,2,2,0,0,0,4,0,0.00,0.11,0.11,0.00,0.11,Matches,2444cd03
597,Archie Lightfoot,,DF,Sunderland,,,16,10,1051,11.7,0,2,2,0,0,0,1,0,0.00,0.17,0.17,0.00,0.17,Matches,01b8051f
598,Pedro Lima,br BRA,MF,Wolves,19,2006,2,2,135,1.5,0,0,0,0,0,0,0,0,0.00,0.00,0.00,0.00,0.00,Matches,b2f4cad5
599,Jahmari Lindsay,eng ENG,DF,Leicester City,20,2004,3,0,70,0.8,0,1,1,0,0,0,0,0,0.00,1.29,1.29,0.00,1.29,Matches,81c939d9
600,Luis Lines,wls WAL,GK,Norwich City,18,2007,10,10,900,10.0,0,0,0,0,0,0,0,0,0.00,0.00,0.00,0.00,0.00,Matches,4acc6260
601,Hugo Lisle,eng ENG,MF,Leicester City,16,2009,2,0,36,0.4,0,0,0,0,0,0,0,0,0.00,0.00,0.00,0.00,0.00,Matches,39ac6c70
602,Harry Lister,,MF,Blackburn,,,4,3,308,3.4,2,0,2,2,0,0,1,0,0.58,0.00,0.58,0.58,0.58,Matches,48e9cce6
603,Matty Litherland,,DF,Blackburn,,,2,1,110,1.2,0,0,0,0,0,0,0,0,0.00,0.00,0.00,0.00,0.00,Matches,a82cfbe1
604,Ryan Liu,eng ENG,MF,Stoke City,17,2007,3,1,96,1.1,0,1,1,0,0,0,0,0,0.00,0.94,0.94,0.00,0.94,Matches,6134af25
605,Oliver Lloyd,,GK,Middlesbrough,,,1,1,90,1.0,0,0,0,0,0,0,0,0,0.00,0.00,0.00,0.00,0.00,Matches,264f2d7d
606,Sebastian Lochhead,,DF,Wolves,,,15,9,928,10.3,0,0,0,0,0,0,3,0,0.00,0.00,0.00,0.00,0.00,Matches,a4b23764
607,Calum Logan,eng ENG,DF,Tottenham,18,2006,8,3,310,3.4,0,1,1,0,0,0,0,0,0.00,0.29,0.29,0.00,0.29,Matches,4492ca3d
608,Ceiran Loney,sct SCO,FW,Everton,17,2008,5,1,95,1.1,0,0,0,0,0,0,0,0,0.00,0.00,0.00,0.00,0.00,Matches,0bac7611
609,Reuben Lopata-White,eng ENG,DF,Leeds United,19,2005,8,6,559,6.2,0,0,0,0,0,0,2,0,0.00,0.00,0.00,0.00,0.00,Matches,7fa27d52
610,Leo Lopes,pt POR,MFFW,Wolves,20,2004,5,2,230,2.6,1,0,1,1,0,0,1,0,0.39,0.00,0.39,0.39,0.39,Matches,356f0f63
611,Hinneh Lord Listowell,gh GHA,MF,Middlesbrough,17,2007,4,1,145,1.6,0,0,0,0,0,0,0,0,0.00,0.00,0.00,0.00,0.00,Matches,bebdbb90
612,Aaron Loupalo-Bi,eng ENG,FW,Fulham,19,2005,9,9,791,8.8,9,3,12,9,0,0,0,0,1.02,0.34,1.37,1.02,1.37,Matches,55572f89
613,Layton Love,eng ENG,FW,West Brom,20,2004,1,0,29,0.3,0,0,0,0,0,0,0,0,0.00,0.00,0.00,0.00,0.00,Matches,bb3a1360
614,Douglas Lukjanciks,eng ENG,GK,Everton,17,2007,6,6,540,6.0,0,0,0,0,0,0,0,0,0.00,0.00,0.00,0.00,0.00,Matches,b8aa0bf9
615,Samuel Lusale,sk SVK,FW,Manchester Utd,17,2007,2,0,66,0.7,0,0,0,0,0,0,0,0,0.00,0.00,0.00,0.00,0.00,Matches,7391e7cb
616,Luka Lynch,eng ENG,MFDF,Aston Villa,18,2007,9,9,726,8.1,2,1,3,2,0,0,0,0,0.25,0.12,0.37,0.25,0.37,Matches,34a7127c
617,Alfie Lynskey,ie IRL,MF,Aston Villa,17,2007,10,4,351,3.9,2,0,2,2,0,0,1,0,0.51,0.00,0.51,0.51,0.51,Matches,ba62990c
618,Callum Mackley,eng ENG,DFMF,Brighton,18,2007,17,15,1330,14.8,2,0,2,2,0,0,1,0,0.14,0.00,0.14,0.14,0.14,Matches,805eb33b
619,Cobi Maddox,,MF,Birmingham City,,,5,3,331,3.7,0,0,0,0,0,0,1,0,0.00,0.00,0.00,0.00,0.00,Matches,849814ef
620,Aaron Maguire,ie IRL,GK,Tottenham,21,2004,2,2,180,2.0,0,0,0,0,0,0,0,0,0.00,0.00,0.00,0.00,0.00,Matches,21a9277e
621,Rory Mahady,sct SCO,GK,Leeds United,18,2006,8,8,720,8.0,0,0,0,0,0,0,1,0,0.00,0.00,0.00,0.00,0.00,Matches,a181b87c
622,Cameron Malachi Thomas,eng ENG,MF,Tottenham,16,2008,1,0,5,0.1,0,0,0,0,0,0,0,0,0.00,0.00,0.00,0.00,0.00,Matches,2fa43e77
623,Tyrell Malacia,nl NED,DF,Manchester Utd,25,1999,2,2,135,1.5,1,0,1,1,0,0,0,0,0.67,0.00,0.67,0.67,0.67,Matches,6b6c793c
624,Souleyman Mandey,at AUT,MF,West Brom,19,2006,17,13,1175,13.1,3,4,7,3,0,0,4,0,0.23,0.31,0.54,0.23,0.54,Matches,dc71bb9e
625,Mateus Mane,pt POR,FWMF,Wolves,17,2007,6,6,525,5.8,1,1,2,1,0,0,0,0,0.17,0.17,0.34,0.17,0.34,Matches,c15cb409
626,Tyler Mansbridge,eng ENG,MF,Blackburn,17,2007,1,1,90,1.0,0,0,0,0,0,0,0,0,0.00,0.00,0.00,0.00,0.00,Matches,cd872573
627,Bendito Mantato,eng ENG,MFDF,Manchester Utd,17,2008,9,6,529,5.9,0,0,0,0,0,0,0,0,0.00,0.00,0.00,0.00,0.00,Matches,e8a55b80
628,Benson Manuel,ao ANG,MFFW,Burnley,28,1997,2,2,147,1.6,1,0,1,1,0,0,0,0,0.61,0.00,0.61,0.61,0.61,Matches,d7f99582
629,Wanya Marcal-Madivadua,pt POR,MFFW,Leicester City,22,2002,2,2,150,1.7,1,0,1,1,0,0,0,0,0.60,0.00,0.60,0.60,0.60,Matches,6faae64f
630,Solly March,eng ENG,MF,Brighton,31,1994,1,0,45,0.5,0,0,0,0,0,0,0,0,0.00,0.00,0.00,0.00,0.00,Matches,bb5fbd2b
631,Aleksander Marciniak,wls WAL,MF,Arsenal,17,2008,2,0,19,0.2,0,0,0,0,0,0,0,0,0.00,0.00,0.00,0.00,0.00,Matches,19bd12a9
632,Louis Marcus,eng ENG,DF,Leeds United,18,2006,8,5,478,5.3,0,0,0,0,0,0,0,0,0.00,0.00,0.00,0.00,0.00,Matches,f093426a
633,Zachariah Marsh,eng ENG,FWMF,Crystal Palace,19,2005,16,16,1270,14.1,8,5,13,8,0,0,3,0,0.57,0.35,0.92,0.57,0.92,Matches,6baa90d0
634,Callum Marshall,nir NIR,FW,West Ham,20,2004,3,3,245,2.7,2,1,3,2,0,1,0,0,0.73,0.37,1.10,0.73,1.10,Matches,3a27f1bf
635,Freddie Marson,,GK,Leicester City,,,4,4,360,4.0,0,0,0,0,0,0,0,0,0.00,0.00,0.00,0.00,0.00,Matches,dbc5e68c
636,Oliver Martin,eng ENG,DF,Middlesbrough,17,2007,4,3,297,3.3,0,0,0,0,0,0,0,0,0.00,0.00,0.00,0.00,0.00,Matches,0a842694
637,Tyler Martin,eng ENG,MF,Stoke City,17,2007,4,1,142,1.6,2,0,2,2,0,0,0,0,1.27,0.00,1.27,1.27,1.27,Matches,482fe44b
638,Vernon Masara,eng ENG,FWMF,Burnley,18,2007,14,9,915,10.2,2,1,3,2,0,1,1,0,0.20,0.10,0.30,0.20,0.30,Matches,3de29a71
639,Vishon Masara,eng ENG,MF,Burnley,16,2009,3,1,127,1.4,0,0,0,0,0,0,0,0,0.00,0.00,0.00,0.00,0.00,Matches,da2d0737
640,Josh Maskall,,MF,Stoke City,,,15,3,432,4.8,1,0,1,1,0,0,2,1,0.21,0.00,0.21,0.21,0.21,Matches,f8545013
641,Sam Mather,eng ENG,MF,Manchester Utd,20,2004,4,3,248,2.8,0,3,3,0,0,0,0,0,0.00,1.09,1.09,0.00,1.09,Matches,a7673a15
642,Japhet Matondo Mpadi,wls WAL,MFFW,Stoke City,19,2005,17,5,522,5.8,0,0,0,0,0,0,2,1,0.00,0.00,0.00,0.00,0.00,Matches,f1735838
643,Melvin Matos,,MF,Everton,,,1,0,31,0.3,0,0,0,0,0,0,0,0,0.00,0.00,0.00,0.00,0.00,Matches,f9332d49
644,Luke Matykiewicz,nir NIR,DF,Leeds United,17,2007,7,7,585,6.5,0,0,0,0,0,0,2,0,0.00,0.00,0.00,0.00,0.00,Matches,44b1c717
645,James Mauge,eng ENG,FWMF,Ipswich Town,18,2007,8,3,371,4.1,3,0,3,3,0,0,0,0,0.73,0.00,0.73,0.73,0.73,Matches,3c3babef
646,Alfie Maughan,,DFMF,West Brom,,,10,9,828,9.2,0,2,2,0,0,0,1,0,0.00,0.22,0.22,0.00,0.22,Matches,8dbf571b
647,Ezra Mayers,bb BRB,DFMF,West Ham,18,2007,9,9,810,9.0,1,1,2,1,0,0,1,0,0.11,0.11,0.22,0.11,0.22,Matches,9a85a651
648,Bradley MAYO,eng ENG,GK,Birmingham City,20,2004,3,3,270,3.0,0,0,0,0,0,0,0,0,0.00,0.00,0.00,0.00,0.00,Matches,468ce597
649,Jokubas Mazionis,lt LTU,DF,Ipswich Town,19,2006,1,1,65,0.7,0,0,0,0,0,0,0,0,0.00,0.00,0.00,0.00,0.00,Matches,0048e432
650,Menzi Mazwi,zw ZIM,MF,Birmingham City,19,2006,9,9,810,9.0,1,1,2,1,0,0,2,0,0.11,0.11,0.22,0.11,0.22,Matches,d2d4f6c0
651,Luke Mbete-Tatu,eng ENG,DF,Manchester City,21,2003,1,1,45,0.5,0,0,0,0,0,0,0,0,0.00,0.00,0.00,0.00,0.00,Matches,387e1d35
652,Ryan Mcaidoo,eng ENG,MFFW,Manchester City,17,2008,11,9,762,8.5,4,8,12,4,0,0,1,0,0.47,0.94,1.42,0.47,1.42,Matches,8dd0d7c5
653,Finley Mcallister,eng ENG,MFDF,Manchester Utd,19,2006,11,8,628,7.0,0,0,0,0,0,0,2,0,0.00,0.00,0.00,0.00,0.00,Matches,0f7e9100
654,Niall McAndrews,ie IRL,MFFW,Derby County,18,2007,5,3,249,2.8,2,0,2,2,0,0,0,0,0.72,0.00,0.72,0.72,0.72,Matches,ee018d98
655,Charlie McArthur,sct SCO,DF,Newcastle,20,2005,9,6,588,6.5,1,0,1,1,0,0,3,0,0.15,0.00,0.15,0.15,0.15,Matches,25940efe
656,Law McCabe,eng ENG,MF,Middlesbrough,19,2006,2,2,180,2.0,0,0,0,0,0,0,0,0,0.00,0.00,0.00,0.00,0.00,Matches,beff70f3
657,Blaine Mcclure,nir NIR,MF,Nottingham,18,2007,16,10,1008,11.2,0,1,1,0,0,0,5,0,0.00,0.09,0.09,0.00,0.09,Matches,85a49b01
658,Rafe McCormack,ie IRL,MF,Manchester Utd,16,2008,5,2,253,2.8,0,2,2,0,0,0,1,0,0.00,0.71,0.71,0.00,0.71,Matches,2c31762b
659,George McCormick,eng ENG,DFMF,Middlesbrough,20,2005,13,13,1122,12.5,3,3,6,3,0,0,3,0,0.24,0.24,0.48,0.24,0.48,Matches,9da4783b
660,Adam McCoy,eng ENG,MF,Burnley,18,2006,3,3,270,3.0,0,0,0,0,0,0,1,0,0.00,0.00,0.00,0.00,0.00,Matches,6ce137c0
661,Archie McCoy,,MF,Blackburn,,,3,1,93,1.0,0,0,0,0,0,0,0,0,0.00,0.00,0.00,0.00,0.00,Matches,07dc2f5b
662,Christian Mcdonald,eng ENG,FW,Manchester City,17,2007,2,0,40,0.4,1,1,2,1,0,0,0,0,2.25,2.25,4.50,2.25,4.50,Matches,a187cb33
663,Josh Mcdonald,sct SCO,MFFW,Leeds United,18,2007,12,8,737,8.2,0,0,0,0,0,0,0,0,0.00,0.00,0.00,0.00,0.00,Matches,e635e0f7
664,Miller Mcdonald,,MF,West Brom,,,10,7,542,6.0,1,0,1,1,0,0,1,0,0.17,0.00,0.17,0.17,0.17,Matches,4be306cf
665,Jack McEvilly,eng ENG,DF,Burnley,18,2006,8,5,449,5.0,0,1,1,0,0,0,1,0,0.00,0.20,0.20,0.00,0.20,Matches,fe3c7252
666,Jay McEvoy,ie IRL,MF,Manchester Utd,16,2008,2,0,40,0.4,0,0,0,0,0,0,0,0,0.00,0.00,0.00,0.00,0.00,Matches,97d4d69a
667,Max McFadden,eng ENG,MFDF,Tottenham,19,2005,9,3,357,4.0,2,0,2,2,0,0,1,0,0.50,0.00,0.50,0.50,0.50,Matches,4a9254f5
668,Christian McFarlane,eng ENG,DF,Manchester City,18,2007,13,12,1062,11.8,4,3,7,4,0,0,3,1,0.34,0.25,0.59,0.34,0.59,Matches,c0bdf952
669,Jack McGrath,sct SCO,MF,Aston Villa,16,2008,1,0,13,0.1,0,0,0,0,0,0,0,0,0.00,0.00,0.00,0.00,0.00,Matches,3decbd72
670,Juran McKayle,,MF,Birmingham City,,,1,0,13,0.1,0,0,0,0,0,0,0,0,0.00,0.00,0.00,0.00,0.00,Matches,41c251a5
671,Terrence McLaughlin-Miles,eng ENG,DF,Liverpool,20,2004,5,4,345,3.8,0,0,0,0,0,0,0,0,0.00,0.00,0.00,0.00,0.00,Matches,ee930c24
672,Conor McLeod,eng ENG,MF,Wolves,18,2006,4,1,103,1.1,1,0,1,1,0,0,0,0,0.87,0.00,0.87,0.87,0.87,Matches,a69e5bad
673,Alfie Mcllroy,,DF,Blackburn,,,4,2,270,3.0,0,0,0,0,0,0,0,0,0.00,0.00,0.00,0.00,0.00,Matches,2ff1e03e
674,Harrison Mcmahon,eng ENG,MF,Chelsea,19,2006,18,12,1179,13.1,2,1,3,2,0,0,1,0,0.15,0.08,0.23,0.15,0.23,Matches,e441414f
675,Kian McMahon-Brown,ie IRL,FWMF,Burnley,16,2008,14,14,1155,12.8,4,1,5,3,1,1,0,0,0.31,0.08,0.39,0.23,0.31,Matches,643dadae
676,Korban McMullan,eng ENG,MF,Southampton,17,2007,2,0,22,0.2,0,0,0,0,0,0,0,0,0.00,0.00,0.00,0.00,0.00,Matches,980a1a4b
677,Alfie McNally,eng ENG,GK,Fulham,20,2004,11,11,990,11.0,0,0,0,0,0,0,3,0,0.00,0.00,0.00,0.00,0.00,Matches,419fba9c
678,Remar McNeil,eng ENG,MF,West Brom,16,2009,8,7,573,6.4,2,2,4,2,0,0,0,0,0.31,0.31,0.63,0.31,0.63,Matches,4f0602a0
679,Donnell McNeilly,eng ENG,FW,Nottingham,19,2005,2,0,68,0.8,1,0,1,1,0,0,1,0,1.32,0.00,1.32,1.32,1.32,Matches,b83c808f
680,Ashton McWilliams,eng ENG,DFMF,Aston Villa,18,2007,15,12,1063,11.8,0,0,0,0,0,0,2,0,0.00,0.00,0.00,0.00,0.00,Matches,df7cfd6a
681,Josh McWilliams,eng ENG,DF,Stoke City,16,2008,7,5,451,5.0,0,0,0,0,0,0,0,0,0.00,0.00,0.00,0.00,0.00,Matches,af81c206
682,Markie Meade,eng ENG,FW,Aston Villa,16,2008,4,0,66,0.7,0,0,0,0,0,0,0,0,0.00,0.00,0.00,0.00,0.00,Matches,36dd215d
683,Jaden Mears,eng ENG,DFMF,Stoke City,19,2006,3,3,231,2.6,0,1,1,0,0,0,1,0,0.00,0.39,0.39,0.00,0.39,Matches,ffced06d
684,Jephthan Medine,eng ENG,FW,West Ham,16,2008,1,0,26,0.3,0,0,0,0,0,0,0,0,0.00,0.00,0.00,0.00,0.00,Matches,e0df03a9
685,Jethro Medine,eng ENG,DFMF,West Ham,18,2007,15,12,1102,12.2,0,0,0,0,0,1,1,0,0.00,0.00,0.00,0.00,0.00,Matches,5a10f0ec
686,Dermot Mee,nir NIR,GK,Manchester Utd,22,2002,3,3,270,3.0,0,0,0,0,0,0,1,0,0.00,0.00,0.00,0.00,0.00,Matches,caa32820
687,Mason Melia,ie IRL,FWMF,Tottenham,17,2007,3,2,166,1.8,1,0,1,1,0,0,0,0,0.54,0.00,0.54,0.54,0.54,Matches,aed3e19e
688,Michael Mellon,sct SCO,FW,Burnley,21,2003,2,2,162,1.8,1,1,2,1,0,0,0,0,0.56,0.56,1.11,0.56,1.11,Matches,30f848b8
689,Tudor Mendel-Idowu,eng ENG,MF,Ipswich Town,20,2005,16,16,1376,15.3,8,6,14,8,0,1,2,0,0.52,0.39,0.92,0.52,0.92,Matches,3cde4e86
690,Kenneth Mensah,it ITA,MF,Leeds United,16,2009,4,1,133,1.5,0,0,0,0,0,0,0,1,0.00,0.00,0.00,0.00,0.00,Matches,d4d4502e
691,Max Merrick,eng ENG,GK,Chelsea,19,2005,13,13,1170,13.0,0,0,0,0,0,0,0,0,0.00,0.00,0.00,0.00,0.00,Matches,420d18fe
692,Will Merry,eng ENG,FWMF,Southampton,19,2005,12,10,793,8.8,1,2,3,1,0,0,0,0,0.11,0.23,0.34,0.11,0.34,Matches,3eedd2d1
693,Illan Meslier,fr FRA,GK,Leeds United,25,2000,2,2,180,2.0,0,0,0,0,0,0,0,0,0.00,0.00,0.00,0.00,0.00,Matches,6b625ac2
694,Benjamin Metcalf,nir NIR,GK,Sunderland,18,2006,5,5,450,5.0,0,0,0,0,0,0,0,0,0.00,0.00,0.00,0.00,0.00,Matches,47a9e616
695,Kevin Mfuamba,eng ENG,MFDF,West Brom,18,2006,14,11,969,10.8,0,1,1,0,0,0,6,1,0.00,0.09,0.09,0.00,0.09,Matches,19cb8f9d
696,Stephen Mfuni,eng ENG,DF,Manchester City,17,2008,9,9,810,9.0,1,1,2,1,0,0,2,0,0.11,0.11,0.22,0.11,0.22,Matches,c6685def
697,Shumaira Mheuka,eng ENG,FWMF,Chelsea,17,2007,17,17,1492,16.6,17,2,19,17,0,2,2,0,1.03,0.12,1.15,1.03,1.15,Matches,43d0b694
698,Nicholas Michalski,eng ENG,GK,Blackburn,18,2007,9,9,810,9.0,0,0,0,0,0,0,2,0,0.00,0.00,0.00,0.00,0.00,Matches,5ac26057
699,Ben Middlemas,eng ENG,MF,Sunderland,20,2004,9,9,798,8.9,1,2,3,1,0,0,4,0,0.11,0.23,0.34,0.11,0.34,Matches,e823ee1c
700,Jesse Middleton,eng ENG,MF,Brighton,17,2008,12,7,777,8.6,0,0,0,0,0,0,3,0,0.00,0.00,0.00,0.00,0.00,Matches,eff4f5c7
701,Kylan Midwood,eng ENG,MF,Manchester City,17,2008,1,0,38,0.4,0,0,0,0,0,0,0,0,0.00,0.00,0.00,0.00,0.00,Matches,58018b43
702,Thomas Midwood,eng ENG,MF,Stoke City,15,2010,2,1,86,1.0,0,0,0,0,0,0,1,0,0.00,0.00,0.00,0.00,0.00,Matches,c336c17e
703,Mason Miley,eng ENG,DFMF,Newcastle,16,2008,10,9,806,9.0,0,1,1,0,0,0,1,0,0.00,0.11,0.11,0.00,0.11,Matches,0a41f627
704,Albert Mills,eng ENG,DF,Manchester Utd,17,2008,2,1,54,0.6,0,0,0,0,0,0,2,1,0.00,0.00,0.00,0.00,0.00,Matches,4ba3dd61
705,Callum Mills,eng ENG,MFFW,Leeds United,16,2008,11,3,419,4.7,0,2,2,0,0,0,1,0,0.00,0.43,0.43,0.00,0.43,Matches,72c0d9b1
706,Harry Mills,cy CYP,DFMF,Brighton,19,2006,11,7,561,6.2,1,1,2,1,0,0,1,0,0.16,0.16,0.32,0.16,0.32,Matches,cd354c69
707,Michael Mills,eng ENG,FW,Newcastle,16,2009,9,1,330,3.7,1,0,1,1,0,0,1,0,0.27,0.00,0.27,0.27,0.27,Matches,232f5cfb
708,Ji MinKyu,kr KOR,MF,Wolves,18,2006,7,3,263,2.9,1,0,1,1,0,0,0,0,0.34,0.00,0.34,0.34,0.34,Matches,ce725304
709,Marley Mintus,eng ENG,MF,Derby County,17,2007,6,5,448,5.0,0,1,1,0,0,0,2,1,0.00,0.20,0.20,0.00,0.20,Matches,de05724c
710,Kornel Misciur,eng ENG,GK,Liverpool,18,2007,3,3,270,3.0,0,0,0,0,0,0,0,0,0.00,0.00,0.00,0.00,0.00,Matches,e14fb7be
711,Remy Mitchell,eng ENG,GK,Arsenal,21,2004,3,2,229,2.5,0,0,0,0,0,0,0,0,0.00,0.00,0.00,0.00,0.00,Matches,64419e2c
712,Rylee Mitchell,,GK,Norwich City,,,5,5,450,5.0,0,0,0,0,0,0,0,0,0.00,0.00,0.00,0.00,0.00,Matches,76db74ab
713,Jan Mmakogu,,MF,Burnley,,,2,1,98,1.1,0,0,0,0,0,0,0,0,0.00,0.00,0.00,0.00,0.00,Matches,d70901c5
714,David Modupe,eng ENG,DF,Nottingham,18,2006,10,5,494,5.5,2,0,2,2,0,0,1,0,0.36,0.00,0.36,0.36,0.36,Matches,e11e8a8e
715,Jamal Mohammed,eng ENG,DF,West Brom,19,2006,9,6,570,6.3,1,0,1,1,0,0,3,1,0.16,0.00,0.16,0.16,0.16,Matches,a332fb7a
716,George Moloney,ie IRL,GK,Southampton,15,2009,1,1,90,1.0,0,0,0,0,0,0,0,0,0.00,0.00,0.00,0.00,0.00,Matches,9609fe4f
717,Dylan Moody,eng ENG,GK,Southampton,17,2008,6,6,517,5.7,0,0,0,0,0,0,0,0,0.00,0.00,0.00,0.00,0.00,Matches,2529721f
718,Evan Mooney,sct SCO,FWMF,Arsenal,17,2007,9,9,784,8.7,2,0,2,2,0,0,1,0,0.23,0.00,0.23,0.23,0.23,Matches,17983323
719,Dynaeo Moore,,MF,Birmingham City,,,2,0,48,0.5,0,0,0,0,0,0,0,0,0.00,0.00,0.00,0.00,0.00,Matches,68a58a26
720,Ethan Moore,eng ENG,MFFW,Sunderland,20,2004,8,4,435,4.8,0,3,3,0,0,0,0,0,0.00,0.62,0.62,0.00,0.62,Matches,5a728448
721,Jayden Moore,,DF,Southampton,,,9,5,478,5.3,1,0,1,1,0,0,1,1,0.19,0.00,0.19,0.19,0.19,Matches,ed23d14e
722,Jack Moorhouse,ie IRL,MF,Manchester Utd,19,2005,6,6,454,5.0,0,1,1,0,0,0,0,0,0.00,0.20,0.20,0.00,0.20,Matches,973d6049
723,Isaac Moran,eng ENG,DF,Newcastle,16,2009,3,0,7,0.1,0,0,0,0,0,0,0,0,0.00,0.00,0.00,0.00,0.00,Matches,7228915b
724,Jackson Morby,,DF,Brighton,,,1,0,45,0.5,0,0,0,0,0,0,0,0,0.00,0.00,0.00,0.00,0.00,Matches,36bd9093
725,Calum Moreland,nir NIR,DF,Stoke City,18,2007,1,0,17,0.2,0,0,0,0,0,0,0,0,0.00,0.00,0.00,0.00,0.00,Matches,c30b79b8
726,Calum Moreland,nir NIR,DF,Aston Villa,18,2007,4,1,116,1.3,0,0,0,0,0,0,0,0,0.00,0.00,0.00,0.00,0.00,Matches,c30b79b8
727,Calum Moreland,nir NIR,DF,West Brom,18,2007,2,2,166,1.8,0,0,0,0,0,0,1,0,0.00,0.00,0.00,0.00,0.00,Matches,c30b79b8
728,George Morgan,wls WAL,FW,Everton,18,2006,7,6,462,5.1,0,2,2,0,0,0,1,0,0.00,0.39,0.39,0.00,0.39,Matches,e015c8f1
729,Dylan Morison,eng ENG,MF,Burnley,16,2009,2,1,95,1.1,0,0,0,0,0,0,0,0,0.00,0.00,0.00,0.00,0.00,Matches,c54e5252
730,Jack Morris,eng ENG,MF,Leeds United,17,2008,3,0,34,0.4,0,1,1,0,0,0,0,0,0.00,2.65,2.65,0.00,2.65,Matches,051314d5
731,Kieran Morrison,nir NIR,MF,Liverpool,18,2006,18,18,1576,17.5,14,4,18,12,2,2,2,0,0.80,0.23,1.03,0.69,0.91,Matches,25683300
732,Maxwell Moses,,GK,West Brom,,,3,2,225,2.5,0,0,0,0,0,0,0,0,0.00,0.00,0.00,0.00,0.00,Matches,c30f601f
733,Yeimar Mosquera,co COL,DF,Aston Villa,20,2005,13,13,1167,13.0,0,3,3,0,0,0,2,0,0.00,0.23,0.23,0.00,0.23,Matches,7f13c388
734,Darren Motsi,eng ENG,MF,Leicester City,15,2010,11,8,642,7.1,3,1,4,3,0,0,0,0,0.42,0.14,0.56,0.42,0.56,Matches,269a22b0
735,Corbin Mthunzi,zw ZIM,DF,Ipswich Town,18,2007,16,14,1314,14.6,1,1,2,1,0,0,3,0,0.07,0.07,0.14,0.07,0.14,Matches,62fb92c0
736,Ashton Muir,eng ENG,MFFW,Manchester City,19,2005,20,12,1256,14.0,4,4,8,4,0,0,1,0,0.29,0.29,0.57,0.29,0.57,Matches,0d19aa13
737,Divine Mukasa,eng ENG,MF,Manchester City,17,2007,7,7,585,6.5,1,1,2,1,0,1,1,0,0.15,0.15,0.31,0.15,0.31,Matches,ce7ae86a
738,Lorenze Mullarky-Matthews,,DFMF,Blackburn,,,8,8,590,6.6,1,1,2,1,0,0,3,0,0.15,0.15,0.31,0.15,0.31,Matches,85de4f4c
739,Trai Mulley,eng ENG,MFFW,Aston Villa,18,2006,19,16,1403,15.6,1,2,3,1,0,0,1,0,0.06,0.13,0.19,0.06,0.19,Matches,08d92c28
740,Anthony Munda,eng ENG,MF,Newcastle,18,2006,18,18,1616,18.0,3,2,5,3,0,0,3,0,0.17,0.11,0.28,0.17,0.28,Matches,3c2d9240
741,Rio Mundle,eng ENG,FWMF,Norwich City,17,2007,4,3,286,3.2,0,1,1,0,0,0,0,0,0.00,0.31,0.31,0.00,0.31,Matches,6a7a8a40
742,Errol Mundle-Smith,eng ENG,MFFW,Norwich City,19,2006,6,6,504,5.6,1,1,2,1,0,0,1,0,0.18,0.18,0.36,0.18,0.36,Matches,0d70a9e6
743,Reece Munro,eng ENG,DF,Manchester Utd,18,2006,5,3,265,2.9,0,1,1,0,0,0,1,0,0.00,0.34,0.34,0.00,0.34,Matches,a577734d
744,Finley Munroe,eng ENG,DF,Middlesbrough,20,2005,1,1,90,1.0,2,0,2,2,0,0,0,0,2.00,0.00,2.00,2.00,2.00,Matches,36625c27
745,Kay Munyakazi,eng ENG,MF,Sunderland,15,2009,1,0,1,0.0,0,0,0,0,0,0,0,0,0.00,0.00,0.00,0.00,0.00,Matches,a5631072
746,William Murdock,nir NIR,GK,Manchester Utd,18,2007,16,16,1440,16.0,0,0,0,0,0,0,1,0,0.00,0.00,0.00,0.00,0.00,Matches,36930d06
747,Teshaun Murisa,eng ENG,MF,Arsenal,16,2008,1,0,3,0.0,0,0,0,0,0,0,0,0,0.00,0.00,0.00,0.00,0.00,Matches,b9d09b3c
748,Alex Murphy,ie IRL,DF,Newcastle,21,2004,7,7,538,6.0,0,0,0,0,0,0,1,0,0.00,0.00,0.00,0.00,0.00,Matches,f1c42eb3
749,Harrison Murray-Campbell,eng ENG,DF,Chelsea,18,2006,18,18,1590,17.7,5,4,9,5,0,0,7,0,0.28,0.23,0.51,0.28,0.51,Matches,1c70b3dd
750,George Murray-Jones,eng ENG,GK,Nottingham,20,2004,7,7,630,7.0,0,0,0,0,0,0,0,0,0.00,0.00,0.00,0.00,0.00,Matches,2a867a7c
751,Anwar Murtesa,eng ENG,DF,Burnley,17,2007,1,0,18,0.2,0,0,0,0,0,0,0,0,0.00,0.00,0.00,0.00,0.00,Matches,4e07c902
752,Victor Musa,es ESP,FWMF,Manchester Utd,18,2006,11,7,734,8.2,4,0,4,4,0,0,0,0,0.49,0.00,0.49,0.49,0.49,Matches,f6f76f5c
753,Armend Muslika,al ALB,MF,Tottenham,16,2009,1,0,14,0.2,0,0,0,0,0,0,0,0,0.00,0.00,0.00,0.00,0.00,Matches,8dd4ffb5
754,Hindolo Mustapha,sl SLE,MF,West Brom,19,2006,1,1,90,1.0,1,0,1,1,0,0,0,0,1.00,0.00,1.00,1.00,1.00,Matches,4ce4b98e
755,Hindolo Mustapha,sl SLE,MF,Crystal Palace,19,2006,3,3,241,2.7,1,0,1,1,0,0,0,0,0.37,0.00,0.37,0.37,0.37,Matches,4ce4b98e
756,Elliot Myles,wls WAL,MFFW,Norwich City,18,2007,11,11,964,10.7,5,2,7,5,0,0,1,0,0.47,0.19,0.65,0.47,0.65,Matches,fd195bd7
757,Leon Myrtaj,al ALB,MF,Tottenham,17,2008,1,1,60,0.7,0,0,0,0,0,0,0,0,0.00,0.00,0.00,0.00,0.00,Matches,11109269
758,Adam Najeeb,pk PAK,GK,Blackburn,19,2005,5,5,450,5.0,0,0,0,0,0,0,0,0,0.00,0.00,0.00,0.00,0.00,Matches,dfe8bfc0
759,Amara Nallo,eng ENG,DF,Liverpool,18,2006,11,11,821,9.1,2,0,2,2,0,0,2,1,0.22,0.00,0.22,0.22,0.22,Matches,398a24f6
760,Idreess Namisi,,DF,Blackburn,,,1,1,90,1.0,0,0,0,0,0,0,0,0,0.00,0.00,0.00,0.00,0.00,Matches,84e6d218
761,Adler Nascimento,pt POR,MF,Crystal Palace,20,2004,10,6,611,6.8,0,3,3,0,0,0,2,0,0.00,0.44,0.44,0.00,0.44,Matches,de497d7d
762,Sebastian Naylor,eng ENG,DF,Manchester City,19,2005,7,6,534,5.9,2,1,3,2,0,0,0,0,0.34,0.17,0.51,0.34,0.51,Matches,d795e110
763,Mishel Nduka,eng ENG,MF,Arsenal,15,2010,2,1,110,1.2,0,0,0,0,0,0,0,0,0.00,0.00,0.00,0.00,0.00,Matches,4e2e2f16
764,Tommy Neale,eng ENG,MF,Leicester City,19,2006,17,16,1276,14.2,1,1,2,1,0,0,3,0,0.07,0.07,0.14,0.07,0.14,Matches,c3b0f7a7
765,Sean Neave,eng ENG,FWMF,Newcastle,18,2007,14,14,1125,12.5,10,2,12,7,3,3,4,1,0.80,0.16,0.96,0.56,0.72,Matches,ff392864
766,Joe Neild,,DF,Sunderland,,,5,2,250,2.8,0,0,0,0,0,0,1,0,0.00,0.00,0.00,0.00,0.00,Matches,d1a87ba0
767,Marcus Neill,au AUS,FWMF,Sunderland,17,2008,7,2,282,3.1,1,0,1,1,0,1,1,0,0.32,0.00,0.32,0.32,0.32,Matches,09d37137
768,Curtis Nelson,eng ENG,DF,Derby County,32,1993,2,2,105,1.2,0,0,0,0,0,0,0,0,0.00,0.00,0.00,0.00,0.00,Matches,943a8857
769,Deago Nelson,eng ENG,DF,West Brom,19,2005,19,14,1360,15.1,0,1,1,0,0,0,1,0,0.00,0.07,0.07,0.00,0.07,Matches,5e1e16a1
770,Jacob Neptune,,DF,Reading FC,,,1,0,4,0.0,0,0,0,0,0,0,0,0,0.00,0.00,0.00,0.00,0.00,Matches,ba67a9cf
771,Jamie Newton,sct SCO,DFMF,Nottingham,20,2005,7,6,563,6.3,0,1,1,0,0,0,1,0,0.00,0.16,0.16,0.00,0.16,Matches,17448ce1
772,Brooklyn Nfonkeu,eng ENG,DF,Manchester City,18,2007,14,13,1031,11.5,0,4,4,0,0,0,1,0,0.00,0.35,0.35,0.00,0.35,Matches,64e503b1
773,Rio Ngumoha,eng ENG,MF,Liverpool,16,2008,2,2,113,1.3,1,0,1,1,0,0,0,0,0.80,0.00,0.80,0.80,0.80,Matches,022eca88
774,Jayden Ngwashi,eng ENG,DF,Manchester Utd,16,2008,1,0,15,0.2,0,0,0,0,0,0,0,0,0.00,0.00,0.00,0.00,0.00,Matches,abf0c489
775,Josh Nichols,eng ENG,DF,Arsenal,19,2006,10,9,805,8.9,0,0,0,0,0,0,2,0,0.00,0.00,0.00,0.00,0.00,Matches,676cf55d
776,Shakil Nicolaou,eng ENG,FW,Ipswich Town,17,2008,1,0,29,0.3,0,0,0,0,0,0,0,0,0.00,0.00,0.00,0.00,0.00,Matches,d5bcb54b
777,Carrick Njinko,,FW,Leeds United,,,5,0,136,1.5,0,0,0,0,0,0,0,0,0.00,0.00,0.00,0.00,0.00,Matches,3d9ed532
778,Kian Noble,eng ENG,DF,Manchester City,18,2007,18,16,1479,16.4,0,2,2,0,0,0,2,0,0.00,0.12,0.12,0.00,0.12,Matches,9c4cc5b2
779,Tom Norcott,eng ENG,GK,Reading FC,20,2004,1,1,90,1.0,0,0,0,0,0,0,0,0,0.00,0.00,0.00,0.00,0.00,Matches,d9d6879e
780,Xavier Nosegbe,,DF,Blackburn,,,2,0,6,0.1,0,0,0,0,0,0,0,0,0.00,0.00,0.00,0.00,0.00,Matches,491de224
781,Jonathan Nsangou,pl POL,MF,Everton,15,2010,1,0,21,0.2,0,1,1,0,0,0,0,0,0.00,4.29,4.29,0.00,4.29,Matches,9520bcb4
782,Eddy Nsasi,eng ENG,DF,Fulham,17,2007,17,15,1402,15.6,1,2,3,1,0,0,4,0,0.06,0.13,0.19,0.06,0.19,Matches,2ebb2c65
783,Torin Ntege,,MFFW,West Brom,,,17,13,1089,12.1,3,2,5,3,0,0,1,0,0.25,0.17,0.41,0.25,0.41,Matches,5ff5276a
784,Shane Nti,,MFFW,Brighton,,,18,18,1600,17.8,6,4,10,5,1,1,2,0,0.34,0.23,0.56,0.28,0.51,Matches,229a34fe
785,Walter Nutter,eng ENG,MF,Southampton,16,2008,2,0,71,0.8,0,0,0,0,0,0,0,0,0.00,0.00,0.00,0.00,0.00,Matches,43dec18d
786,Emerson Nwaneri,eng ENG,MF,Arsenal,14,2010,1,1,74,0.8,0,0,0,0,0,0,0,0,0.00,0.00,0.00,0.00,0.00,Matches,5e7d5f0a
787,Chibuzo Nwoko,eng ENG,MF,Fulham,19,2005,7,7,624,6.9,1,0,1,1,0,0,0,0,0.14,0.00,0.14,0.14,0.14,Matches,fe14f93b
788,Chinazaekpere Nwosu,eng ENG,MF,Nottingham,17,2008,12,8,697,7.7,0,0,0,0,0,0,2,0,0.00,0.00,0.00,0.00,0.00,Matches,dc37ab37
789,Lucas Nygaard,dk DEN,GK,Arsenal,19,2006,1,1,90,1.0,0,0,0,0,0,0,0,0,0.00,0.00,0.00,0.00,0.00,Matches,33917681
790,Trey Nyoni,eng ENG,MF,Liverpool,18,2007,6,6,438,4.9,1,3,4,1,0,0,0,0,0.21,0.62,0.82,0.21,0.82,Matches,1d3b3d77
791,Sverre Nypan,no NOR,MF,Manchester City,18,2006,7,7,568,6.3,4,1,5,3,1,1,0,0,0.63,0.16,0.79,0.48,0.63,Matches,3dde85f2
792,Sverre Nypan,no NOR,MF,Middlesbrough,18,2006,1,1,90,1.0,0,0,0,0,0,0,0,0,0.00,0.00,0.00,0.00,0.00,Matches,3dde85f2
793,Pedro Nzau,eng ENG,DF,Stoke City,16,2008,3,1,70,0.8,0,0,0,0,0,0,1,1,0.00,0.00,0.00,0.00,0.00,Matches,9a3b6f8d
794,Joe O'Brien-Whitmarsh,ie IRL,MF,Southampton,20,2005,12,11,826,9.2,1,2,3,1,0,0,2,0,0.11,0.22,0.33,0.11,0.33,Matches,fd1c27b8
795,Harley O'Grady-Macken,eng ENG,MF,Blackburn,20,2004,3,1,132,1.5,0,0,0,0,0,0,2,0,0.00,0.00,0.00,0.00,0.00,Matches,1ef9c246
796,Ceadach O'Neill,nir NIR,MF,Arsenal,17,2008,6,5,492,5.5,2,0,2,2,0,0,1,0,0.37,0.00,0.37,0.37,0.37,Matches,30cc76b5
797,Chidozie Obi-Martin,dk DEN,FW,Manchester Utd,17,2007,18,10,935,10.4,9,0,9,9,0,0,3,0,0.87,0.00,0.87,0.87,0.87,Matches,0c9bfc3b
798,Justin Oboavwoduo,eng ENG,MFFW,Manchester City,18,2006,6,6,502,5.6,5,2,7,5,0,0,0,0,0.90,0.36,1.25,0.90,1.25,Matches,055ebc3a
799,Miles Obodo,,MF,Reading FC,,,4,1,103,1.1,0,0,0,0,0,0,0,0,0.00,0.00,0.00,0.00,0.00,Matches,64bf3a57
800,David Obou,eng ENG,MFFW,Crystal Palace,19,2005,7,3,227,2.5,2,1,3,2,0,0,1,0,0.79,0.40,1.19,0.79,1.19,Matches,043015e2
801,David Odogun,,DF,Blackburn,,,6,4,371,4.1,0,0,0,0,0,0,0,0,0.00,0.00,0.00,0.00,0.00,Matches,e8e5c59c
802,Raymond Offor,ie IRL,DFMF,Derby County,17,2007,8,7,637,7.1,0,0,0,0,0,0,0,0,0.00,0.00,0.00,0.00,0.00,Matches,4207af1c
803,Lloyd Ofori-Manteaw,eng ENG,DF,Norwich City,18,2007,1,0,4,0.0,0,0,0,0,0,0,0,0,0.00,0.00,0.00,0.00,0.00,Matches,6eaedcac
804,Jayden Ogbebor,,FW,Stoke City,,,8,1,163,1.8,0,0,0,0,0,0,0,0,0.00,0.00,0.00,0.00,0.00,Matches,e6ab0c7b
805,Josh Ogunnaike,eng ENG,DF,Arsenal,17,2008,11,7,651,7.2,0,1,1,0,0,0,1,0,0.00,0.14,0.14,0.00,0.14,Matches,9b37f5da
806,Habeeb Ogunneye,eng ENG,DF,Manchester Utd,20,2005,4,4,302,3.4,0,0,0,0,0,0,0,0,0.00,0.00,0.00,0.00,0.00,Matches,d0cdc0a3
807,Trey Ogunsuyi,eng ENG,FW,Sunderland,18,2006,2,2,180,2.0,3,1,4,3,0,0,0,0,1.50,0.50,2.00,1.50,2.00,Matches,44301298
808,Justin Oguntolu,,FWMF,Derby County,,,18,16,1481,16.5,8,0,8,6,2,2,3,0,0.49,0.00,0.49,0.36,0.36,Matches,4cc12a7a
809,Temple Ojinnaka,it ITA,DFMF,Wolves,20,2005,7,6,459,5.1,0,0,0,0,0,0,0,0,0.00,0.00,0.00,0.00,0.00,Matches,4e93ceb2
810,Jeremiah Okine-Peters,,MFFW,Reading FC,,,12,7,714,7.9,0,1,1,0,0,0,0,0,0.00,0.13,0.13,0.00,0.13,Matches,46da79db
811,Wesley Okoduwa,eng ENG,DF,Wolves,17,2008,18,13,1243,13.8,0,0,0,0,0,0,2,0,0.00,0.00,0.00,0.00,0.00,Matches,58469e7c
812,Brian Okonkwo,eng ENG,GK,West Brom,19,2005,10,8,755,8.4,0,0,0,0,0,0,1,0,0.00,0.00,0.00,0.00,0.00,Matches,504342f7
813,Destiny Okonkwo,eng ENG,FW,Burnley,16,2009,5,1,121,1.3,0,1,1,0,0,0,0,0,0.00,0.74,0.74,0.00,0.74,Matches,44cef4d8
814,Abdulhalim Okunola,eng ENG,DF,Southampton,18,2007,18,9,926,10.3,0,0,0,0,0,0,5,0,0.00,0.00,0.00,0.00,0.00,Matches,2fb885c9
815,Harmony Okwumo,de GER,DFMF,Norwich City,19,2005,15,13,1107,12.3,0,0,0,0,0,0,5,0,0.00,0.00,0.00,0.00,0.00,Matches,df5adb15
816,Saheed Olagunju,ng NGA,DFMF,Wolves,18,2007,20,20,1781,19.8,1,2,3,1,0,0,6,0,0.05,0.10,0.15,0.05,0.15,Matches,a3aa41c2
817,Malik Olayiwola,eng ENG,MF,Everton,16,2009,10,7,579,6.4,0,0,0,0,0,0,3,0,0.00,0.00,0.00,0.00,0.00,Matches,fdd76980
818,Richard Olise,eng ENG,DF,Chelsea,20,2004,4,1,126,1.4,0,0,0,0,0,0,0,0,0.00,0.00,0.00,0.00,0.00,Matches,52c0001f
819,Charlie Olson,eng ENG,DF,Blackburn,20,2004,2,2,180,2.0,0,0,0,0,0,0,1,0,0.00,0.00,0.00,0.00,0.00,Matches,7c313382
820,Callum Olusesi,eng ENG,MF,Tottenham,18,2007,9,9,761,8.5,1,1,2,1,0,0,0,0,0.12,0.12,0.24,0.12,0.24,Matches,d6455444
821,Tom Olyott,eng ENG,MF,Fulham,19,2006,19,14,1112,12.4,4,7,11,4,0,0,0,0,0.32,0.57,0.89,0.32,0.89,Matches,a5d182b9
822,Darryl Ombang,eng ENG,GK,Leeds United,20,2005,5,5,450,5.0,0,0,0,0,0,0,0,0,0.00,0.00,0.00,0.00,0.00,Matches,f6f8d77c
823,Laolu Omobolaji,ng NGA,FW,Leicester City,17,2007,6,0,97,1.1,0,1,1,0,0,0,0,0,0.00,0.93,0.93,0.00,0.93,Matches,f34b872e
824,Wellity Omoruyi,es ESP,DF,Liverpool,19,2006,9,9,809,9.0,0,0,0,0,0,0,1,0,0.00,0.00,0.00,0.00,0.00,Matches,5fbafc66
825,Toby Onanaye,eng ENG,MF,Leicester City,19,2006,11,3,388,4.3,0,0,0,0,0,0,1,0,0.00,0.00,0.00,0.00,0.00,Matches,ca4107cf
826,Afolami Onanuga,eng ENG,MF,Liverpool,18,2006,4,0,74,0.8,0,1,1,0,0,0,2,0,0.00,1.22,1.22,0.00,1.22,Matches,9794d813
827,Daniel Onanuga,,MFFW,Liverpool,,,8,2,228,2.5,0,0,0,0,0,0,0,0,0.00,0.00,0.00,0.00,0.00,Matches,db2ad2c6
828,Abube Onuchukwu,,DFMF,Ipswich Town,,,7,6,538,6.0,0,0,0,0,0,0,2,0,0.00,0.00,0.00,0.00,0.00,Matches,61974450
829,Nathan Opoku,gh GHA,FW,Leicester City,24,2001,2,2,166,1.8,2,0,2,2,0,0,1,0,1.08,0.00,1.08,1.08,1.08,Matches,6d759943
830,Francis Oppong,,DF,Stoke City,,,9,7,641,7.1,0,0,0,0,0,0,1,0,0.00,0.00,0.00,0.00,0.00,Matches,7ec2a629
831,Lewis Orford,eng ENG,MF,West Ham,19,2006,10,10,900,10.0,2,2,4,2,0,0,1,0,0.20,0.20,0.40,0.20,0.40,Matches,40aaa04c
832,Nehemiah Oriola,eng ENG,MFFW,Brighton,18,2007,18,16,1453,16.1,8,5,13,7,1,2,1,0,0.50,0.31,0.81,0.43,0.74,Matches,febb2831
833,Matthew Orr,nir NIR,DFMF,Nottingham,18,2007,9,8,721,8.0,0,0,0,0,0,0,2,0,0.00,0.00,0.00,0.00,0.00,Matches,e6b6ccc6
834,Justin Osagie,ie IRL,DF,Chelsea,19,2005,7,4,412,4.6,0,0,0,0,0,0,2,0,0.00,0.00,0.00,0.00,0.00,Matches,e00ce77e
835,Adisa Osayande,,DFMF,Derby County,,,15,15,1350,15.0,1,1,2,1,0,0,0,0,0.07,0.07,0.13,0.07,0.13,Matches,de0f73d9
836,Emmanuel Osho,,MFDF,Reading FC,,,15,13,1159,12.9,0,2,2,0,0,0,1,0,0.00,0.16,0.16,0.00,0.16,Matches,1289140f
837,Darren Oshodi,,MF,Burnley,,,1,0,45,0.5,0,0,0,0,0,0,0,0,0.00,0.00,0.00,0.00,0.00,Matches,5edce1eb
838,Johnson Osong,,MF,Derby County,,,10,5,474,5.3,2,0,2,2,0,0,0,0,0.38,0.00,0.38,0.38,0.38,Matches,156dff2e
839,Kirsten Otchere,,FW,Leicester City,,,16,12,1134,12.6,9,1,10,9,0,0,2,0,0.71,0.08,0.79,0.71,0.79,Matches,94f163d5
840,Pijus Otegbayo,ie IRL,DF,Stoke City,17,2007,1,1,60,0.7,0,0,0,0,0,0,0,0,0.00,0.00,0.00,0.00,0.00,Matches,dc19464b
841,Raphael Otegbayo,,DFMF,Stoke City,,,14,12,1116,12.4,1,1,2,1,0,0,2,0,0.08,0.08,0.16,0.08,0.16,Matches,034320d4
842,Rio Oudnie-Morgan,nir NIR,MF,Ipswich Town,19,2005,8,0,179,2.0,1,2,3,1,0,0,2,0,0.50,1.01,1.51,0.50,1.51,Matches,af33380c
843,James Overy,au AUS,DF,Manchester Utd,17,2007,6,1,151,1.7,0,0,0,0,0,0,0,0,0.00,0.00,0.00,0.00,0.00,Matches,2f1e9cbd
844,Jaiden Owen,wls WAL,DF,Norwich City,18,2006,1,0,4,0.0,0,0,0,0,0,0,0,0,0.00,0.00,0.00,0.00,0.00,Matches,5a63ccd5
845,Yussif Owusu,eng ENG,MF,Brighton,19,2006,11,5,458,5.1,0,0,0,0,0,0,1,2,0.00,0.00,0.00,0.00,0.00,Matches,e806d011
846,Abraham Owusu-Gyasi,eng ENG,MF,Arsenal,16,2009,2,1,92,1.0,0,0,0,0,0,0,0,0,0.00,0.00,0.00,0.00,0.00,Matches,29f04303
847,Rayan Oyebade,eng ENG,DF,West Ham,18,2007,16,14,1274,14.2,0,2,2,0,0,0,4,0,0.00,0.14,0.14,0.00,0.14,Matches,a524f83d
848,Nicholas Oyekunle,eng ENG,FWMF,Southampton,18,2007,15,15,1250,13.9,11,4,15,10,1,2,4,1,0.79,0.29,1.08,0.72,1.01,Matches,4e2e3d8c
849,Daniel Oyetunde,eng ENG,FW,Arsenal,18,2006,1,0,16,0.2,0,0,0,0,0,0,0,0,0.00,0.00,0.00,0.00,0.00,Matches,4f499cd5
850,Vatan Özcan,tr TUR,DF,Norwich City,17,2008,9,9,810,9.0,0,0,0,0,0,0,0,0,0.00,0.00,0.00,0.00,0.00,Matches,33a6c800
851,Louis Page,eng ENG,MF,Leicester City,16,2008,7,7,570,6.3,1,0,1,1,0,0,2,0,0.16,0.00,0.16,0.16,0.16,Matches,431f4bf3
852,Bailey Palmer,eng ENG,MF,Brighton,16,2008,1,0,8,0.1,0,0,0,0,0,0,0,0,0.00,0.00,0.00,0.00,0.00,Matches,2af422c7
853,Darren Palmer,eng ENG,FW,Newcastle,19,2005,5,0,82,0.9,0,0,0,0,0,0,1,0,0.00,0.00,0.00,0.00,0.00,Matches,d945911a
854,Harrison Parker,eng ENG,DF,Manchester City,18,2006,11,10,824,9.2,0,0,0,0,0,0,1,0,0.00,0.00,0.00,0.00,0.00,Matches,8b58b7f3
855,Michael Parker,eng ENG,DF,West Brom,20,2004,2,2,157,1.7,0,0,0,0,0,0,0,0,0.00,0.00,0.00,0.00,0.00,Matches,c221c545
856,Ben Parkinson,eng ENG,FW,Newcastle,20,2005,1,1,45,0.5,0,0,0,0,0,0,0,0,0.00,0.00,0.00,0.00,0.00,Matches,32163807
857,Rio Parmar,eng ENG,MF,West Brom,17,2007,3,0,65,0.7,0,0,0,0,0,0,0,0,0.00,0.00,0.00,0.00,0.00,Matches,3660909f
858,Jacob Parsons,eng ENG,FW,Brighton,16,2009,1,0,22,0.2,0,0,0,0,0,0,1,0,0.00,0.00,0.00,0.00,0.00,Matches,87f81b42
859,Harvey Pates,,DF,Blackburn,,,10,9,813,9.0,0,0,0,0,0,0,0,0,0.00,0.00,0.00,0.00,0.00,Matches,a6a2ee78
860,Jack Patterson,nir NIR,MFDF,Everton,19,2005,9,9,726,8.1,1,0,1,1,0,0,4,0,0.12,0.00,0.12,0.12,0.12,Matches,eb3c0479
861,Travis Patterson,eng ENG,DF,Aston Villa,19,2005,2,2,155,1.7,0,0,0,0,0,0,0,0,0.00,0.00,0.00,0.00,0.00,Matches,e0b5d31b
862,Rio Patterson-Powell,eng ENG,MF,Middlesbrough,19,2005,15,12,1112,12.4,1,1,2,1,0,1,7,1,0.08,0.08,0.16,0.08,0.16,Matches,c20d26d8
863,Sean Patton,ie IRL,FW,Reading FC,19,2006,9,8,711,7.9,6,0,6,6,0,0,0,0,0.76,0.00,0.76,0.76,0.76,Matches,aa352006
864,Charlie Pavey,eng ENG,MF,Aston Villa,19,2006,3,3,262,2.9,0,1,1,0,0,0,1,0,0.00,0.34,0.34,0.00,0.34,Matches,46ca8826
865,Henry Pearsall,,DF,Birmingham City,,,1,0,14,0.2,0,0,0,0,0,0,0,0,0.00,0.00,0.00,0.00,0.00,Matches,3e869e77
866,Ármin Pécsi,hu HUN,GK,Liverpool,20,2005,16,16,1440,16.0,0,1,1,0,0,0,0,0,0.00,0.06,0.06,0.00,0.06,Matches,46206cf7
867,Angelinou Pedro,eng ENG,DF,Arsenal,15,2009,1,0,45,0.5,0,0,0,0,0,0,1,0,0.00,0.00,0.00,0.00,0.00,Matches,bc7a5de9
868,Charlie Penman,eng ENG,DF,Brighton,19,2005,8,7,543,6.0,1,0,1,1,0,0,1,1,0.17,0.00,0.17,0.17,0.17,Matches,2fe07631
869,Cody Pennington,eng ENG,MF,Birmingham City,19,2006,1,1,59,0.7,0,0,0,0,0,0,0,0,0.00,0.00,0.00,0.00,0.00,Matches,a237c46d
870,Jack Perry,eng ENG,DF,Derby County,19,2006,7,2,270,3.0,0,0,0,0,0,0,4,0,0.00,0.00,0.00,0.00,0.00,Matches,42c2153a
871,Sanchez Phillips,eng ENG,DF,Stoke City,17,2008,6,5,495,5.5,0,0,0,0,0,0,2,0,0.00,0.00,0.00,0.00,0.00,Matches,4b2a57d3
872,Louie Philpott,eng ENG,MF,Leeds United,15,2009,4,2,230,2.6,1,0,1,1,0,0,0,0,0.39,0.00,0.39,0.39,0.39,Matches,d22d501a
873,George Pickford,eng ENG,GK,Everton,18,2007,14,14,1260,14.0,0,0,0,0,0,0,0,0,0.00,0.00,0.00,0.00,0.00,Matches,4a8c77ec
874,Oliver Pickles,eng ENG,MF,Leeds United,17,2007,20,20,1797,20.0,1,0,1,1,0,0,3,0,0.05,0.00,0.05,0.05,0.05,Matches,6da20490
875,Tommy Pilling,eng ENG,MF,Liverpool,20,2004,19,18,1629,18.1,2,2,4,2,0,0,2,0,0.11,0.11,0.22,0.11,0.22,Matches,b2177325
876,Oliver Pimlott,eng ENG,DFMF,Burnley,18,2007,17,17,1521,16.9,0,1,1,0,0,0,6,0,0.00,0.06,0.06,0.00,0.06,Matches,b928f19e
877,Carter Pinnington,eng ENG,DF,Liverpool,18,2007,19,14,1309,14.5,0,0,0,0,0,0,0,0,0.00,0.00,0.00,0.00,0.00,Matches,b8b2fe95
878,Lewis Pirie,sct SCO,FW,Leeds United,18,2007,4,1,126,1.4,1,0,1,1,0,0,1,0,0.71,0.00,0.71,0.71,0.71,Matches,15f20cbf
879,Shea Pita,wls WAL,MF,Everton,16,2009,8,2,313,3.5,1,1,2,1,0,0,1,0,0.29,0.29,0.58,0.29,0.58,Matches,c0093488
880,Lucas Pitt,eng ENG,DF,Liverpool,18,2006,10,6,619,6.9,0,1,1,0,0,0,1,0,0.00,0.15,0.15,0.00,0.15,Matches,63cf1e42
881,Theo Pitt,wls WAL,MFDF,Blackburn,15,2009,4,3,304,3.4,0,0,0,0,0,0,0,0,0.00,0.00,0.00,0.00,0.00,Matches,057d6ae1
882,Josh Pitts,mt MLT,MFFW,Ipswich Town,18,2007,15,9,781,8.7,6,1,7,5,1,1,1,0,0.69,0.12,0.81,0.58,0.69,Matches,6ada4786
883,Miodrag Pivas,rs SRB,DF,Newcastle,20,2005,17,16,1443,16.0,1,0,1,1,0,0,2,0,0.06,0.00,0.06,0.06,0.06,Matches,d50ec076
884,Alfie Pond,eng ENG,DF,Wolves,21,2004,8,7,578,6.4,0,0,0,0,0,0,1,0,0.00,0.00,0.00,0.00,0.00,Matches,039c3d96
885,Christopher Popov,wls WAL,FW,Leicester City,20,2004,3,2,143,1.6,1,0,1,1,0,0,0,0,0.63,0.00,0.63,0.63,0.63,Matches,1860d243
886,Henry Popple,eng ENG,GK,Derby County,21,2004,1,1,90,1.0,0,0,0,0,0,0,0,0,0.00,0.00,0.00,0.00,0.00,Matches,c8e66300
887,Jack Porter,eng ENG,GK,Arsenal,17,2008,5,5,450,5.0,0,0,0,0,0,0,0,0,0.00,0.00,0.00,0.00,0.00,Matches,0b4ecd65
888,Brandon Pouani,eng ENG,MFFW,Burnley,17,2007,15,11,873,9.7,1,1,2,1,0,0,2,0,0.10,0.10,0.21,0.10,0.21,Matches,4a69a07b
889,Ian Poveda,eng ENG,MF,Sunderland,25,2000,2,2,178,2.0,2,2,4,2,0,0,0,0,1.01,1.01,2.02,1.01,2.02,Matches,55b4f1d6
890,Brandon Powell,eng ENG,MF,Blackburn,19,2005,11,11,990,11.0,4,3,7,4,0,0,1,0,0.36,0.27,0.64,0.36,0.64,Matches,baef5c44
891,Jayden Powell,,FW,Nottingham,,,2,0,35,0.4,0,0,0,0,0,0,0,0,0.00,0.00,0.00,0.00,0.00,Matches,b01dd795
892,Owen Powell,,DFMF,Stoke City,,,6,4,284,3.2,0,0,0,0,0,0,2,0,0.00,0.00,0.00,0.00,0.00,Matches,b0697d69
893,George Pratt,eng ENG,DF,Blackburn,21,2003,4,4,331,3.7,0,0,0,0,0,0,0,0,0.00,0.00,0.00,0.00,0.00,Matches,34eb88fe
894,Harley Price,,GK,Derby County,,,5,5,361,4.0,0,0,0,0,0,0,1,1,0.00,0.00,0.00,0.00,0.00,Matches,33ad5df7
895,Sam Proctor,eng ENG,GK,Aston Villa,18,2006,8,8,720,8.0,0,1,1,0,0,0,1,0,0.00,0.12,0.12,0.00,0.12,Matches,b96cec48
896,Tom Proctor,,MFFW,Sunderland,,,10,6,641,7.1,2,0,2,2,0,0,2,0,0.28,0.00,0.28,0.28,0.28,Matches,fb1d0dda
897,Logan Pye,eng ENG,DF,Burnley,21,2003,1,1,45,0.5,0,0,0,0,0,0,0,0,0.00,0.00,0.00,0.00,0.00,Matches,534340fd
898,Jayden Quashie,gd GRN,MF,Fulham,18,2006,18,17,1519,16.9,4,5,9,3,1,2,5,0,0.24,0.30,0.53,0.18,0.47,Matches,43c77f5d
899,Jack Quirk,,DF,Birmingham City,,,20,18,1566,17.4,0,0,0,0,0,0,5,0,0.00,0.00,0.00,0.00,0.00,Matches,349dd52a
900,Samuel Rak-Sakyi,eng ENG,MFDF,Chelsea,20,2005,8,5,444,4.9,0,1,1,0,0,0,2,0,0.00,0.20,0.20,0.00,0.20,Matches,301ba71e
901,Nils Ramming,se SWE,GK,Brighton,18,2007,3,3,270,3.0,0,0,0,0,0,0,0,0,0.00,0.00,0.00,0.00,0.00,Matches,a21bfa0f
902,Calvin Ramsay,sct SCO,DF,Liverpool,22,2003,15,14,1181,13.1,2,1,3,2,0,0,2,0,0.15,0.08,0.23,0.15,0.23,Matches,d720e834
903,Donte Ranger,eng ENG,FWMF,West Brom,18,2006,11,5,372,4.1,0,0,0,0,0,0,2,0,0.00,0.00,0.00,0.00,0.00,Matches,2d19cb2f
904,Alex Ranson,,DF,Birmingham City,,,3,0,58,0.6,0,0,0,0,0,0,0,0,0.00,0.00,0.00,0.00,0.00,Matches,d44d47d1
905,Khari Ranson,eng ENG,GK,Arsenal,17,2007,4,4,360,4.0,0,0,0,0,0,0,1,0,0.00,0.00,0.00,0.00,0.00,Matches,38c81ae7
906,Luke Rawlings,eng ENG,MFFW,Wolves,17,2008,16,15,1335,14.8,1,1,2,1,0,0,0,0,0.07,0.07,0.13,0.07,0.13,Matches,ba8a2a36
907,Louie Rea,,MFDF,Birmingham City,,,9,8,765,8.5,3,0,3,3,0,0,1,0,0.35,0.00,0.35,0.35,0.35,Matches,5c292313
908,Ben Reeves,nir NIR,MF,Southampton,33,1991,2,0,27,0.3,0,0,0,0,0,0,0,0,0.00,0.00,0.00,0.00,0.00,Matches,4db1f85d
909,Dylan Reid,sct SCO,MF,Crystal Palace,20,2005,18,14,1278,14.2,1,3,4,1,0,0,5,0,0.07,0.21,0.28,0.07,0.28,Matches,4b9efe53
910,Connor Reilly,,FW,Birmingham City,,,2,0,12,0.1,0,0,0,0,0,0,0,0,0.00,0.00,0.00,0.00,0.00,Matches,0350f4e4
911,Jacob Render,eng ENG,MF,Leeds United,17,2008,3,1,132,1.5,1,0,1,1,0,0,0,0,0.68,0.00,0.68,0.68,0.68,Matches,f7693fb2
912,Alvaro Rente,cu CUB,FW,Birmingham City,19,2006,10,0,166,1.8,0,0,0,0,0,0,0,0,0.00,0.00,0.00,0.00,0.00,Matches,192bf315
913,Fabian Reynolds,jm JAM,FW,Wolves,19,2005,1,0,23,0.3,0,0,0,0,0,0,0,0,0.00,0.00,0.00,0.00,0.00,Matches,8b5e88d5
914,Harrison Rhone,eng ENG,GK,Reading FC,20,2005,13,13,1170,13.0,0,0,0,0,0,0,0,0,0.00,0.00,0.00,0.00,0.00,Matches,966a26ce
915,Chadi Riad,ma MAR,DF,Crystal Palace,22,2003,2,2,116,1.3,1,0,1,1,0,0,1,0,0.78,0.00,0.78,0.78,0.78,Matches,b3b9b8b8
916,Amani Richards,eng ENG,MFFW,Leicester City,20,2004,13,8,741,8.2,5,3,8,5,0,0,4,0,0.61,0.36,0.97,0.61,0.97,Matches,68ff0629
917,Dujuan Richards,jm JAM,MF,Chelsea,19,2005,11,5,494,5.5,2,0,2,2,0,0,0,0,0.36,0.00,0.36,0.36,0.36,Matches,5d2df518
918,Jerome Richards,,MF,Derby County,,,11,7,635,7.1,1,0,1,1,0,0,0,0,0.14,0.00,0.14,0.14,0.14,Matches,ab079dc2
919,Lewi Richards,eng ENG,DF,Chelsea,16,2008,1,1,60,0.7,0,0,0,0,0,0,0,0,0.00,0.00,0.00,0.00,0.00,Matches,fb89db58
920,Omar Richards,eng ENG,DF,Nottingham,27,1998,1,1,65,0.7,0,0,0,0,0,0,0,0,0.00,0.00,0.00,0.00,0.00,Matches,f9b1b7bf
921,Adam Richardson,eng ENG,GK,Sunderland,21,2003,1,1,90,1.0,0,0,0,0,0,0,0,0,0.00,0.00,0.00,0.00,0.00,Matches,63c50482
922,Seth Ridgeon,eng ENG,MF,Fulham,16,2008,8,8,630,7.0,4,0,4,4,0,0,0,0,0.57,0.00,0.57,0.57,0.57,Matches,b12ba5d9
923,Daniel Rigge,eng ENG,MF,West Ham,19,2006,3,1,114,1.3,0,0,0,0,0,0,0,0,0.00,0.00,0.00,0.00,0.00,Matches,bb3df3f0
924,Roman Riley,eng ENG,DF,Tottenham,18,2006,1,0,2,0.0,0,0,0,0,0,0,0,0,0.00,0.00,0.00,0.00,0.00,Matches,f19c64c1
925,Roman Riley,eng ENG,DF,Burnley,18,2006,7,6,502,5.6,1,0,1,1,0,0,1,0,0.18,0.00,0.18,0.18,0.18,Matches,f19c64c1
926,Andy Rinomhota,zw ZIM,MF,Reading FC,28,1997,2,2,126,1.4,0,0,0,0,0,0,0,0,0.00,0.00,0.00,0.00,0.00,Matches,e9bfd3cf
927,Ray Robert,eng ENG,FW,Everton,16,2008,1,0,7,0.1,0,0,0,0,0,0,0,0,0.00,0.00,0.00,0.00,0.00,Matches,015a2871
928,Luca Robert Scanlon,gi GIB,MF,Burnley,16,2009,6,2,230,2.6,0,0,0,0,0,0,0,0,0.00,0.00,0.00,0.00,0.00,Matches,ecb008a4
929,Josh Robertson,sct SCO,MF,Brighton,20,2005,10,8,556,6.2,2,3,5,1,1,1,3,0,0.32,0.49,0.81,0.16,0.65,Matches,24d5b001
930,Charlie Robinson,eng ENG,DF,Fulham,20,2004,1,1,25,0.3,0,0,0,0,0,0,0,0,0.00,0.00,0.00,0.00,0.00,Matches,693a5e1a
931,Jay Robinson,eng ENG,FW,Southampton,18,2007,1,1,45,0.5,0,0,0,0,0,0,0,0,0.00,0.00,0.00,0.00,0.00,Matches,2a616c85
932,Junior Robinson,eng ENG,MFDF,West Ham,21,2004,4,4,349,3.9,1,0,1,1,0,0,1,0,0.26,0.00,0.26,0.26,0.26,Matches,ecb01ccb
933,Keilen Robinson,eng ENG,DFMF,Derby County,19,2005,8,6,552,6.1,0,1,1,0,0,0,1,0,0.00,0.16,0.16,0.00,0.16,Matches,5eb9ea18
934,Kaden Rodney,eng ENG,MFDF,Crystal Palace,20,2004,15,14,1248,13.9,4,0,4,1,3,3,3,0,0.29,0.00,0.29,0.07,0.07,Matches,49375cdd
935,Jake Rooney,eng ENG,DF,Derby County,21,2003,1,1,90,1.0,0,0,0,0,0,0,0,0,0.00,0.00,0.00,0.00,0.00,Matches,9842b4b1
936,Alfie Round,eng ENG,DF,West Brom,17,2008,1,0,28,0.3,0,0,0,0,0,0,0,0,0.00,0.00,0.00,0.00,0.00,Matches,76e806e4
937,Leon Routh,eng ENG,DF,Aston Villa,17,2007,15,11,969,10.8,0,0,0,0,0,0,3,1,0.00,0.00,0.00,0.00,0.00,Matches,e2177db5
938,Triston Rowe,eng ENG,DF,Aston Villa,19,2006,1,1,64,0.7,0,0,0,0,0,0,0,0,0.00,0.00,0.00,0.00,0.00,Matches,3fcc22d5
939,Sonny Rowland,eng ENG,DF,Norwich City,17,2007,2,2,168,1.9,0,0,0,0,0,0,0,0,0.00,0.00,0.00,0.00,0.00,Matches,084ee0f1
940,Matt Rowley,eng ENG,GK,Reading FC,21,2004,1,1,90,1.0,0,0,0,0,0,0,0,0,0.00,0.00,0.00,0.00,0.00,Matches,e1e9fb6a
941,James Rowswell,eng ENG,DF,Tottenham,19,2006,12,10,933,10.4,3,1,4,3,0,0,2,0,0.29,0.10,0.39,0.29,0.39,Matches,419147f7
942,Frankie Runham,eng ENG,MF,Ipswich Town,18,2007,6,6,439,4.9,0,2,2,0,0,0,0,0,0.00,0.41,0.41,0.00,0.41,Matches,3b4e1001
943,Tivonge Rushesha,wls WAL,MF,Reading FC,23,2002,3,3,229,2.5,0,0,0,0,0,0,1,0,0.00,0.00,0.00,0.00,0.00,Matches,6be423e1
944,Reiss Russell-Denny,eng ENG,MFFW,Tottenham,19,2006,18,17,1480,16.4,3,4,7,3,0,0,1,0,0.18,0.24,0.43,0.18,0.43,Matches,02df5272
945,John Ryan,ie IRL,DF,Reading FC,21,2004,4,4,325,3.6,0,0,0,0,0,0,0,1,0.00,0.00,0.00,0.00,0.00,Matches,52e47728
946,Kamarni Ryan,eng ENG,FW,Burnley,19,2006,6,4,350,3.9,0,0,0,0,0,0,1,0,0.00,0.00,0.00,0.00,0.00,Matches,b6792b97
947,Tyler Sackey,,MFDF,Reading FC,,,20,20,1746,19.4,1,2,3,1,0,0,3,0,0.05,0.10,0.15,0.05,0.15,Matches,f8455eef
948,Charles Sagoe Jr,eng ENG,MFFW,Arsenal,21,2004,11,11,990,11.0,3,5,8,3,0,0,0,0,0.27,0.45,0.73,0.27,0.73,Matches,187ab096
949,Fabio Sainsbury,,MF,Southampton,,,1,0,4,0.0,0,0,0,0,0,0,0,0,0.00,0.00,0.00,0.00,0.00,Matches,ac1b2099
950,Vakhtang Salia,ge GEO,FW,Newcastle,17,2007,2,1,62,0.7,1,0,1,1,0,0,0,0,1.45,0.00,1.45,1.45,1.45,Matches,e435ad27
951,Marli Salmon,eng ENG,DF,Arsenal,15,2009,13,12,960,10.7,0,0,0,0,0,0,3,1,0.00,0.00,0.00,0.00,0.00,Matches,3dabb62e
952,Floyd Samba,fr FRA,MF,Manchester City,16,2009,9,8,690,7.7,5,2,7,5,0,0,1,0,0.65,0.26,0.91,0.65,0.91,Matches,cc054fa0
953,Tyrone Samba,fr FRA,MF,Manchester City,17,2007,3,1,99,1.1,0,0,0,0,0,0,0,0,0.00,0.00,0.00,0.00,0.00,Matches,10b8f696
954,Saurap Sampang,eng ENG,DF,Arsenal,16,2009,1,0,12,0.1,0,0,0,0,0,0,0,0,0.00,0.00,0.00,0.00,0.00,Matches,37836240
955,Lakyle Samuel,eng ENG,DF,Manchester City,19,2006,2,2,180,2.0,1,0,1,1,0,0,0,0,0.50,0.00,0.50,0.50,0.50,Matches,411d7d6b
956,Oliver Samuels,eng ENG,DFMF,Middlesbrough,19,2005,19,17,1554,17.3,2,0,2,2,0,0,9,0,0.12,0.00,0.12,0.12,0.12,Matches,49d923be
957,Odin Samuels-Smith,jm JAM,DF,Everton,19,2006,16,11,1013,11.3,0,0,0,0,0,0,0,0,0.00,0.00,0.00,0.00,0.00,Matches,9b3bb031
958,Caleb Sanders,,MFDF,Birmingham City,,,16,13,1198,13.3,1,2,3,1,0,0,3,0,0.08,0.15,0.23,0.08,0.23,Matches,38e4d3d9
959,Mahamadou Sangare,fr FRA,FW,Manchester City,18,2007,15,10,903,10.0,7,0,7,7,0,0,0,0,0.70,0.00,0.70,0.70,0.70,Matches,1b669d90
960,Bubbacar Sanneh,,DFMF,Nottingham,,,8,8,675,7.5,0,1,1,0,0,0,0,0,0.00,0.13,0.13,0.00,0.13,Matches,1d6a84b1
961,Trevan Sanusi,eng ENG,FW,Newcastle,18,2007,3,3,203,2.3,0,1,1,0,0,0,0,0,0.00,0.44,0.44,0.00,0.44,Matches,7cefbace
962,Troy Savage,nir NIR,MF,Burnley,17,2008,2,1,113,1.3,0,0,0,0,0,0,0,0,0.00,0.00,0.00,0.00,0.00,Matches,7c028b7c
963,Calum Scanlon,eng ENG,DF,Liverpool,20,2005,1,1,66,0.7,0,0,0,0,0,0,0,0,0.00,0.00,0.00,0.00,0.00,Matches,37739c71
964,James Scanlon,gi GIB,MF,Manchester Utd,18,2006,10,7,737,8.2,0,2,2,0,0,0,0,0,0.00,0.24,0.24,0.00,0.24,Matches,b15811c7
965,Joe Scanlon,eng ENG,MF,West Ham,16,2008,1,1,78,0.9,0,0,0,0,0,0,0,0,0.00,0.00,0.00,0.00,0.00,Matches,7f3d1d51
966,Dane Scarlett,eng ENG,FW,Tottenham,21,2004,3,3,217,2.4,1,1,2,1,0,0,0,0,0.41,0.41,0.83,0.41,0.83,Matches,21945a9e
967,Gabriel Schluter,eng ENG,FW,Nottingham,16,2009,2,0,29,0.3,0,0,0,0,0,0,0,0,0.00,0.00,0.00,0.00,0.00,Matches,f3e455b5
968,Joshua van Schoor,eng ENG,DF,Everton,18,2006,18,15,1416,15.7,1,2,3,1,0,0,1,0,0.06,0.13,0.19,0.06,0.19,Matches,ce306417
969,Quinn Schutter,eng ENG,DF,Fulham,16,2009,1,0,9,0.1,0,0,0,0,0,0,0,0,0.00,0.00,0.00,0.00,0.00,Matches,b929c355
970,Cameron Scott,sct SCO,DF,Burnley,18,2007,6,3,237,2.6,0,1,1,0,0,0,0,0,0.00,0.38,0.38,0.00,0.38,Matches,0db3b1c8
971,Felix Scott,,MFFW,Sunderland,,,13,8,708,7.9,2,0,2,2,0,0,0,1,0.25,0.00,0.25,0.25,0.25,Matches,a1e47882
972,La'Sean Sealey,eng ENG,FW,Norwich City,18,2006,9,2,289,3.2,0,0,0,0,0,0,2,0,0.00,0.00,0.00,0.00,0.00,Matches,97d19446
973,Jayden Sergeant,,MFFW,Blackburn,,,4,2,236,2.6,0,0,0,0,0,0,1,0,0.00,0.00,0.00,0.00,0.00,Matches,1a849739
974,Moses Sesay,eng ENG,MFDF,Southampton,18,2007,18,18,1486,16.5,2,3,5,2,0,0,5,0,0.12,0.18,0.30,0.12,0.30,Matches,d0e1f82a
975,Tommy Setford,eng ENG,GK,Arsenal,19,2006,8,8,671,7.5,0,0,0,0,0,0,0,0,0.00,0.00,0.00,0.00,0.00,Matches,d1a2e006
976,Park Seungsoo,kr KOR,MFFW,Newcastle,18,2007,16,15,1184,13.2,2,3,5,2,0,0,0,0,0.15,0.23,0.38,0.15,0.38,Matches,b6aabcf8
977,Broghan Sewell,nir NIR,DF,Southampton,16,2008,1,0,19,0.2,0,0,0,0,0,0,1,0,0.00,0.00,0.00,0.00,0.00,Matches,f4efede8
978,Jariyah Shah,au AUS,MF,Manchester Utd,16,2009,1,1,74,0.8,0,0,0,0,0,0,0,0,0.00,0.00,0.00,0.00,0.00,Matches,63da539e
979,Leo Shahar,eng ENG,DF,Newcastle,18,2007,9,7,651,7.2,0,0,0,0,0,0,1,0,0.00,0.00,0.00,0.00,0.00,Matches,5536f008
980,Teddy Sharman,eng ENG,GK,Chelsea,22,2003,1,1,90,1.0,0,1,1,0,0,0,0,0,0.00,1.00,1.00,0.00,1.00,Matches,7cd31238
981,Malachi Sharpe,sct SCO,MF,Burnley,19,2005,1,1,45,0.5,0,0,0,0,0,0,0,0,0.00,0.00,0.00,0.00,0.00,Matches,1988af70
982,Malachi Sharpe,sct SCO,MF,Manchester Utd,19,2005,7,6,512,5.7,0,1,1,0,0,0,0,0,0.00,0.18,0.18,0.00,0.18,Matches,1988af70
983,George Shaw,eng ENG,DF,West Brom,16,2009,1,1,90,1.0,0,0,0,0,0,0,0,0,0.00,0.00,0.00,0.00,0.00,Matches,dbf9f816
984,Kofi Shaw,,FWMF,Brighton,,,4,3,256,2.8,1,0,1,1,0,0,0,0,0.35,0.00,0.35,0.35,0.35,Matches,972ef49c
985,Martin Sherif,nl NED,FW,Everton,19,2006,2,1,90,1.0,1,0,1,0,1,1,0,0,1.00,0.00,1.00,0.00,0.00,Matches,74c0903d
986,Lamin Sillah,gm GAM,FW,Nottingham,19,2006,17,16,1304,14.5,3,2,5,3,0,0,0,0,0.21,0.14,0.35,0.21,0.35,Matches,90587736
987,Tyler Silsby,eng ENG,MF,Brighton,17,2008,15,9,869,9.7,2,1,3,2,0,0,1,0,0.21,0.10,0.31,0.21,0.31,Matches,a8aa2acb
988,Alezandro Silva,,MFDF,Birmingham City,,,20,18,1655,18.4,3,1,4,3,0,0,0,0,0.16,0.05,0.22,0.16,0.22,Matches,4e4b48c0
989,Eric da Silva Moreira,de GER,DFMF,Nottingham,19,2006,10,10,774,8.6,0,1,1,0,0,0,1,0,0.00,0.12,0.12,0.00,0.12,Matches,0a4f579a
990,Freddie Simmonds,eng ENG,DF,Brighton,17,2008,11,11,955,10.6,0,0,0,0,0,0,1,0,0.00,0.00,0.00,0.00,0.00,Matches,c1a271b9
991,Jimmy Sinclair,eng ENG,MFDF,Nottingham,18,2006,19,19,1638,18.2,1,2,3,1,0,0,2,0,0.05,0.11,0.16,0.05,0.16,Matches,7e118f84
992,Bradley Slade,eng ENG,DF,Fulham,18,2007,11,5,510,5.7,1,0,1,1,0,0,1,0,0.18,0.00,0.18,0.18,0.18,Matches,50ef20ca
993,Jacob Slater,ie IRL,MFDF,Brighton,20,2004,3,2,192,2.1,0,0,0,0,0,0,0,0,0.00,0.00,0.00,0.00,0.00,Matches,a4a51de9
994,Kiyan Slevin,,MF,Reading FC,,,2,1,72,0.8,0,1,1,0,0,0,0,0,0.00,1.25,1.25,0.00,1.25,Matches,6f685bf6
995,Gaga Slonina,us USA,GK,Chelsea,21,2004,1,1,90,1.0,0,0,0,0,0,0,1,0,0.00,0.00,0.00,0.00,0.00,Matches,c55a846e
996,Charlie Smith,eng ENG,MF,Derby County,16,2008,8,7,591,6.6,1,1,2,1,0,0,1,0,0.15,0.15,0.30,0.15,0.30,Matches,d3621444
997,Fuad Smith,eng ENG,MFFW,Nottingham,17,2007,16,9,960,10.7,1,0,1,1,0,0,1,0,0.09,0.00,0.09,0.09,0.09,Matches,4492404a
998,Isaac Smith,eng ENG,DF,Manchester City,20,2005,1,0,10,0.1,0,0,0,0,0,0,0,0,0.00,0.00,0.00,0.00,0.00,Matches,09351bf1
999,Kiyan Smith,,MFFW,Reading FC,,,14,12,1010,11.2,1,1,2,1,0,0,0,0,0.09,0.09,0.18,0.09,0.18,Matches,2e8e3631
1000,Tyler Smith,,DF,Middlesbrough,,,1,0,20,0.2,0,0,0,0,0,0,0,0,0.00,0.00,0.00,0.00,0.00,Matches,3a87e2e1
1001,William Smith,eng ENG,MF,Stoke City,19,2005,6,6,460,5.1,0,1,1,0,0,0,2,0,0.00,0.20,0.20,0.00,0.20,Matches,aee1324c
1002,Fabio So,eng ENG,MF,Burnley,17,2008,1,1,45,0.5,0,0,0,0,0,0,0,0,0.00,0.00,0.00,0.00,0.00,Matches,ac3289ff
1003,Joshua Sonni Lambie,eng ENG,MF,Liverpool,17,2007,1,1,79,0.9,0,0,0,0,0,0,0,0,0.00,0.00,0.00,0.00,0.00,Matches,07aa420e
1004,Lino Sousa,eng ENG,DF,Aston Villa,20,2005,1,1,45,0.5,0,0,0,0,0,0,0,0,0.00,0.00,0.00,0.00,0.00,Matches,e09d77a2
1005,Elisha Sowanmi,,MFFW,Tottenham,,,9,4,307,3.4,0,0,0,0,0,0,0,0,0.00,0.00,0.00,0.00,0.00,Matches,6b678076
1006,Elisha Sowanmi,,MF,West Ham,,,6,0,98,1.1,1,0,1,1,0,0,0,0,0.92,0.00,0.92,0.92,0.92,Matches,6b678076
1007,Shay Spencer,,MFDF,Reading FC,,,8,8,706,7.8,0,1,1,0,0,0,1,0,0.00,0.13,0.13,0.00,0.13,Matches,171df959
1008,T'Shay St Louis,,DFMF,Reading FC,,,6,5,438,4.9,1,0,1,1,0,0,1,0,0.21,0.00,0.21,0.21,0.21,Matches,0b8fb35b
1009,Michael Stanley,eng ENG,DF,Burnley,17,2008,4,2,171,1.9,0,0,0,0,0,0,1,0,0.00,0.00,0.00,0.00,0.00,Matches,d4b87e56
1010,Kahlil Steele,eng ENG,MF,Norwich City,16,2009,2,1,94,1.0,1,0,1,0,1,1,0,0,0.96,0.00,0.96,0.00,0.00,Matches,a084a5ef
1011,Archie Stevens,eng ENG,MFFW,Arsenal,19,2006,14,7,578,6.4,0,0,0,0,0,0,1,0,0.00,0.00,0.00,0.00,0.00,Matches,9847312e
1012,Jack Stevens,eng ENG,GK,Reading FC,27,1997,2,2,180,2.0,0,0,0,0,0,0,0,0,0.00,0.00,0.00,0.00,0.00,Matches,7bd2bcac
1013,Michael Stickland,eng ENG,DF,Reading FC,22,2002,3,3,270,3.0,0,1,1,0,0,0,1,0,0.00,0.33,0.33,0.00,0.33,Matches,dfe059f0
1014,George Stokes,eng ENG,DF,Derby County,16,2008,3,1,85,0.9,0,0,0,0,0,0,1,0,0.00,0.00,0.00,0.00,0.00,Matches,8579786c
1015,Zack Stritch,eng ENG,MFFW,Blackburn,19,2005,11,9,738,8.2,0,1,1,0,0,0,0,0,0.00,0.12,0.12,0.00,0.12,Matches,b3fb8fc6
1016,Olutayo Subuloye,eng ENG,DF,Chelsea,17,2007,5,5,406,4.5,0,0,0,0,0,0,2,1,0.00,0.00,0.00,0.00,0.00,Matches,ccb69c71
1017,Eseosa Sule,sct SCO,FW,West Brom,19,2006,6,5,415,4.6,4,0,4,4,0,0,1,0,0.87,0.00,0.87,0.87,0.87,Matches,73578107
1018,Will Sullivan,eng ENG,GK,Birmingham City,19,2005,17,17,1530,17.0,0,0,0,0,0,0,2,0,0.00,0.00,0.00,0.00,0.00,Matches,c511fb1e
1019,Mahamadou Susoho,es ESP,FW,Manchester City,20,2005,1,1,54,0.6,0,0,0,0,0,0,0,0,0.00,0.00,0.00,0.00,0.00,Matches,6cdd9d3d
1020,Ethan Sutherland,sct SCO,MFDF,Wolves,19,2006,18,16,1463,16.3,4,0,4,4,0,0,2,0,0.25,0.00,0.25,0.25,0.25,Matches,a7abd792
1021,Spencer Sutton,eng ENG,DF,Nottingham,16,2009,1,0,11,0.1,0,0,0,0,0,0,0,0,0.00,0.00,0.00,0.00,0.00,Matches,31eac2b1
1022,Will Sweet,eng ENG,DF,Arsenal,18,2006,7,6,529,5.9,0,1,1,0,0,0,1,0,0.00,0.17,0.17,0.00,0.17,Matches,a7d2c3e2
1023,Samuel Tabares,eng ENG,MFDF,Southampton,18,2006,7,5,488,5.4,1,1,2,1,0,0,2,0,0.18,0.18,0.37,0.18,0.37,Matches,851065a6
1024,Mor Talla Ndiaye,sn SEN,DF,Liverpool,17,2008,2,0,73,0.8,0,0,0,0,0,0,0,0,0.00,0.00,0.00,0.00,0.00,Matches,821c9f86
1025,Maksym Talovierov,ua UKR,DF,Stoke City,25,2000,1,1,74,0.8,0,0,0,0,0,0,1,0,0.00,0.00,0.00,0.00,0.00,Matches,6a54638e
1026,William Tamen,eng ENG,DFMF,Everton,19,2006,10,10,855,9.5,0,0,0,0,0,0,1,0,0.00,0.00,0.00,0.00,0.00,Matches,2db16be2
1027,Devan Tanton,co COL,DF,Fulham,21,2004,4,3,285,3.2,0,1,1,0,0,0,0,0,0.00,0.32,0.32,0.00,0.32,Matches,3c256bb1
1028,Charlie Tasker,eng ENG,MFDF,Brighton,19,2006,14,14,1170,13.0,1,4,5,1,0,0,2,0,0.08,0.31,0.38,0.08,0.38,Matches,c155dd7d
1029,Frank Tattum,eng ENG,FW,Birmingham City,19,2005,6,5,315,3.5,1,1,2,1,0,0,0,0,0.29,0.29,0.57,0.29,0.57,Matches,4665d969
1030,Jimi Tauriainen,eng ENG,FW,Chelsea,21,2004,2,0,69,0.8,1,0,1,1,0,0,0,0,1.30,0.00,1.30,1.30,1.30,Matches,cac9e583
1031,Sidnei Tavares,,MF,Blackburn,23,2001,1,1,45,0.5,0,0,0,0,0,0,0,0,0.00,0.00,0.00,0.00,0.00,Matches,3add8ed8
1032,James Taylor,eng ENG,GK,Newcastle,19,2006,3,3,270,3.0,0,0,0,0,0,0,0,0,0.00,0.00,0.00,0.00,0.00,Matches,0aec50bd
1033,Kane Taylor,eng ENG,DFMF,Aston Villa,20,2005,1,0,45,0.5,0,0,0,0,0,0,0,0,0.00,0.00,0.00,0.00,0.00,Matches,988f3a15
1034,Tom Taylor,,MFFW,Ipswich Town,,,11,10,930,10.3,4,2,6,4,0,0,4,0,0.39,0.19,0.58,0.39,0.58,Matches,648a86b4
1035,Oscar Thomas Abbotson,wls WAL,GK,Southampton,16,2009,3,3,270,3.0,0,0,0,0,0,0,0,0,0.00,0.00,0.00,0.00,0.00,Matches,00669273
1036,Aled Thomas,wls WAL,DF,Everton,18,2006,19,16,1506,16.7,0,0,0,0,0,0,5,0,0.00,0.00,0.00,0.00,0.00,Matches,19199972
1037,Rhys Thomas,wls WAL,DF,Manchester City,18,2006,5,0,98,1.1,0,0,0,0,0,0,1,0,0.00,0.00,0.00,0.00,0.00,Matches,e1031168
1038,Silko Thomas,eng ENG,FW,Leicester City,21,2004,2,2,160,1.8,1,0,1,1,0,0,0,0,0.56,0.00,0.56,0.56,0.56,Matches,c7a27513
1039,Ciaran Thompson,eng ENG,DF,Newcastle,20,2004,13,11,989,11.0,0,0,0,0,0,0,1,0,0.00,0.00,0.00,0.00,0.00,Matches,0a951b0e
1040,Jack Thompson,eng ENG,DF,Nottingham,20,2005,11,11,990,11.0,1,0,1,1,0,0,6,0,0.09,0.00,0.09,0.09,0.09,Matches,c1653237
1041,Jack Thompson,eng ENG,GK,Derby County,18,2006,10,9,898,10.0,0,0,0,0,0,0,0,0,0.00,0.00,0.00,0.00,0.00,Matches,35c6f024
1042,Kalum Thompson,nir NIR,MFFW,Nottingham,16,2008,16,13,1088,12.1,3,3,6,2,1,1,1,0,0.25,0.25,0.50,0.17,0.41,Matches,ae43ebd3
1043,Kyran Thompson,eng ENG,FW,Arsenal,15,2009,1,1,82,0.9,0,0,0,0,0,0,0,0,0.00,0.00,0.00,0.00,0.00,Matches,71bd4670
1044,Max Thompson,eng ENG,GK,Newcastle,20,2004,4,4,360,4.0,0,0,0,0,0,0,0,0,0.00,0.00,0.00,0.00,0.00,Matches,6569d1d8
1045,Tynan Thompson,eng ENG,MF,Tottenham,17,2008,13,8,809,9.0,2,4,6,2,0,0,1,0,0.22,0.44,0.67,0.22,0.67,Matches,0a562700
1046,Will Thompson,,DF,Stoke City,,,1,1,75,0.8,0,0,0,0,0,0,0,0,0.00,0.00,0.00,0.00,0.00,Matches,59e38eb3
1047,Jim Thwaites,eng ENG,MF,Manchester Utd,17,2007,4,2,255,2.8,0,2,2,0,0,0,1,0,0.00,0.71,0.71,0.00,0.71,Matches,1b212310
1048,Michael Toko,,DF,Leicester City,,,9,6,595,6.6,0,0,0,0,0,0,3,0,0.00,0.00,0.00,0.00,0.00,Matches,cd30aae1
1049,Marsel Tola,,MF,Derby County,,,11,4,476,5.3,0,1,1,0,0,0,4,1,0.00,0.19,0.19,0.00,0.19,Matches,c7e5ebf5
1050,Luke Towler,,MF,Norwich City,,,20,18,1482,16.5,4,1,5,4,0,0,5,0,0.24,0.06,0.30,0.24,0.30,Matches,e593bf07
1051,Ben Trueman,eng ENG,MF,Liverpool,18,2006,3,3,167,1.9,0,0,0,0,0,0,0,0,0.00,0.00,0.00,0.00,0.00,Matches,678ee47c
1052,Basil Tuma,mt MLT,FW,Reading FC,19,2006,2,0,47,0.5,0,0,0,0,0,0,0,0,0.00,0.00,0.00,0.00,0.00,Matches,ba21f636
1053,Vinnie Tume,,DF,Ipswich Town,,,1,0,26,0.3,0,0,0,0,0,0,0,0,0.00,0.00,0.00,0.00,0.00,Matches,3a6e788c
1054,Freddie Turley,ie IRL,DF,Derby County,19,2006,10,9,810,9.0,0,0,0,0,0,0,3,0,0.00,0.00,0.00,0.00,0.00,Matches,4fb3405d
1055,Steven Turner,eng ENG,MF,Ipswich Town,19,2006,13,12,1018,11.3,1,0,1,1,0,0,5,1,0.09,0.00,0.09,0.09,0.09,Matches,c9b28588
1056,Timur Tuterov,ua UKR,MF,Sunderland,20,2005,7,7,507,5.6,6,1,7,5,1,2,1,0,1.07,0.18,1.24,0.89,1.07,Matches,7ba5d93b
1057,Tom Tweedy,wls WAL,FW,Burnley,20,2004,4,0,71,0.8,0,0,0,0,0,0,0,0,0.00,0.00,0.00,0.00,0.00,Matches,5b464f44
1058,Igor Tyjon,eng ENG,MFFW,Blackburn,17,2008,10,10,818,9.1,4,2,6,1,3,3,1,0,0.44,0.22,0.66,0.11,0.33,Matches,f4a2077a
1059,Stefanos Tzimas,gr GRE,FW,Brighton,19,2006,1,0,30,0.3,0,0,0,0,0,0,0,0,0.00,0.00,0.00,0.00,0.00,Matches,a497130f
1060,Tobi Ugorji,,FW,Birmingham City,,,1,1,45,0.5,0,0,0,0,0,0,0,0,0.00,0.00,0.00,0.00,0.00,Matches,0edfe9cb
1061,Jemiah Umolu,eng ENG,FWMF,Crystal Palace,19,2005,10,5,577,6.4,4,0,4,3,1,1,1,0,0.62,0.00,0.62,0.47,0.47,Matches,b8ef2272
1062,Marco Underwood,eng ENG,GK,Fulham,19,2006,4,4,360,4.0,0,0,0,0,0,0,1,0,0.00,0.00,0.00,0.00,0.00,Matches,0af6481a
1063,Jonathan Unwin,eng ENG,MF,Stoke City,17,2007,2,1,88,1.0,1,0,1,1,0,0,0,0,1.02,0.00,1.02,1.02,1.02,Matches,e8abb993
1064,Elijah Upson,eng ENG,DF,Tottenham,17,2008,2,1,115,1.3,0,0,0,0,0,0,0,0,0.00,0.00,0.00,0.00,0.00,Matches,e9ecf5a3
1065,Nico Valentine,eng ENG,FW,Ipswich Town,20,2005,1,0,20,0.2,0,0,0,0,0,0,0,0,0.00,0.00,0.00,0.00,0.00,Matches,0be876b5
1066,Jake Vallance,sct SCO,DF,Southampton,16,2008,4,2,219,2.4,0,0,0,0,0,0,1,0,0.00,0.00,0.00,0.00,0.00,Matches,ed8aa9e4
1067,Frank Vare,eng ENG,MF,Blackburn,17,2007,12,11,1006,11.2,0,1,1,0,0,0,3,0,0.00,0.09,0.09,0.00,0.09,Matches,06462265
1068,Charlie Veevers,eng ENG,MF,Burnley,20,2005,14,5,655,7.3,1,2,3,1,0,0,4,0,0.14,0.27,0.41,0.14,0.41,Matches,7a10a57b
1069,Tommy Ventura,eng ENG,DF,Southampton,18,2006,18,17,1575,17.5,2,0,2,2,0,0,2,0,0.11,0.00,0.11,0.11,0.11,Matches,1b833e22
1070,Julien Vetro,fr FRA,MF,Burnley,21,2004,1,1,90,1.0,0,1,1,0,0,0,0,0,0.00,1.00,1.00,0.00,1.00,Matches,45f6f715
1071,André Vidigal,ao ANG,MFFW,Stoke City,26,1998,8,8,612,6.8,4,1,5,4,0,0,0,0,0.59,0.15,0.74,0.59,0.74,Matches,3f332394
1072,Harvey Vincent,eng ENG,MFFW,Leeds United,18,2007,12,12,904,10.0,3,0,3,3,0,0,0,0,0.30,0.00,0.30,0.30,0.30,Matches,6b9edb97
1073,Caden Voice,eng ENG,MFDF,Wolves,18,2006,3,2,225,2.5,0,1,1,0,0,0,0,0,0.00,0.40,0.40,0.00,0.40,Matches,61546807
1074,Mohamed Waddani,ly LBY,MF,Newcastle,17,2007,2,1,78,0.9,0,0,0,0,0,0,0,0,0.00,0.00,0.00,0.00,0.00,Matches,2f6cc2c6
1075,Shaun Wade,ie IRL,MF,Derby County,18,2006,2,2,107,1.2,0,0,0,0,0,0,0,0,0.00,0.00,0.00,0.00,0.00,Matches,b9d0a742
1076,Shaun Wade,ie IRL,FW,Chelsea,18,2006,2,0,34,0.4,0,0,0,0,0,0,0,0,0.00,0.00,0.00,0.00,0.00,Matches,b9d0a742
1077,Walker Wagar,,,Ipswich Town,,,1,0,11,0.1,0,0,0,0,0,0,0,0,0.00,0.00,0.00,0.00,0.00,Matches,7d47a979
1078,Farhaan Wahid,eng ENG,MF,Fulham,18,2006,20,17,1462,16.2,9,4,13,9,0,0,1,0,0.55,0.25,0.80,0.55,0.80,Matches,1d3c6674
1079,Jamie Wähling,de GER,MF,Derby County,18,2006,16,14,1172,13.0,3,0,3,2,1,1,6,0,0.23,0.00,0.23,0.15,0.15,Matches,dd02c281
1080,Adriel Walker,eng ENG,FWMF,Stoke City,19,2005,11,10,779,8.7,3,1,4,3,0,0,0,0,0.35,0.12,0.46,0.35,0.46,Matches,b54f0cd0
1081,Charlie Walker Smith,wls WAL,DF,Crystal Palace,17,2007,9,6,632,7.0,1,0,1,1,0,0,1,0,0.14,0.00,0.14,0.14,0.14,Matches,3c73b22d
1082,Lewis Wall,,MF,Fulham,,,1,0,2,0.0,0,0,0,0,0,0,0,0,0.00,0.00,0.00,0.00,0.00,Matches,3d09c0d9
1083,Reggie Walsh,eng ENG,MF,Chelsea,16,2008,15,14,1186,13.2,4,5,9,4,0,0,4,0,0.30,0.38,0.68,0.30,0.68,Matches,92908848
1084,Rhys Walsh,nir NIR,MFDF,Sunderland,19,2006,10,7,547,6.1,1,0,1,1,0,0,1,0,0.16,0.00,0.16,0.16,0.16,Matches,109af6be
1085,Joe Walters,eng ENG,DF,Fulham,17,2008,8,5,445,4.9,0,0,0,0,0,0,0,0,0.00,0.00,0.00,0.00,0.00,Matches,cd35090e
1086,Matthew Warhurst,eng ENG,FW,Manchester City,18,2006,13,7,747,8.3,10,2,12,10,0,1,1,0,1.20,0.24,1.45,1.20,1.45,Matches,9bfcb15a
1087,Deivid Washington,br BRA,FW,Chelsea,20,2005,5,2,204,2.3,0,0,0,0,0,0,0,0,0.00,0.00,0.00,0.00,0.00,Matches,95bd120d
1088,Marcell Washington,eng ENG,DF,Arsenal,17,2007,18,14,1293,14.4,1,1,2,1,0,0,3,0,0.07,0.07,0.14,0.07,0.14,Matches,f4195ddd
1089,Jake Waters,eng ENG,FW,Sunderland,19,2006,6,1,183,2.0,2,0,2,2,0,0,1,0,0.98,0.00,0.98,0.98,0.98,Matches,b848a7f5
1090,Logan Watts,eng ENG,DF,Newcastle,18,2007,8,6,531,5.9,0,0,0,0,0,0,1,0,0.00,0.00,0.00,0.00,0.00,Matches,91c040e6
1091,Finley Welch,eng ENG,MF,Norwich City,20,2004,5,3,320,3.6,1,1,2,1,0,0,0,0,0.28,0.28,0.56,0.28,0.56,Matches,0e5b23db
1092,Reece Welch,eng ENG,DF,Everton,21,2003,12,12,1039,11.5,1,0,1,1,0,0,3,0,0.09,0.00,0.09,0.09,0.09,Matches,a182122b
1093,Oluwatitojumi Wellspring,eng ENG,MF,Tottenham,15,2010,1,0,14,0.2,0,0,0,0,0,0,0,0,0.00,0.00,0.00,0.00,0.00,Matches,d45686b4
1094,Aidan West,,FWMF,Brighton,,,13,5,527,5.9,1,2,3,1,0,0,2,0,0.17,0.34,0.51,0.17,0.51,Matches,47a35e34
1095,Benji Wetshi,eng ENG,FW,Burnley,18,2006,1,0,22,0.2,0,0,0,0,0,0,0,0,0.00,0.00,0.00,0.00,0.00,Matches,9e889c8c
1096,Lennon Wheeldon,eng ENG,FWMF,Derby County,18,2006,8,7,610,6.8,2,0,2,2,0,0,2,0,0.30,0.00,0.30,0.30,0.30,Matches,db5373f7
1097,Alfie White,eng ENG,MFDF,Fulham,17,2007,7,4,376,4.2,1,0,1,1,0,0,0,0,0.24,0.00,0.24,0.24,0.24,Matches,35a8615a
1098,Alfie White,eng ENG,MFDF,Wolves,18,2007,10,5,512,5.7,0,1,1,0,0,0,1,0,0.00,0.18,0.18,0.00,0.18,Matches,f277873a
1099,Logan White,eng ENG,FW,Leeds United,16,2008,2,0,45,0.5,0,0,0,0,0,0,0,0,0.00,0.00,0.00,0.00,0.00,Matches,6932c421
1100,Archie Whitehall,eng ENG,MF,Nottingham,19,2006,18,18,1419,15.8,2,2,4,2,0,0,5,0,0.13,0.13,0.25,0.13,0.25,Matches,b7ceda3e
1101,Louie Whitehead`,eng ENG,MF,Leeds United,16,2008,3,2,174,1.9,0,0,0,0,0,0,0,0,0.00,0.00,0.00,0.00,0.00,Matches,d360cbf3
1102,Jack Whittaker,eng ENG,MF,Sunderland,18,2006,18,16,1412,15.7,4,0,4,4,0,0,3,0,0.25,0.00,0.25,0.25,0.25,Matches,33ea39be
1103,Rory Whittaker,sct SCO,MFDF,Southampton,17,2007,8,5,499,5.5,0,0,0,0,0,0,0,0,0.00,0.00,0.00,0.00,0.00,Matches,5a2442f4
1104,Harry Whitwell,eng ENG,MF,West Brom,19,2005,1,1,90,1.0,1,0,1,1,0,0,1,0,1.00,0.00,1.00,1.00,1.00,Matches,df554821
1105,Tyler Whyte,eng ENG,DFMF,Crystal Palace,18,2006,12,8,812,9.0,1,0,1,1,0,0,0,0,0.11,0.00,0.11,0.11,0.11,Matches,9aaf62a5
1106,Joseph Wilcock,eng ENG,DF,Burnley,17,2007,1,1,75,0.8,0,0,0,0,0,0,0,0,0.00,0.00,0.00,0.00,0.00,Matches,9468d42b
1107,Jake Wilcox,eng ENG,FW,Wolves,17,2007,1,0,19,0.2,0,0,0,0,0,0,0,0,0.00,0.00,0.00,0.00,0.00,Matches,7f1da0ec
1108,Finlay Wilkinson,eng ENG,MF,Blackburn,17,2007,1,0,5,0.1,0,0,0,0,0,0,0,0,0.00,0.00,0.00,0.00,0.00,Matches,c6d09eda
1109,Oliver Wilkinson,eng ENG,DF,Ipswich Town,16,2009,5,5,437,4.9,0,0,0,0,0,0,0,0,0.00,0.00,0.00,0.00,0.00,Matches,ffdf1656
1110,Alex Williams,wls WAL,DF,West Brom,20,2005,6,6,444,4.9,0,0,0,0,0,0,2,0,0.00,0.00,0.00,0.00,0.00,Matches,a41a876f
1111,Barnaby Williams,,MF,Southampton,,,14,11,1007,11.2,0,1,1,0,0,0,0,0,0.00,0.09,0.09,0.00,0.09,Matches,8ef8b3de
1112,Luca Williams Barnett,eng ENG,MFFW,Tottenham,16,2008,10,10,788,8.8,6,5,11,6,0,0,2,0,0.69,0.57,1.26,0.69,1.26,Matches,d2fe0b0b
1113,Ethan Williams,eng ENG,MF,Manchester Utd,19,2005,1,1,89,1.0,0,0,0,0,0,0,0,0,0.00,0.00,0.00,0.00,0.00,Matches,d8b9fc76
1114,Jay Williams,eng ENG,DF,Reading FC,18,2007,5,3,271,3.0,0,0,0,0,0,0,0,0,0.00,0.00,0.00,0.00,0.00,Matches,15e58900
1115,Jesse Williams,nl NED,DF,Burnley,19,2006,7,5,528,5.9,3,0,3,3,0,0,0,0,0.51,0.00,0.51,0.51,0.51,Matches,447c7271
1116,Rhys Williams,eng ENG,DF,Liverpool,24,2001,1,1,90,1.0,0,0,0,0,0,0,0,0,0.00,0.00,0.00,0.00,0.00,Matches,012c975a
1117,Sebastian Williams,eng ENG,MFFW,Crystal Palace,18,2007,17,12,1133,12.6,1,1,2,1,0,0,3,0,0.08,0.08,0.16,0.08,0.16,Matches,4ba209fd
1118,Tyler Williams,eng ENG,DFMF,Norwich City,18,2006,9,8,721,8.0,0,0,0,0,0,0,1,0,0.00,0.00,0.00,0.00,0.00,Matches,a322bfde
1119,Woody Williamson,sct SCO,GK,Ipswich Town,20,2005,10,10,900,10.0,0,0,0,0,0,0,0,0,0.00,0.00,0.00,0.00,0.00,Matches,66a9b1e6
1120,Zachary Willis,eng ENG,DF,Birmingham City,19,2006,7,7,615,6.8,1,1,2,1,0,0,3,1,0.15,0.15,0.29,0.15,0.29,Matches,0e5335ed
1121,Keehan Willows,eng ENG,GK,Nottingham,19,2005,4,3,271,3.0,0,0,0,0,0,0,0,0,0.00,0.00,0.00,0.00,0.00,Matches,8d1baf38
1122,Cameron Wilson,sct SCO,MF,Derby County,18,2006,16,11,835,9.3,2,2,4,1,1,1,1,0,0.22,0.22,0.43,0.11,0.32,Matches,360c97f1
1123,Charlie Wilson,eng ENG,DF,Norwich City,20,2005,12,12,1080,12.0,2,0,2,2,0,0,0,0,0.17,0.00,0.17,0.17,0.17,Matches,5eed50cc
1124,James Wilson,sct SCO,FWMF,Tottenham,18,2007,8,8,617,6.9,4,0,4,3,1,1,1,0,0.58,0.00,0.58,0.44,0.44,Matches,e9cd8e92
1125,James Wilson,,MF,Middlesbrough,,,2,0,25,0.3,0,0,0,0,0,0,0,0,0.00,0.00,0.00,0.00,0.00,Matches,709361d2
1126,Kaiden Wilson,eng ENG,DF,Chelsea,19,2005,18,14,1297,14.4,0,0,0,0,0,0,3,0,0.00,0.00,0.00,0.00,0.00,Matches,a155966e
1127,Marley Wilson,eng ENG,FW,Leeds United,19,2005,4,2,215,2.4,1,0,1,0,1,1,0,0,0.42,0.00,0.42,0.00,0.00,Matches,c3303e54
1128,Rory Wilson,sct SCO,FW,Aston Villa,19,2006,6,4,350,3.9,2,0,2,2,0,0,0,0,0.51,0.00,0.51,0.51,0.51,Matches,f6659df9
1129,Tom Wingate,eng ENG,FW,Fulham,18,2006,15,6,617,6.9,3,1,4,3,0,0,1,0,0.44,0.15,0.58,0.44,0.58,Matches,1e783e52
1130,Jack Wint,eng ENG,GK,Manchester City,18,2006,13,13,1170,13.0,0,0,0,0,0,0,0,0,0.00,0.00,0.00,0.00,0.00,Matches,5891189d
1131,Ben Wodskou,eng ENG,FW,Birmingham City,18,2006,4,2,224,2.5,0,0,0,0,0,0,1,0,0.00,0.00,0.00,0.00,0.00,Matches,bce85734
1132,Blake Wolsoncroft,,GK,Blackburn,,,2,2,180,2.0,0,0,0,0,0,0,0,0,0.00,0.00,0.00,0.00,0.00,Matches,09eecf6c
1133,Charlie Wood,eng ENG,DF,Ipswich Town,17,2008,3,0,103,1.1,0,0,0,0,0,0,0,0,0.00,0.00,0.00,0.00,0.00,Matches,379b1e4b
1134,Chris Wood,nz NZL,FW,Nottingham,33,1991,1,1,45,0.5,1,0,1,1,0,0,0,0,2.00,0.00,2.00,2.00,2.00,Matches,4e9a0555
1135,Harrison Wood,eng ENG,MFFW,Blackburn,20,2004,3,2,199,2.2,1,0,1,1,0,0,1,0,0.45,0.00,0.45,0.45,0.45,Matches,f2cac685
1136,Luke Woolston,eng ENG,MFDF,Middlesbrough,20,2004,3,3,270,3.0,0,0,0,0,0,0,0,0,0.00,0.00,0.00,0.00,0.00,Matches,d4a37d73
1137,Kacey Wooster,eng ENG,FW,Newcastle,17,2008,6,2,197,2.2,0,0,0,0,0,0,0,0,0.00,0.00,0.00,0.00,0.00,Matches,14630e83
1138,Tom Wooster,eng ENG,GK,West Ham,20,2005,9,9,810,9.0,0,0,0,0,0,0,2,0,0.00,0.00,0.00,0.00,0.00,Matches,0bc486ee
1139,Terrell Works,eng ENG,MF,Fulham,20,2004,2,2,180,2.0,0,2,2,0,0,0,1,0,0.00,1.00,1.00,0.00,1.00,Matches,fc7dfdcf
1140,James Wright,eng ENG,GK,Aston Villa,20,2004,2,2,180,2.0,0,0,0,0,0,0,0,0,0.00,0.00,0.00,0.00,0.00,Matches,9417a430
1141,Will Wright,,FW,Liverpool,,,14,9,877,9.7,4,5,9,4,0,0,3,0,0.41,0.51,0.92,0.41,0.92,Matches,bfa847c8
1142,George Wynne,,MF,Birmingham City,,,4,1,114,1.3,0,0,0,0,0,0,0,0,0.00,0.00,0.00,0.00,0.00,Matches,ce15b38c
1143,Cherif Yaya,bj BEN,MF,Nottingham,18,2006,1,0,1,0.0,0,0,0,0,0,0,0,0,0.00,0.00,0.00,0.00,0.00,Matches,505e50aa
1144,Baran Yildiz,,MF,Newcastle,18,2007,2,0,11,0.1,0,0,0,0,0,0,0,0,0.00,0.00,0.00,0.00,0.00,Matches,65c9e44b
1145,Kadan Young,eng ENG,FW,Aston Villa,19,2006,4,3,275,3.1,3,0,3,3,0,0,0,0,0.98,0.00,0.98,0.98,0.98,Matches,91c75917
1146,Louis Zečević-John,rs SRB,FW,Arsenal,17,2008,5,1,186,2.1,0,0,0,0,0,0,0,0,0.00,0.00,0.00,0.00,0.00,Matches,1859e1c0
1147,Macauley Zepa,fr FRA,MF,Fulham,17,2008,17,10,1046,11.6,1,3,4,1,0,0,0,0,0.09,0.26,0.34,0.09,0.34,Matches,f2b35283
1148,Ryan Zie,,DF,Reading FC,,,1,0,12,0.1,0,0,0,0,0,0,0,0,0.00,0.00,0.00,0.00,0.00,Matches,86d8b565